Date,Symbol,Series,Prev Close,Open,High,Low,Last,Close,VWAP,Volume,Turnover,Trades,Deliverable Volume,%Deliverble
2000-04-20,ABBALPO,EQ,76.0,57.0,57.0,57.0,57.0,57.0,57.0,15,85500000.0,,,
2000-04-24,ABBALPO,EQ,57.0,55.0,55.0,55.0,55.0,55.0,55.0,100,550000000.0,,,
2000-04-26,ABBALPO,EQ,55.0,52.05,52.05,52.0,52.0,52.0,52.0,1790,9308250000.0,,,
2000-04-27,ABBALPO,EQ,52.0,51.25,51.3,51.2,51.25,51.25,51.26,500,2563000000.0,,,
2000-04-28,ABBALPO,EQ,51.25,50.0,50.0,50.0,50.0,50.0,50.0,10,50000000.0,,,
2000-05-03,ABBALPO,EQ,50.0,53.1,53.1,53.1,53.1,53.1,53.1,67,355770000.0,,,
2000-05-04,ABBALPO,EQ,53.1,48.9,53.0,48.9,48.9,48.9,49.01,1104,5410600000.0,,,
2000-05-05,ABBALPO,EQ,48.9,47.0,50.0,45.15,45.15,45.15,47.73,456,2176500000.0,,,
2000-05-08,ABBALPO,EQ,45.15,42.55,44.75,42.0,42.0,42.0,42.52,652,2772500000.0,,,
2000-05-09,ABBALPO,EQ,42.0,39.3,42.0,39.25,42.0,42.0,40.72,215,875525000.0,,,
2000-05-10,ABBALPO,EQ,42.0,39.0,40.0,39.0,40.0,40.0,39.2,25,98000000.0,,,
2000-05-11,ABBALPO,EQ,40.0,39.1,40.1,39.0,39.0,39.0,39.51,643,2540750000.0,,,
2000-05-12,ABBALPO,EQ,39.0,39.5,39.5,39.0,39.0,39.0,39.2,593,2324850000.0,,,
2000-05-15,ABBALPO,EQ,39.0,37.0,39.0,37.0,39.0,38.75,38.68,182,704000000.0,,,
2000-05-16,ABBALPO,EQ,38.75,39.0,39.0,38.95,39.0,38.95,38.99,381,1485400000.0,,,
2000-05-17,ABBALPO,EQ,38.95,38.25,38.25,36.0,36.0,36.0,36.6,284,1039400000.0,,,
2000-05-18,ABBALPO,EQ,36.0,38.8,38.8,36.1,38.8,38.8,38.7,375,1451130000.0,,,
2000-05-19,ABBALPO,EQ,38.8,41.0,41.0,41.0,41.0,41.0,41.0,500,2050000000.0,,,
2000-05-22,ABBALPO,EQ,41.0,40.0,40.0,38.0,38.0,38.0,39.01,1343,5239125000.0,,,
2000-05-23,ABBALPO,EQ,38.0,35.15,37.8,35.05,37.25,36.0,35.5,2555,9069060000.0,,,
2000-05-24,ABBALPO,EQ,36.0,35.0,35.0,33.25,34.95,34.95,34.34,556,1909450000.0,,,
2000-05-25,ABBALPO,EQ,34.95,36.9,36.9,34.3,34.3,34.3,35.62,584,2080459999.9999998,,,
2000-05-26,ABBALPO,EQ,34.3,34.0,34.0,34.0,34.0,34.0,34.0,100,340000000.0,,,
2000-05-29,ABBALPO,EQ,34.0,32.65,32.65,32.65,32.65,32.65,32.65,200,653000000.0,,,
2000-05-30,ABBALPO,EQ,32.65,33.7,35.3,33.65,35.3,35.3,35.1,800,2807615000.0,,,
2000-05-31,ABBALPO,EQ,35.3,35.5,35.5,35.0,35.5,35.5,35.49,3383,12004750000.0,,,
2000-06-01,ABBALPO,EQ,35.5,35.5,35.5,32.75,32.75,32.75,33.14,3282,10875600000.0,,,
2000-06-02,ABBALPO,EQ,32.75,33.0,33.0,33.0,33.0,33.0,33.0,50,165000000.0,,,
2000-06-05,ABBALPO,EQ,33.0,31.25,33.95,31.25,32.95,32.95,32.56,966,3145150000.0,,,
2000-06-06,ABBALPO,EQ,32.95,33.4,33.5,32.55,33.45,33.45,33.44,4300,14378750000.0,,,
2000-06-07,ABBALPO,EQ,33.45,33.5,33.5,32.15,33.0,32.55,33.42,3500,11696500000.0,,,
2000-06-08,ABBALPO,EQ,32.55,33.4,33.4,32.05,32.05,32.05,33.2,1532,5085960000.0,,,
2000-06-09,ABBALPO,EQ,32.05,32.95,33.0,32.0,32.0,32.0,32.04,2600,8329750000.0,,,
2000-06-12,ABBALPO,EQ,32.0,30.75,32.4,30.75,32.4,32.4,30.9,1103,3408225000.0,,,
2000-06-13,ABBALPO,EQ,32.4,30.1,30.1,29.85,29.85,29.85,29.88,2955,8830675000.0,,,
2000-06-14,ABBALPO,EQ,29.85,27.55,27.55,27.5,27.5,27.5,27.5,13345,36699750000.0,,,
2000-06-15,ABBALPO,EQ,27.5,28.0,28.0,26.5,27.0,27.0,27.14,14368,39001320000.0,,,
2000-06-16,ABBALPO,EQ,27.0,28.0,29.2,28.0,29.2,29.2,28.8,8977,25855355000.0,,,
2000-06-19,ABBALPO,EQ,29.2,31.5,31.55,28.7,31.55,31.55,31.32,2493,7808945000.0,,,
2000-06-20,ABBALPO,EQ,31.55,34.05,34.1,34.05,34.1,34.1,34.09,4550,15511000000.0,,,
2000-06-21,ABBALPO,EQ,34.1,36.85,36.85,36.85,36.85,36.85,36.85,1355,4993175000.0,,,
2000-06-22,ABBALPO,EQ,36.85,39.8,39.8,36.45,39.0,39.0,39.15,33017,129253525000.0,,,
2000-06-23,ABBALPO,EQ,39.0,40.0,40.0,36.1,36.1,36.6,37.73,18028,68011340000.0,,,
2000-06-26,ABBALPO,EQ,36.6,36.95,37.8,33.8,33.8,34.65,35.41,11342,40157630000.0,,,
2000-06-27,ABBALPO,EQ,34.65,32.7,37.45,32.15,35.5,35.25,36.0,7494,26974825000.0,,,
2000-06-28,ABBALPO,EQ,35.25,36.25,37.45,35.0,36.3,36.35,36.36,5404,19650240000.0,,,
2000-06-29,ABBALPO,EQ,36.35,38.85,38.85,36.0,37.3,37.3,37.11,4229,15694915000.0,,,
2000-06-30,ABBALPO,EQ,37.3,35.3,36.9,35.3,36.6,36.6,36.28,2800,10159150000.0,,,
2000-07-03,ABBALPO,EQ,36.6,37.0,38.5,36.0,38.45,38.05,36.87,4641,17110090000.0,,,
2000-07-04,ABBALPO,EQ,38.05,39.0,39.2,35.1,35.1,35.45,37.02,12217,45225955000.0,,,
2000-07-05,ABBALPO,EQ,35.45,35.6,35.6,33.25,34.75,34.75,34.42,6567,22604770000.0,,,
2000-07-06,ABBALPO,EQ,34.75,35.0,37.4,35.0,36.45,36.45,36.6,2242,8206810000.000001,,,
2000-07-07,ABBALPO,EQ,36.45,38.45,38.45,36.5,36.5,36.95,37.26,1334,4970910000.0,,,
2000-07-10,ABBALPO,EQ,36.95,36.0,36.7,35.0,36.0,36.0,35.73,14864,53105450000.0,,,
2000-07-11,ABBALPO,EQ,36.0,36.0,36.0,34.6,35.0,35.0,34.99,6272,21948540000.0,,,
2000-07-12,ABBALPO,EQ,35.0,36.6,36.65,35.0,36.0,36.0,35.84,3226,11560600000.0,,,
2000-07-13,ABBALPO,EQ,36.0,37.8,37.8,34.25,36.0,36.0,34.65,3475,12041995000.0,,,
2000-07-14,ABBALPO,EQ,36.0,34.0,34.45,33.2,33.8,33.8,33.46,10950,36636875000.0,,,
2000-07-17,ABBALPO,EQ,33.8,33.5,33.8,32.0,32.0,32.0,32.83,639,2098090000.0000002,,,
2000-07-18,ABBALPO,EQ,32.0,33.0,33.0,29.45,31.25,29.55,29.98,19827,59444765000.0,,,
2000-07-19,ABBALPO,EQ,29.55,31.2,31.2,30.0,30.9,30.8,30.5,5018,15305320000.000002,,,
2000-07-20,ABBALPO,EQ,30.8,30.7,30.7,29.75,30.0,30.0,30.12,3800,11444250000.0,,,
2000-07-21,ABBALPO,EQ,30.0,30.75,30.75,29.35,29.4,29.45,29.58,3432,10150775000.0,,,
2000-07-24,ABBALPO,EQ,29.45,28.5,30.0,27.55,27.55,27.55,28.16,1832,5158250000.0,,,
2000-07-25,ABBALPO,EQ,27.55,26.0,29.0,25.5,28.75,28.55,27.16,2403,6527400000.0,,,
2000-07-26,ABBALPO,EQ,28.55,29.8,29.8,26.3,27.8,27.8,27.65,33226,91870130000.0,,,
2000-07-27,ABBALPO,EQ,27.8,29.5,29.5,27.2,28.0,28.0,27.88,903,2517150000.0,,,
2000-07-28,ABBALPO,EQ,28.0,28.0,29.5,28.0,29.25,29.05,28.96,1775,5141140000.0,,,
2000-07-31,ABBALPO,EQ,29.05,29.25,30.9,26.75,26.75,26.75,28.21,12170,34329755000.0,,,
2000-08-01,ABBALPO,EQ,26.75,26.25,27.0,25.55,25.55,25.9,26.18,5274,13809004999.999998,,,
2000-08-02,ABBALPO,EQ,25.9,27.0,27.0,24.45,25.0,25.0,24.92,4185,10431000000.0,,,
2000-08-03,ABBALPO,EQ,25.0,26.15,26.25,24.75,24.95,24.95,25.07,4652,11664000000.0,,,
2000-08-04,ABBALPO,EQ,24.95,25.5,25.95,24.35,25.0,25.05,25.32,1356,3433410000.0,,,
2000-08-07,ABBALPO,EQ,25.05,25.85,25.85,24.0,24.0,24.0,24.27,1051,2550300000.0,,,
2000-08-08,ABBALPO,EQ,24.0,24.75,24.75,24.0,24.0,24.0,24.05,3209,7719200000.0,,,
2000-08-09,ABBALPO,EQ,24.0,23.7,25.9,23.5,25.9,25.9,24.72,1702,4206860000.0,,,
2000-08-10,ABBALPO,EQ,25.9,25.5,25.9,24.5,25.0,25.0,25.21,1443,3638185000.0,,,
2000-08-11,ABBALPO,EQ,25.0,25.0,25.0,23.0,23.0,23.0,23.57,17754,41843550000.0,,,
2000-08-14,ABBALPO,EQ,23.0,23.1,24.45,22.2,24.45,24.0,23.39,8166,19102885000.0,,,
2000-08-16,ABBALPO,EQ,24.0,25.65,25.65,24.0,24.0,24.0,24.17,13848,33467105000.0,,,
2000-08-17,ABBALPO,EQ,24.0,25.0,25.0,23.0,23.45,23.25,23.51,19400,45603500000.0,,,
2000-08-18,ABBALPO,EQ,23.25,24.0,24.95,23.25,24.95,24.8,23.82,4575,10895775000.0,,,
2000-08-21,ABBALPO,EQ,24.8,26.05,26.05,24.25,25.15,25.15,25.65,1640,4206655000.0000005,,,
2000-08-22,ABBALPO,EQ,25.15,24.5,25.8,24.25,24.45,24.45,24.58,3162,7772860000.000001,,,
2000-08-23,ABBALPO,EQ,24.45,25.5,26.45,23.55,23.6,23.8,24.58,5548,13634210000.0,,,
2000-08-24,ABBALPO,EQ,23.8,23.5,25.0,22.6,22.95,22.95,23.11,15352,35476250000.0,,,
2000-08-25,ABBALPO,EQ,22.95,23.0,23.0,21.7,22.0,22.0,22.05,8060,17771250000.0,,,
2000-08-28,ABBALPO,EQ,22.0,22.0,22.0,20.25,20.25,20.25,20.49,15273,31300325000.0,,,
2000-08-29,ABBALPO,EQ,20.25,20.1,21.3,19.6,20.5,20.4,20.37,3856,7854955000.0,,,
2000-08-30,ABBALPO,EQ,20.4,20.1,21.85,20.1,20.5,20.5,20.56,5868,12063240000.0,,,
2000-08-31,ABBALPO,EQ,20.5,19.8,20.0,19.0,19.0,19.0,19.4,27295,52965744999.99999,,,
2000-09-04,ABBALPO,EQ,19.0,19.7,20.5,19.05,20.0,20.0,19.91,11868,23627025000.0,,,
2000-09-05,ABBALPO,EQ,20.0,20.4,20.4,18.9,19.0,19.0,19.14,14790,28313800000.0,,,
2000-09-06,ABBALPO,EQ,19.0,19.75,19.75,18.95,19.0,19.0,19.09,21061,40205350000.0,,,
2000-09-07,ABBALPO,EQ,19.0,18.2,19.5,18.2,19.5,19.4,19.01,11907,22640000000.0,,,
2000-09-08,ABBALPO,EQ,19.4,19.9,20.25,19.1,19.7,19.75,20.04,22369,44837220000.0,,,
2000-09-11,ABBALPO,EQ,19.75,19.2,23.35,19.2,22.15,22.5,21.35,33113,70694640000.0,,,
2000-09-12,ABBALPO,EQ,22.5,21.5,21.75,20.7,20.7,20.7,20.95,28578,59871825000.0,,,
2000-09-13,ABBALPO,EQ,20.7,21.0,21.0,19.05,19.45,19.2,19.68,26781,52692785000.0,,,
2000-09-14,ABBALPO,EQ,19.2,19.15,20.0,19.15,19.95,19.95,19.71,8531,16812545000.000002,,,
2000-09-15,ABBALPO,EQ,19.95,19.4,19.95,19.4,19.5,19.5,19.53,8699,16986470000.000002,,,
2000-09-18,ABBALPO,EQ,19.5,18.8,19.75,18.8,19.3,19.25,19.49,4592,8951675000.0,,,
2000-09-19,ABBALPO,EQ,19.25,19.4,19.4,17.75,18.75,18.35,18.6,21402,39813730000.0,,,
2000-09-20,ABBALPO,EQ,18.35,18.9,20.15,18.9,20.0,19.95,19.73,8400,16572000000.0,,,
2000-09-21,ABBALPO,EQ,19.95,20.0,20.0,19.0,19.45,19.45,19.26,11799,22728810000.0,,,
2000-09-22,ABBALPO,EQ,19.45,18.85,19.0,18.8,18.9,18.9,18.92,5242,9916270000.0,,,
2000-09-25,ABBALPO,EQ,18.9,18.3,18.5,18.2,18.5,18.5,18.44,3500,6454100000.0,,,
2000-09-26,ABBALPO,EQ,18.5,17.05,18.4,17.05,17.6,17.85,17.92,7775,13930165000.0,,,
2000-09-27,ABBALPO,EQ,17.85,18.05,18.45,17.5,17.5,17.7,18.09,6600,11939680000.0,,,
2000-09-28,ABBALPO,EQ,17.7,17.5,18.0,17.0,17.85,17.85,17.56,3455,6066750000.0,,,
2000-09-29,ABBALPO,EQ,17.85,17.5,17.95,17.5,17.5,17.5,17.51,635,1112150000.0,,,
2000-10-03,ABBALPO,EQ,17.5,18.0,18.0,17.25,17.65,17.65,17.48,798,1395300000.0,,,
2000-10-04,ABBALPO,EQ,17.65,17.0,17.85,17.0,17.25,17.25,17.22,3550,6114300000.0,,,
2000-10-05,ABBALPO,EQ,17.25,17.5,17.5,16.6,16.6,16.6,17.17,4637,7960170000.0,,,
2000-10-06,ABBALPO,EQ,16.6,17.65,17.9,17.65,17.9,17.9,17.83,300,534950000.0,,,
2000-10-09,ABBALPO,EQ,17.9,17.0,17.0,15.6,16.5,16.5,16.45,2926,4813150000.0,,,
2000-10-10,ABBALPO,EQ,16.5,16.05,16.5,15.8,16.0,16.0,16.07,5950,9560875000.0,,,
2000-10-11,ABBALPO,EQ,16.0,15.7,16.0,15.65,15.8,15.8,15.78,1450,2288250000.0,,,
2000-10-12,ABBALPO,EQ,15.8,16.0,18.9,16.0,18.9,18.8,17.61,6510,11465450000.0,,,
2000-10-13,ABBALPO,EQ,18.8,16.4,17.5,16.4,18.9,17.45,17.02,1866,3175910000.0,,,
2000-10-16,ABBALPO,EQ,17.45,17.9,17.9,17.0,17.0,17.25,17.27,2920,5042925000.0,,,
2000-10-17,ABBALPO,EQ,17.25,16.2,17.0,16.2,17.0,17.0,16.75,3249,5442220000.0,,,
2000-10-18,ABBALPO,EQ,17.0,16.95,17.0,16.1,16.1,16.2,16.54,3430,5674630000.0,,,
2000-10-19,ABBALPO,EQ,16.2,16.3,17.0,16.25,17.0,17.0,16.6,802,1331190000.0,,,
2000-10-20,ABBALPO,EQ,17.0,16.55,16.55,16.5,16.5,16.5,16.51,3918,6466800000.0,,,
2000-10-23,ABBALPO,EQ,16.5,16.9,17.0,16.0,17.0,17.0,16.91,3265,5522000000.0,,,
2000-10-24,ABBALPO,EQ,17.0,16.05,16.6,15.85,15.85,15.9,16.15,3000,4845950000.0,,,
2000-10-25,ABBALPO,EQ,15.9,17.0,17.0,15.6,16.35,16.35,16.38,8730,14302950000.0,,,
2000-10-26,ABBALPO,EQ,16.35,16.9,17.4,16.9,17.0,17.25,17.14,1654,2835100000.0,,,
2000-10-27,ABBALPO,EQ,17.25,16.65,18.55,16.65,18.0,18.1,17.64,4568,8060135000.000001,,,
2000-10-30,ABBALPO,EQ,18.1,17.05,17.5,17.05,17.5,17.4,17.42,745,1298020000.0,,,
2000-10-31,ABBALPO,EQ,17.4,16.8,18.0,16.8,17.05,17.1,17.21,6252,10759835000.0,,,
2000-11-01,ABBALPO,EQ,17.1,17.25,18.25,17.25,17.5,17.5,17.66,2290,4043669999.9999995,,,
2000-11-02,ABBALPO,EQ,17.5,18.25,18.25,17.6,18.0,17.95,17.93,2920,5236510000.0,,,
2000-11-03,ABBALPO,EQ,17.95,18.0,20.15,17.65,20.0,20.0,19.55,13485,26365375000.0,,,
2000-11-06,ABBALPO,EQ,20.0,21.5,21.6,21.4,21.6,21.6,21.58,38258,82566455000.0,,,
2000-11-07,ABBALPO,EQ,21.6,23.1,23.1,20.7,22.25,21.95,22.02,20974,46175895000.0,,,
2000-11-08,ABBALPO,EQ,21.95,22.0,23.75,22.0,22.95,22.25,23.35,40210,93897780000.0,,,
2000-11-09,ABBALPO,EQ,22.25,22.05,23.25,21.15,21.2,21.55,21.92,14103,30920120000.0,,,
2000-11-10,ABBALPO,EQ,21.55,21.2,21.65,20.0,20.0,20.15,20.55,9941,20425820000.0,,,
2000-11-13,ABBALPO,EQ,20.15,19.1,20.5,19.1,19.75,19.75,19.99,2550,5096575000.0,,,
2000-11-14,ABBALPO,EQ,19.75,20.0,21.8,19.35,21.65,20.5,20.92,8194,17141690000.0,,,
2000-11-15,ABBALPO,EQ,20.5,21.05,21.75,21.05,21.1,21.1,21.25,5490,11665985000.0,,,
2000-11-16,ABBALPO,EQ,21.1,21.5,22.8,21.5,22.8,22.8,22.55,7739,17454920000.0,,,
2000-11-17,ABBALPO,EQ,22.8,23.3,24.65,23.3,24.65,24.65,24.25,23302,56511180000.00001,,,
2000-11-20,ABBALPO,EQ,24.65,25.95,26.65,25.6,26.65,26.65,26.42,21549,56935300000.0,,,
2000-11-21,ABBALPO,EQ,26.65,27.0,28.8,26.5,28.8,28.8,28.21,30335,85581360000.0,,,
2000-11-22,ABBALPO,EQ,28.8,31.0,31.0,27.0,28.55,28.45,29.52,33479,98846090000.0,,,
2000-11-23,ABBALPO,EQ,28.45,28.8,29.0,26.25,27.0,27.05,27.63,10810,29864234999.999996,,,
2000-11-24,ABBALPO,EQ,27.05,26.9,27.75,26.25,26.95,26.9,26.72,8173,21840255000.0,,,
2000-11-27,ABBALPO,EQ,26.9,26.4,28.0,26.4,27.65,27.7,27.56,7710,21249200000.0,,,
2000-11-28,ABBALPO,EQ,27.7,26.7,27.15,26.15,27.0,27.0,26.88,20774,55847019999.99999,,,
2000-11-29,ABBALPO,EQ,27.0,28.0,28.5,26.8,27.8,27.3,27.29,10163,27737590000.000004,,,
2000-11-30,ABBALPO,EQ,27.3,27.6,28.1,27.25,27.9,27.5,27.71,8671,24028230000.0,,,
2000-12-01,ABBALPO,EQ,27.5,27.45,29.7,27.05,29.7,29.45,28.52,14835,42310355000.0,,,
2000-12-04,ABBALPO,EQ,29.45,31.5,31.85,31.0,31.85,31.85,31.69,17590,55734825000.0,,,
2000-12-05,ABBALPO,EQ,31.85,32.7,33.15,31.1,31.15,31.4,32.29,20890,67457950000.0,,,
2000-12-06,ABBALPO,EQ,31.4,32.1,32.1,29.15,30.8,30.7,30.9,10668,32959490000.000004,,,
2000-12-07,ABBALPO,EQ,30.7,31.0,31.7,30.5,31.15,31.0,30.97,4853,15028185000.0,,,
2000-12-08,ABBALPO,EQ,31.0,32.25,32.25,30.0,30.05,30.7,30.78,7206,22177185000.0,,,
2000-12-11,ABBALPO,EQ,30.7,31.4,31.95,30.5,31.15,31.15,31.22,7267,22686640000.0,,,
2000-12-12,ABBALPO,EQ,31.15,30.65,30.7,29.2,29.75,29.8,30.07,9851,29618605000.0,,,
2000-12-13,ABBALPO,EQ,29.8,29.15,30.4,29.15,29.85,29.75,29.71,4378,13005020000.0,,,
2000-12-14,ABBALPO,EQ,29.75,30.0,30.0,27.4,28.5,28.5,28.69,6949,19939625000.0,,,
2000-12-15,ABBALPO,EQ,28.5,28.0,28.0,26.75,27.5,27.2,27.11,6296,17069745000.000002,,,
2000-12-18,ABBALPO,EQ,27.2,25.5,26.0,25.05,25.5,25.5,25.37,13872,35187065000.0,,,
2000-12-19,ABBALPO,EQ,25.5,26.0,26.6,25.5,26.5,26.1,26.09,5976,15591890000.0,,,
2000-12-20,ABBALPO,EQ,26.1,25.5,26.5,25.5,25.8,25.8,26.22,1497,3925394999.9999995,,,
2000-12-21,ABBALPO,EQ,25.8,25.25,25.25,25.0,25.25,25.25,25.24,2933,7402650000.0,,,
2000-12-22,ABBALPO,EQ,25.25,25.3,26.2,25.25,25.5,25.45,25.65,11651,29886275000.0,,,
2000-12-26,ABBALPO,EQ,25.45,25.0,25.0,23.5,24.1,24.15,24.16,5983,14456345000.000002,,,
2000-12-27,ABBALPO,EQ,24.15,24.85,26.1,24.85,26.1,26.1,25.62,2616,6703055000.0,,,
2000-12-28,ABBALPO,EQ,26.1,25.0,27.95,24.7,25.65,25.65,25.86,12000,31037359999.999996,,,
2000-12-29,ABBALPO,EQ,25.65,25.05,26.0,25.0,26.0,26.0,25.77,2030,5230685000.0,,,
2001-01-01,ABBALPO,EQ,26.0,26.0,26.0,25.1,25.15,25.5,25.56,1250,3195510000.0,,,
2001-01-02,ABBALPO,EQ,25.5,25.95,26.0,25.4,25.5,25.7,25.79,2910,7504925000.0,,,
2001-01-03,ABBALPO,EQ,25.7,26.0,26.9,25.55,26.25,26.2,26.02,6624,17236820000.0,,,
2001-01-04,ABBALPO,EQ,26.2,26.5,28.0,26.5,27.9,27.85,27.72,15087,41819025000.0,,,
2001-01-05,ABBALPO,EQ,27.85,27.65,29.6,27.65,28.9,28.9,28.54,23681,67591030000.00001,,,
2001-01-08,ABBALPO,EQ,28.9,29.4,30.0,28.55,29.5,29.05,29.35,10842,31825434999.999996,,,
2001-01-09,ABBALPO,EQ,29.05,29.75,30.6,28.35,30.0,29.85,29.56,22901,67700615000.0,,,
2001-01-10,ABBALPO,EQ,29.85,30.0,30.3,29.0,29.0,29.0,29.43,8250,24280750000.0,,,
2001-01-11,ABBALPO,EQ,29.0,29.0,29.4,28.15,28.15,28.5,28.86,8736,25215940000.0,,,
2001-01-12,ABBALPO,EQ,28.5,28.15,28.9,27.65,28.9,28.45,28.15,20729,58352915000.0,,,
2001-01-15,ABBALPO,EQ,28.45,28.45,28.9,28.15,28.25,28.25,28.48,12015,34222259999.999996,,,
2001-01-16,ABBALPO,EQ,28.25,28.35,30.55,28.3,30.55,30.4,29.62,44387,131458855000.0,,,
2001-01-17,ABBALPO,EQ,30.4,31.45,31.8,31.0,31.8,31.25,31.28,28124,87981690000.0,,,
2001-01-18,ABBALPO,EQ,31.25,31.8,32.0,30.7,30.8,30.7,31.42,6198,19476420000.0,,,
2001-01-19,ABBALPO,EQ,30.7,30.5,30.75,30.0,30.5,30.2,30.22,13156,39756090000.0,,,
2001-01-22,ABBALPO,EQ,30.2,29.0,30.55,29.0,30.0,30.0,30.24,12453,37657550000.0,,,
2001-01-23,ABBALPO,EQ,30.0,30.2,30.2,29.0,29.5,29.7,29.82,17094,50980200000.0,,,
2001-01-24,ABBALPO,EQ,29.7,29.8,29.8,28.65,28.75,28.75,29.44,2524,7431705000.0,,,
2001-01-25,ABBALPO,EQ,28.75,28.1,29.0,27.4,28.8,28.8,28.48,4152,11822950000.0,,,
2001-01-29,ABBALPO,EQ,28.8,28.05,28.95,26.5,28.0,28.0,27.65,2769,7656989999.999999,,,
2001-01-30,ABBALPO,EQ,28.0,27.25,28.0,27.25,27.5,27.4,27.47,3718,10215175000.0,,,
2001-01-31,ABBALPO,EQ,27.4,26.55,28.0,26.55,27.5,27.5,27.65,2194,6067240000.0,,,
2001-02-01,ABBALPO,EQ,27.5,28.0,28.0,27.25,28.0,27.85,27.77,1835,5095430000.0,,,
2001-02-02,ABBALPO,EQ,27.85,27.0,27.15,26.85,27.1,27.05,27.05,7129,19285290000.0,,,
2001-02-05,ABBALPO,EQ,27.05,27.0,29.25,25.75,28.0,28.15,27.92,54545,152286235000.0,,,
2001-02-06,ABBALPO,EQ,28.15,28.0,30.35,28.0,29.5,29.35,29.66,13329,39532520000.0,,,
2001-02-07,ABBALPO,EQ,29.35,31.45,31.5,29.5,30.0,29.95,30.25,15717,47538720000.0,,,
2001-02-08,ABBALPO,EQ,29.95,30.0,32.35,30.0,32.35,32.35,31.91,32643,104175230000.0,,,
2001-02-09,ABBALPO,EQ,32.35,34.95,34.95,34.95,34.95,34.95,34.95,14631,51135345000.0,,,
2001-02-12,ABBALPO,EQ,34.95,37.75,37.75,33.25,37.75,37.75,37.58,71325,268056370000.00003,,,
2001-02-13,ABBALPO,EQ,37.75,38.9,39.45,34.75,37.6,38.05,37.0,71932,266134204999.99997,,,
2001-02-14,ABBALPO,EQ,38.05,38.95,40.1,37.0,39.2,39.1,38.92,58461,227534670000.00003,,,
2001-02-15,ABBALPO,EQ,39.1,39.5,39.9,37.55,37.6,37.65,38.5,12660,48739090000.0,,,
2001-02-16,ABBALPO,EQ,37.65,37.6,37.6,34.65,34.65,34.7,35.39,46713,165310305000.0,,,
2001-02-19,ABBALPO,EQ,34.7,34.25,37.25,34.25,36.2,36.1,36.13,38067,137534395000.0,,,
2001-02-20,ABBALPO,EQ,36.1,36.2,38.0,36.05,38.0,37.3,37.36,61166,228521004999.99997,,,
2001-02-21,ABBALPO,EQ,37.3,38.0,39.5,36.5,37.0,37.0,38.07,27005,102811485000.0,,,
2001-02-22,ABBALPO,EQ,37.0,36.25,38.0,35.0,36.7,36.45,36.58,32171,117691495000.0,,,
2001-02-23,ABBALPO,EQ,36.45,35.5,37.0,33.55,33.55,33.55,35.05,24253,85000510000.0,,,
2001-02-26,ABBALPO,EQ,33.55,33.0,35.9,33.0,35.5,35.35,34.69,15561,53981950000.0,,,
2001-02-27,ABBALPO,EQ,35.35,35.8,36.4,33.7,36.25,34.75,34.76,46614,162051210000.0,,,
2001-02-28,ABBALPO,EQ,34.75,37.55,37.55,37.55,37.55,37.55,37.55,6953,26108515000.0,,,
2001-03-01,ABBALPO,EQ,37.55,40.55,40.55,40.55,40.55,40.55,40.55,31449,127525695000.0,,,
2001-03-02,ABBALPO,EQ,40.55,43.45,43.8,39.65,42.0,41.35,42.25,114667,484483275000.0,,,
2001-03-05,ABBALPO,EQ,41.35,43.2,43.25,40.15,41.15,41.0,41.71,62048,258825090000.0,,,
2001-03-07,ABBALPO,EQ,41.0,44.2,44.2,42.25,43.75,43.6,43.09,15339,66098315000.0,,,
2001-03-08,ABBALPO,EQ,43.6,43.7,43.75,42.15,42.4,42.35,42.5,20237,86012585000.0,,,
2001-03-09,ABBALPO,EQ,42.35,41.25,41.25,39.0,39.7,39.55,39.42,25117,99022995000.0,,,
2001-03-12,ABBALPO,EQ,39.55,38.85,38.85,36.55,36.55,36.6,37.07,17922,66442219999.99999,,,
2001-03-13,ABBALPO,EQ,36.6,35.8,36.0,33.7,33.8,33.8,34.86,23178,80789980000.0,,,
2001-03-14,ABBALPO,EQ,33.8,34.6,36.5,34.1,36.5,36.5,35.9,13115,47077780000.0,,,
2001-03-15,ABBALPO,EQ,36.5,36.0,36.9,34.35,36.75,36.15,35.65,36030,128431350000.0,,,
2001-03-16,ABBALPO,EQ,36.15,37.3,37.35,34.95,34.95,34.95,36.03,5976,21530030000.0,,,
2001-03-19,ABBALPO,EQ,34.95,35.0,35.0,33.8,33.9,34.0,34.33,9265,31807650000.0,,,
2001-03-20,ABBALPO,EQ,34.0,32.95,33.3,32.5,32.6,32.7,33.02,6777,22379635000.0,,,
2001-03-21,ABBALPO,EQ,32.7,30.5,33.5,30.5,33.5,33.35,32.85,2242,7365470000.0,,,
2001-03-22,ABBALPO,EQ,33.35,35.75,35.75,32.5,33.5,33.5,35.3,12590,44440500000.0,,,
2001-03-23,ABBALPO,EQ,33.5,33.5,34.5,33.0,33.85,33.85,33.02,68729,226911800000.0,,,
2001-03-26,ABBALPO,EQ,33.85,33.9,34.0,33.0,33.0,33.35,33.9,4759,16130895000.000002,,,
2001-03-27,ABBALPO,EQ,33.35,33.0,33.85,32.5,33.05,33.1,32.84,27355,89844110000.0,,,
2001-03-28,ABBALPO,EQ,33.1,34.9,34.9,32.8,33.0,33.0,33.32,17007,56660030000.00001,,,
2001-03-29,ABBALPO,EQ,33.0,34.0,35.0,33.7,34.5,34.5,34.22,6072,20776000000.0,,,
2001-03-30,ABBALPO,EQ,34.5,34.25,34.5,33.9,34.0,34.0,34.11,4265,14546760000.0,,,
2001-04-02,ABBALPO,EQ,34.0,32.25,32.85,31.55,32.3,32.3,32.25,4349,14024900000.0,,,
2001-04-03,ABBALPO,EQ,32.3,32.15,33.85,32.1,33.85,33.65,32.89,3553,11684430000.0,,,
2001-04-04,ABBALPO,EQ,33.65,31.1,33.3,31.1,32.6,32.6,32.05,10650,34128909999.999996,,,
2001-04-06,ABBALPO,EQ,32.6,33.6,33.6,32.65,32.65,32.8,33.04,915,3023000000.0,,,
2001-04-09,ABBALPO,EQ,32.8,32.5,33.0,32.0,32.8,32.55,32.34,3751,12129300000.0,,,
2001-04-10,ABBALPO,EQ,32.55,32.25,32.35,31.0,31.5,31.4,31.53,4460,14062054999.999998,,,
2001-04-11,ABBALPO,EQ,31.4,30.5,31.6,30.5,31.0,31.0,31.14,4765,14839554999.999998,,,
2001-04-12,ABBALPO,EQ,31.0,29.15,32.25,29.15,32.0,32.0,31.76,15300,48587590000.0,,,
2001-04-16,ABBALPO,EQ,32.0,32.25,33.25,31.35,32.25,32.6,31.93,6417,20486760000.0,,,
2001-04-17,ABBALPO,EQ,32.6,32.1,32.55,32.0,32.2,32.15,32.27,8284,26732459999.999996,,,
2001-04-18,ABBALPO,EQ,32.15,32.7,34.75,32.7,34.7,34.25,34.27,35730,122464410000.00002,,,
2001-04-19,ABBALPO,EQ,34.25,36.0,37.0,33.0,35.0,34.05,34.95,21030,73508875000.0,,,
2001-04-20,ABBALPO,EQ,34.05,32.0,33.0,31.35,31.35,31.35,31.41,28952,90932010000.0,,,
2001-04-23,ABBALPO,EQ,31.35,29.15,30.95,29.15,30.0,30.15,30.23,9809,29647709999.999996,,,
2001-04-24,ABBALPO,EQ,30.15,29.9,30.6,29.15,29.85,29.6,29.98,12487,37441600000.0,,,
2001-04-25,ABBALPO,EQ,29.6,31.9,31.9,30.0,31.75,31.7,31.24,2996,9358090000.0,,,
2001-04-26,ABBALPO,EQ,31.7,33.5,33.5,30.1,30.75,31.05,31.6,9192,29050880000.0,,,
2001-04-27,ABBALPO,EQ,31.05,30.05,30.05,28.65,29.9,29.9,29.46,4032,11878020000.0,,,
2001-04-30,ABBALPO,EQ,29.9,31.45,31.45,29.3,30.75,30.15,29.95,9125,27325455000.0,,,
2001-05-02,ABBALPO,EQ,30.15,31.95,32.45,30.2,31.15,31.3,31.89,15059,48028950000.0,,,
2001-05-03,ABBALPO,EQ,31.3,32.5,32.5,31.0,31.25,31.25,31.3,3884,12157095000.0,,,
2001-05-04,ABBALPO,EQ,31.25,31.4,32.45,31.2,32.2,32.25,31.98,11764,37622930000.0,,,
2001-05-07,ABBALPO,EQ,32.25,33.0,33.0,31.5,32.7,32.7,32.25,9863,31808730000.0,,,
2001-05-08,ABBALPO,EQ,32.7,32.25,33.0,31.9,32.35,32.4,32.5,7668,24923950000.0,,,
2001-05-09,ABBALPO,EQ,32.4,32.0,32.7,31.55,32.45,32.35,32.18,2424,7799630000.0,,,
2001-05-10,ABBALPO,EQ,32.35,31.6,32.3,31.6,32.1,32.25,31.98,955,3054510000.0,,,
2001-05-11,ABBALPO,EQ,32.25,31.5,31.5,31.0,31.05,31.1,31.09,1858,5775940000.0,,,
2001-05-14,ABBALPO,EQ,31.1,29.45,31.2,29.45,30.2,30.2,30.21,707,2135555000.0,,,
2001-05-15,ABBALPO,EQ,30.2,30.0,30.9,29.5,30.0,30.05,30.02,5762,17295160000.0,,,
2001-05-16,ABBALPO,EQ,30.05,31.0,31.0,30.3,30.3,30.3,30.83,3515,10837450000.0,,,
2001-05-17,ABBALPO,EQ,30.3,31.5,32.0,30.6,31.0,31.65,31.57,4339,13700020000.000002,,,
2001-05-18,ABBALPO,EQ,31.65,30.75,31.5,30.75,31.5,31.5,31.41,4245,13333685000.0,,,
2001-05-21,ABBALPO,EQ,31.5,30.55,31.5,30.55,30.75,30.8,31.11,2244,6981900000.0,,,
2001-05-22,ABBALPO,EQ,30.8,31.0,32.5,30.6,31.4,31.45,31.66,28575,90462510000.0,,,
2001-05-23,ABBALPO,EQ,31.45,32.0,32.0,31.3,32.0,31.95,31.99,18066,57791560000.0,,,
2001-05-24,ABBALPO,EQ,31.95,32.1,32.35,31.65,31.9,31.75,32.01,7305,23383575000.0,,,
2001-05-25,ABBALPO,EQ,31.75,31.6,32.2,31.6,31.95,31.95,31.95,3200,10225090000.0,,,
2001-05-28,ABBALPO,EQ,31.95,32.4,34.55,32.4,34.5,34.55,34.05,65586,223320229999.99997,,,
2001-05-29,ABBALPO,EQ,34.55,35.8,37.35,35.7,37.35,37.35,37.28,52530,195839085000.0,,,
2001-05-30,ABBALPO,EQ,37.35,39.9,40.35,36.3,36.7,37.05,39.11,88134,344726390000.0,,,
2001-05-31,ABBALPO,EQ,37.05,36.75,39.7,36.1,39.5,39.45,38.34,37433,143516675000.0,,,
2001-06-01,ABBALPO,EQ,39.45,41.0,41.0,37.5,37.8,38.1,38.92,26123,101670480000.0,,,
2001-06-04,ABBALPO,EQ,38.1,37.5,38.0,36.25,36.4,36.5,36.8,16951,62373469999.99999,,,
2001-06-05,ABBALPO,EQ,36.5,36.0,36.9,35.15,35.35,35.5,36.12,17158,61979155000.00001,,,
2001-06-06,ABBALPO,EQ,35.5,35.65,38.35,35.65,36.0,36.35,36.64,7340,26890775000.0,,,
2001-06-07,ABBALPO,EQ,36.35,36.95,37.0,35.2,36.0,36.0,35.94,6529,23465545000.0,,,
2001-06-08,ABBALPO,EQ,36.0,36.0,37.0,36.0,37.0,36.95,36.71,6463,23724535000.0,,,
2001-06-11,ABBALPO,EQ,36.95,37.95,39.0,37.0,37.75,37.6,37.85,10147,38407780000.0,,,
2001-06-12,ABBALPO,EQ,37.6,38.0,39.5,37.25,39.35,38.95,38.56,16482,63556185000.0,,,
2001-06-13,ABBALPO,EQ,38.95,39.35,39.35,38.0,38.05,38.0,38.15,8944,34121809999.999996,,,
2001-06-14,ABBALPO,EQ,38.0,38.5,38.5,37.5,37.6,37.6,38.05,8735,33239465000.000004,,,
2001-06-15,ABBALPO,EQ,37.6,37.5,37.95,36.0,36.0,36.2,37.05,11447,42415145000.0,,,
2001-06-18,ABBALPO,EQ,36.2,34.8,36.3,33.3,36.0,35.85,34.54,10468,36157535000.0,,,
2001-06-19,ABBALPO,EQ,35.85,37.0,37.0,35.1,35.5,35.4,35.65,5615,20016240000.0,,,
2001-06-20,ABBALPO,EQ,35.4,34.15,36.25,34.1,35.25,35.25,34.93,4095,14302095000.000002,,,
2001-06-21,ABBALPO,EQ,35.25,38.0,38.0,35.6,36.6,36.5,36.12,7830,28282509999.999996,,,
2001-06-22,ABBALPO,EQ,36.5,35.0,37.0,35.0,35.95,35.95,35.8,5333,19090360000.0,,,
2001-06-25,ABBALPO,EQ,35.95,34.5,36.0,33.85,34.55,34.55,34.93,4291,14990175000.0,,,
2001-06-26,ABBALPO,EQ,34.55,34.0,35.3,33.75,35.0,34.95,34.81,7466,25986205000.0,,,
2001-06-27,ABBALPO,EQ,34.95,36.7,36.7,35.25,35.25,35.25,35.83,4308,15436154999.999998,,,
2001-06-28,ABBALPO,EQ,35.25,35.6,35.7,35.3,35.7,35.7,35.52,796,2827280000.0,,,
2001-06-29,ABBALPO,EQ,35.7,36.5,36.5,35.2,35.7,35.45,35.76,6753,24149265000.0,,,
2001-07-02,ABBALPO,EQ,20.0,35.0,35.05,32.65,33.6,32.95,34.13,11062,37750500000.0,,,
2001-07-03,ABBALPO,EQ,32.95,33.5,35.75,33.45,34.5,34.5,34.85,2216,7723270000.0,,,
2001-07-04,ABBALPO,EQ,34.5,33.55,33.55,33.0,33.0,33.0,33.28,1085,3610500000.0,,,
2001-07-05,ABBALPO,EQ,33.0,33.9,34.5,33.0,34.5,34.5,34.13,320,1092250000.0,,,
2001-07-06,ABBALPO,EQ,34.5,34.1,34.6,33.5,34.6,34.55,34.18,1404,4798970000.0,,,
2001-07-10,ABBALPO,EQ,34.55,33.9,34.0,32.0,32.95,32.95,33.47,900,3012150000.0,,,
2001-07-12,ABBALPO,EQ,32.95,32.0,33.2,31.5,31.8,31.8,31.94,713,2277000000.0,,,
2001-07-13,ABBALPO,EQ,31.8,31.5,31.5,31.1,31.1,31.1,31.49,315,992050000.0,,,
2001-07-16,ABBALPO,EQ,31.1,32.2,32.2,32.1,32.1,32.1,32.18,731,2352300000.0,,,
2001-07-17,ABBALPO,EQ,32.1,31.05,32.5,31.05,31.25,31.25,32.06,152,487380000.0,,,
2001-07-19,ABBALPO,EQ,31.25,33.7,33.7,30.9,31.0,30.95,32.06,96,307810000.0,,,
2001-07-20,ABBALPO,EQ,30.95,31.0,31.0,29.55,30.0,30.0,30.62,944,2890900000.0,,,
2001-07-24,ABBALPO,EQ,30.0,30.25,31.0,30.0,30.0,30.0,30.25,1715,5187555000.0,,,
2001-07-25,ABBALPO,EQ,30.0,29.5,29.8,28.35,28.35,28.35,29.34,2666,7821150000.0,,,
2001-07-26,ABBALPO,EQ,28.35,28.15,28.15,26.85,27.0,27.0,27.23,3014,8208050000.0,,,
2001-07-27,ABBALPO,EQ,27.0,26.1,26.5,26.0,26.5,26.5,26.32,347,913200000.0,,,
2001-07-31,ABBALPO,EQ,26.5,24.15,24.15,23.55,24.0,23.8,23.83,600,1429500000.0,,,
2001-08-01,ABBALPO,EQ,23.8,24.3,25.05,24.3,25.05,25.05,24.94,335,835425000.0,,,
2001-08-02,ABBALPO,EQ,25.05,26.5,26.5,25.7,25.7,25.7,26.21,78,204460000.0,,,
2001-08-03,ABBALPO,EQ,25.7,25.05,25.15,25.05,25.15,25.15,25.1,4,10040000.0,,,
2001-08-08,ABBALPO,EQ,25.15,27.35,28.0,27.35,28.0,28.0,27.68,40,110700000.0,,,
2001-08-09,ABBALPO,EQ,28.0,27.0,28.0,27.0,27.8,27.8,27.8,1155,3210600000.0,,,
2001-08-10,ABBALPO,EQ,27.8,28.0,28.35,28.0,28.0,28.0,28.06,1815,5092700000.0,,,
2001-08-13,ABBALPO,EQ,28.0,28.25,28.75,28.25,28.75,28.75,28.36,460,1304500000.0,,,
2001-08-14,ABBALPO,EQ,28.75,28.0,28.0,27.95,28.0,28.0,28.0,860,2407750000.0,,,
2001-08-16,ABBALPO,EQ,28.0,26.3,27.0,26.3,27.0,27.0,26.83,400,1073000000.0,,,
2001-08-20,ABBALPO,EQ,27.0,27.95,28.5,27.95,28.5,28.5,28.43,1150,3269250000.0,,,
2001-08-21,ABBALPO,EQ,28.5,30.75,30.75,30.75,30.75,30.75,30.75,52,159900000.0,,,
2001-08-23,ABBALPO,EQ,30.75,33.25,33.25,32.4,33.0,33.0,33.2,6432,21356225000.0,,,
2001-08-24,ABBALPO,EQ,33.0,32.5,32.5,31.4,31.4,31.45,31.6,1950,6161670000.0,,,
2001-08-27,ABBALPO,EQ,31.45,33.0,33.0,31.35,32.0,32.0,32.65,2801,9145085000.0,,,
2001-08-28,ABBALPO,EQ,32.0,32.0,32.0,32.0,32.0,32.0,32.0,457,1462400000.0,,,
2001-08-29,ABBALPO,EQ,32.0,33.0,33.95,33.0,33.0,33.0,33.4,1120,3740800000.0,,,
2001-08-30,ABBALPO,EQ,33.0,33.4,33.5,32.55,32.8,32.7,33.11,1110,3675569999.9999995,,,
2001-08-31,ABBALPO,EQ,32.7,32.85,32.85,32.0,32.0,32.0,32.51,1950,6338500000.0,,,
2001-09-03,ABBALPO,EQ,32.0,34.0,34.0,32.1,32.3,32.3,32.44,4753,15418279999.999998,,,
2001-09-04,ABBALPO,EQ,32.3,32.3,33.0,32.3,33.0,33.0,32.9,350,1151500000.0,,,
2001-09-05,ABBALPO,EQ,33.0,32.0,33.45,32.0,32.7,32.7,32.96,500,1648000000.0,,,
2001-09-06,ABBALPO,EQ,32.7,32.5,32.5,32.5,32.5,32.5,32.5,100,325000000.0,,,
2001-09-07,ABBALPO,EQ,32.5,32.05,32.4,31.0,31.0,31.2,31.75,1757,5578705000.0,,,
2001-09-10,ABBALPO,EQ,31.2,31.9,32.9,31.9,31.95,32.7,32.61,780,2543850000.0,,,
2001-09-11,ABBALPO,EQ,32.7,31.25,31.25,30.45,30.45,30.5,30.73,130,399500000.0,,,
2001-09-12,ABBALPO,EQ,30.5,29.1,31.0,29.1,30.0,30.0,30.15,200,603000000.0,,,
2001-09-13,ABBALPO,EQ,30.0,30.7,31.0,30.7,31.0,31.0,30.88,1100,3397000000.0,,,
2001-09-14,ABBALPO,EQ,31.0,30.0,30.0,29.0,29.0,29.0,29.7,430,1277000000.0,,,
2001-09-17,ABBALPO,EQ,29.0,27.0,27.0,27.0,27.0,27.0,27.0,1000,2700000000.0,,,
2001-09-18,ABBALPO,EQ,27.0,25.6,28.0,25.6,28.0,28.0,27.76,1635,4539240000.0,,,
2001-09-19,ABBALPO,EQ,28.0,27.55,29.0,27.55,27.9,27.9,28.8,2459,7082485000.000001,,,
2001-09-20,ABBALPO,EQ,27.9,27.0,27.0,27.0,27.0,27.0,27.0,100,270000000.0,,,
2001-09-21,ABBALPO,EQ,27.0,27.25,27.25,27.25,27.25,27.25,27.25,136,370600000.0,,,
2001-09-24,ABBALPO,EQ,27.25,28.3,29.0,28.3,29.0,29.0,28.81,3101,8933865000.0,,,
2001-09-26,ABBALPO,EQ,29.0,28.0,28.4,28.0,28.4,28.4,28.07,319,895275000.0,,,
2001-09-28,ABBALPO,EQ,28.4,28.95,29.1,28.5,28.5,28.65,28.93,1210,3500900000.0,,,
2001-10-01,ABBALPO,EQ,28.65,28.25,28.25,28.15,28.25,28.25,28.19,1350,3805250000.0,,,
2001-10-03,ABBALPO,EQ,28.25,28.0,28.0,27.8,27.8,27.8,27.9,600,1674000000.0,,,
2001-10-05,ABBALPO,EQ,27.8,28.0,28.5,28.0,28.5,28.5,28.44,114,324200000.0,,,
2001-10-08,ABBALPO,EQ,28.5,27.05,28.0,27.0,27.5,27.35,27.47,3559,9777825000.0,,,
2001-10-09,ABBALPO,EQ,27.35,28.0,28.1,27.5,27.75,27.75,27.84,395,1099785000.0,,,
2001-10-10,ABBALPO,EQ,27.75,27.6,28.3,27.6,28.3,28.3,28.21,1101,3106260000.0,,,
2001-10-11,ABBALPO,EQ,28.3,28.4,29.0,28.0,28.05,28.05,28.5,275,783750000.0,,,
2001-10-15,ABBALPO,EQ,28.05,28.2,28.7,28.2,28.7,28.7,28.46,210,597700000.0,,,
2001-10-17,ABBALPO,EQ,28.7,30.5,30.9,30.5,30.9,30.9,30.6,600,1836000000.0,,,
2001-10-18,ABBALPO,EQ,30.9,31.0,31.55,30.0,31.45,30.2,31.0,688,2133100000.0,,,
2001-10-19,ABBALPO,EQ,30.2,30.0,30.05,29.65,29.65,30.0,30.03,398,1195140000.0,,,
2001-10-22,ABBALPO,EQ,30.0,30.5,32.5,30.5,31.5,31.5,31.38,772,2422680000.0,,,
2001-10-23,ABBALPO,EQ,31.5,32.2,32.4,30.05,30.6,32.25,31.37,5333,16728229999.999998,,,
2001-10-24,ABBALPO,EQ,32.25,32.4,32.4,31.0,31.0,31.0,31.36,400,1254500000.0,,,
2001-10-25,ABBALPO,EQ,31.0,31.0,31.0,31.0,31.0,31.0,31.0,300,930000000.0,,,
2001-10-29,ABBALPO,EQ,31.0,32.75,32.75,31.75,32.3,32.3,32.59,960,3128500000.0,,,
2001-10-30,ABBALPO,EQ,32.3,34.1,35.5,31.05,35.0,35.0,34.7,689,2390885000.0,,,
2001-10-31,ABBALPO,EQ,35.0,33.8,36.45,33.8,36.45,36.45,35.94,1579,5675125000.0,,,
2001-11-01,ABBALPO,EQ,36.45,36.0,37.35,35.25,37.0,35.95,36.68,1760,6456150000.0,,,
2001-11-02,ABBALPO,EQ,35.95,36.8,37.9,36.0,36.5,36.35,36.53,2508,9161900000.0,,,
2001-11-05,ABBALPO,EQ,36.35,37.45,37.95,36.5,37.0,37.0,37.31,2668,9954690000.0,,,
2001-11-06,ABBALPO,EQ,37.0,36.6,37.3,36.0,37.0,36.95,36.65,1800,6596945000.0,,,
2001-11-07,ABBALPO,EQ,36.95,35.5,36.5,34.55,35.55,35.55,35.63,245,872825000.0,,,
2001-11-08,ABBALPO,EQ,35.55,35.0,35.8,33.0,35.8,35.75,34.53,749,2585950000.0,,,
2001-11-09,ABBALPO,EQ,35.75,36.5,36.5,35.0,36.15,36.15,36.06,6400,23079475000.0,,,
2001-11-12,ABBALPO,EQ,36.15,37.45,37.85,37.45,37.5,37.5,37.59,650,2443500000.0,,,
2001-11-13,ABBALPO,EQ,37.5,37.95,38.0,37.0,37.05,37.05,37.74,928,3502319999.9999995,,,
2001-11-14,ABBALPO,EQ,37.05,39.55,39.55,38.0,39.0,38.7,38.73,203,786185000.0,,,
2001-11-15,ABBALPO,EQ,38.7,38.45,38.5,37.05,37.1,37.1,37.82,2050,7753000000.0,,,
2001-11-19,ABBALPO,EQ,37.1,39.0,39.25,38.0,38.85,38.85,38.98,4852,18912210000.0,,,
2001-11-20,ABBALPO,EQ,38.85,37.75,40.2,37.75,39.0,39.0,39.52,3183,12578700000.0,,,
2001-11-21,ABBALPO,EQ,39.0,39.8,39.8,39.0,39.0,39.05,39.23,1439,5644480000.0,,,
2001-11-22,ABBALPO,EQ,39.05,39.8,39.9,37.4,37.4,38.0,38.88,4832,18787910000.0,,,
2001-11-23,ABBALPO,EQ,38.0,36.25,37.0,36.15,37.0,36.45,36.52,741,2706465000.0,,,
2001-11-26,ABBALPO,EQ,36.45,37.0,38.5,37.0,38.45,38.45,38.03,5098,19385870000.0,,,
2001-11-27,ABBALPO,EQ,38.45,39.15,40.0,38.0,39.4,39.05,38.64,1157,4470775000.0,,,
2001-11-28,ABBALPO,EQ,39.05,37.5,38.4,37.25,37.25,37.25,37.6,805,3026725000.0,,,
2001-11-29,ABBALPO,EQ,37.25,36.5,37.1,36.2,37.1,37.1,36.48,518,1889759999.9999998,,,
2001-12-03,ABBALPO,EQ,37.1,37.0,39.8,37.0,39.65,39.65,39.01,1915,7469770000.0,,,
2001-12-04,ABBALPO,EQ,39.65,40.0,43.1,40.0,43.1,43.1,42.64,13874,59154980000.00001,,,
2001-12-05,ABBALPO,EQ,43.1,45.0,46.55,44.35,46.55,46.55,45.63,16422,74927170000.0,,,
2001-12-06,ABBALPO,EQ,46.55,50.0,50.0,43.0,43.0,43.05,44.82,6887,30869890000.000004,,,
2001-12-07,ABBALPO,EQ,43.05,43.95,43.95,42.15,42.4,42.7,42.84,3487,14939954999.999998,,,
2001-12-10,ABBALPO,EQ,42.7,46.0,46.45,44.05,46.4,46.3,45.9,6671,30619550000.0,,,
2001-12-11,ABBALPO,EQ,46.3,45.5,47.0,44.1,44.2,44.15,46.08,4080,18799880000.0,,,
2001-12-12,ABBALPO,EQ,44.15,44.25,45.0,43.6,43.6,43.6,44.01,3924,17271245000.0,,,
2001-12-13,ABBALPO,EQ,43.6,41.7,43.9,40.95,41.45,41.45,41.64,2182,9086160000.0,,,
2001-12-14,ABBALPO,EQ,41.45,41.0,41.0,39.0,39.6,39.55,40.19,1752,7040950000.0,,,
2001-12-18,ABBALPO,EQ,39.55,39.6,41.0,39.0,40.0,40.0,39.98,3330,13312600000.0,,,
2001-12-19,ABBALPO,EQ,40.0,39.05,40.0,38.0,38.0,38.25,39.05,1930,7536800000.0,,,
2001-12-20,ABBALPO,EQ,38.25,38.0,38.9,36.5,37.0,37.0,37.94,1850,7019500000.0,,,
2001-12-21,ABBALPO,EQ,37.0,36.2,38.0,36.2,36.55,36.55,36.68,1533,5623615000.0,,,
2001-12-24,ABBALPO,EQ,36.55,35.2,37.25,35.2,37.2,37.2,36.18,254,918900000.0,,,
2001-12-26,ABBALPO,EQ,37.2,36.5,37.0,36.0,36.25,36.25,36.76,869,3194600000.0,,,
2001-12-27,ABBALPO,EQ,36.25,36.3,36.3,35.9,35.9,35.9,36.15,1700,6146000000.0,,,
2001-12-28,ABBALPO,EQ,35.9,35.3,37.0,35.25,36.5,35.4,35.55,3277,11649550000.0,,,
2001-12-31,ABBALPO,EQ,35.4,36.75,38.0,36.0,38.0,37.85,36.73,6766,24850945000.0,,,
2002-01-01,ABBALPO,EQ,37.85,39.0,40.0,37.2,38.0,37.95,38.33,6920,26527700000.0,,4925.0,0.7117
2002-01-02,ABBALPO,EQ,37.95,38.0,38.45,37.0,37.0,37.15,37.6,3390,12745550000.0,,2590.0,0.7640000000000001
2002-01-03,ABBALPO,EQ,37.15,37.0,39.25,37.0,38.5,38.6,38.62,14638,56526025000.0,,9890.0,0.6756000000000001
2002-01-04,ABBALPO,EQ,38.6,40.75,40.75,37.8,37.8,38.0,38.23,5675,21696010000.0,,5085.0,0.8959999999999999
2002-01-07,ABBALPO,EQ,38.0,37.7,37.85,36.0,36.5,36.8,37.16,4544,16884495000.000002,,3715.0,0.8176000000000001
2002-01-08,ABBALPO,EQ,36.8,36.0,37.1,34.5,35.2,35.45,34.69,161260,559488440000.0,,133534.0,0.8281000000000001
2002-01-09,ABBALPO,EQ,35.45,35.5,35.5,34.1,35.05,35.2,35.12,19897,69875770000.0,,19162.0,0.9631000000000001
2002-01-10,ABBALPO,EQ,35.2,35.5,36.0,34.5,35.0,34.95,35.0,9262,32415065000.000004,,8162.0,0.8812000000000001
2002-01-11,ABBALPO,EQ,34.95,34.5,34.85,33.6,33.6,33.9,34.18,9118,31169665000.000004,,9018.0,0.9890000000000001
2002-01-14,ABBALPO,EQ,33.9,34.3,35.0,33.7,34.0,34.05,34.37,27694,95190610000.0,,25022.0,0.9035
2002-01-15,ABBALPO,EQ,34.05,34.95,34.95,31.5,32.25,32.35,32.56,35880,116814705000.0,,25267.0,0.7042
2002-01-16,ABBALPO,EQ,32.35,33.0,36.5,33.0,35.0,35.35,34.74,24898,86489175000.0,,16692.0,0.6704000000000001
2002-01-17,ABBALPO,EQ,35.35,35.1,35.5,34.95,35.0,35.0,35.27,8594,30314409999.999996,,6174.0,0.7184
2002-01-18,ABBALPO,EQ,35.0,35.2,35.5,34.25,34.7,34.65,34.91,21156,73854620000.0,,20092.0,0.9497
2002-01-21,ABBALPO,EQ,34.65,35.0,35.0,34.4,35.0,35.0,34.95,16932,59180580000.00001,,14096.0,0.8325
2002-01-22,ABBALPO,EQ,35.0,35.0,36.8,34.6,34.85,34.9,35.04,17512,61354955000.00001,,12135.0,0.693
2002-01-23,ABBALPO,EQ,34.9,35.0,35.0,34.4,34.4,34.8,34.83,7006,24402830000.0,,5066.0,0.7231000000000001
2002-01-24,ABBALPO,EQ,34.8,39.65,39.65,34.6,34.65,34.7,34.94,13624,47601450000.0,,11455.0,0.8408
2002-01-25,ABBALPO,EQ,34.7,35.15,35.15,34.45,35.0,34.95,34.68,3348,11611020000.0,,3208.0,0.9581999999999999
2002-01-28,ABBALPO,EQ,34.95,35.5,37.45,34.75,34.9,34.95,35.05,11624,40746435000.0,,8482.0,0.7297
2002-01-29,ABBALPO,EQ,34.95,35.0,35.5,34.6,35.5,35.15,35.06,11438,40106285000.0,,11138.0,0.9738
2002-01-30,ABBALPO,EQ,35.15,35.5,37.25,35.2,35.55,35.8,35.61,6359,22641365000.0,,4150.0,0.6526000000000001
2002-01-31,ABBALPO,EQ,35.8,43.0,43.0,32.25,33.8,33.65,33.93,10426,35380050000.0,,8930.0,0.8565
2002-02-01,ABBALPO,EQ,33.65,40.0,40.0,32.0,32.7,32.95,32.89,18513,60889640000.0,,14147.0,0.7642
2002-02-04,ABBALPO,EQ,32.95,32.3,33.0,31.65,31.65,31.75,32.01,20105,64357980000.00001,,17817.0,0.8862000000000001
2002-02-05,ABBALPO,EQ,31.75,34.0,34.0,32.0,32.25,32.25,32.57,5230,17035200000.0,,4530.0,0.8662000000000001
2002-02-06,ABBALPO,EQ,32.25,33.0,34.85,32.35,34.0,33.55,33.41,31385,104853055000.0,,20099.0,0.6404000000000001
2002-02-07,ABBALPO,EQ,33.55,34.0,34.5,32.3,32.55,32.75,33.35,8283,27620115000.000004,,4384.0,0.5293
2002-02-08,ABBALPO,EQ,32.75,32.85,33.65,32.0,33.2,33.25,33.04,6074,20067470000.0,,4200.0,0.6915000000000001
2002-02-11,ABBALPO,EQ,33.25,33.25,37.35,33.0,37.0,36.95,35.64,52244,186217805000.0,,39236.0,0.751
2002-02-12,ABBALPO,EQ,36.95,37.0,38.85,36.0,36.8,36.25,37.33,27017,100861890000.0,,24043.0,0.8898999999999999
2002-02-13,ABBALPO,EQ,36.25,37.85,37.85,35.7,36.45,36.25,36.31,16098,58458344999.99999,,15498.0,0.9627
2002-02-14,ABBALPO,EQ,36.25,37.05,42.0,36.1,37.45,37.2,38.62,148093,571969475000.0,,97219.0,0.6565000000000001
2002-02-15,ABBALPO,EQ,37.2,44.0,44.0,38.1,38.5,38.55,38.95,59805,232966279999.99997,,43370.0,0.7252
2002-02-18,ABBALPO,EQ,38.55,46.0,46.0,37.6,37.75,37.8,38.34,34391,131850595000.0,,24367.0,0.7084999999999999
2002-02-19,ABBALPO,EQ,37.8,45.0,45.0,35.5,35.6,36.05,36.6,34517,126341980000.0,,25049.0,0.7256999999999999
2002-02-20,ABBALPO,EQ,36.05,40.0,42.0,34.75,35.3,35.2,35.57,32815,116718220000.0,,,
2002-02-21,ABBALPO,EQ,35.2,42.0,42.0,34.1,34.75,34.75,35.47,46352,164408480000.0,,37254.0,0.8037000000000001
2002-02-22,ABBALPO,EQ,34.75,41.0,41.0,35.0,37.05,37.25,36.41,40775,148469685000.0,,29425.0,0.7216
2002-02-25,ABBALPO,EQ,37.25,42.0,42.0,36.1,37.5,37.4,37.6,51728,194516050000.0,,33948.0,0.6563
2002-02-26,ABBALPO,EQ,37.4,43.0,43.0,37.05,37.75,37.7,37.64,28714,108070750000.0,,18814.0,0.6552
2002-02-27,ABBALPO,EQ,37.7,38.0,38.0,36.15,37.75,37.55,37.12,44197,164044110000.0,,28914.0,0.6542
2002-02-28,ABBALPO,EQ,37.55,37.6,39.1,34.25,34.25,34.75,36.96,65306,241388945000.00003,,39040.0,0.5978
2002-03-01,ABBALPO,EQ,34.75,35.5,36.2,34.75,35.95,35.6,35.55,55434,197089185000.0,,50119.0,0.9041
2002-03-04,ABBALPO,EQ,35.6,37.0,37.0,35.55,36.2,35.9,36.19,34957,126515339999.99998,,28178.0,0.8061
2002-03-05,ABBALPO,EQ,35.9,35.3,35.95,35.15,35.7,35.7,35.64,15625,55688605000.00001,,13671.0,0.8749
2002-03-06,ABBALPO,EQ,35.7,35.05,35.85,35.0,35.0,35.2,35.1,18253,64066219999.99999,,15696.0,0.8599
2002-03-07,ABBALPO,EQ,35.2,34.0,35.8,34.0,35.8,35.3,35.24,7502,26439080000.0,,7002.0,0.9334
2002-03-08,ABBALPO,EQ,35.3,35.0,35.5,34.75,35.0,34.95,35.04,12190,42709635000.0,,7735.0,0.6345000000000001
2002-03-11,ABBALPO,EQ,34.95,34.85,34.95,34.05,34.55,34.45,34.4,3772,12975750000.0,,,
2002-03-12,ABBALPO,EQ,34.45,34.9,35.2,34.0,35.0,34.75,34.52,10063,34738650000.0,,10549.0,0.7625000000000001
2002-03-13,ABBALPO,EQ,34.75,35.0,35.5,34.45,34.6,34.9,34.94,11120,38854725000.0,,8875.0,0.7981
2002-03-14,ABBALPO,EQ,34.9,36.0,36.0,34.7,35.0,34.95,34.97,11730,41021595000.0,,8724.0,0.7437
2002-03-15,ABBALPO,EQ,34.95,36.9,36.9,35.0,35.5,35.55,35.46,7906,28037625000.0,,6332.0,0.8009000000000001
2002-03-18,ABBALPO,EQ,35.55,35.7,35.9,34.5,34.85,34.75,35.26,14701,51832415000.0,,13156.0,0.8948999999999999
2002-03-19,ABBALPO,EQ,34.75,35.0,35.0,34.05,34.1,34.1,34.34,14129,48525145000.0,,12545.0,0.8879000000000001
2002-03-20,ABBALPO,EQ,34.1,34.95,34.95,33.5,34.2,34.1,34.33,7426,25490780000.0,,5107.0,0.6877
2002-03-21,ABBALPO,EQ,34.1,35.0,35.0,33.5,33.6,33.95,34.2,6594,22553725000.0,,5410.0,0.8204000000000001
2002-03-22,ABBALPO,EQ,33.95,33.2,34.35,33.2,33.4,33.75,33.7,6762,22790875000.0,,6012.0,0.8891
2002-03-26,ABBALPO,EQ,33.75,33.05,34.35,32.85,32.85,33.0,33.25,8246,27413900000.0,,7478.0,0.9069
2002-03-27,ABBALPO,EQ,33.0,33.5,34.6,33.5,34.4,34.05,33.9,6689,22673930000.0,,5931.0,0.8867
2002-03-28,ABBALPO,EQ,34.05,34.5,35.0,33.5,33.5,33.9,34.35,9088,31213975000.0,,8095.0,0.8906999999999999
2002-04-01,ABBALPO,EQ,33.9,34.4,34.5,33.5,33.5,33.7,34.23,11549,39531750000.0,,9966.0,0.8629000000000001
2002-04-02,ABBALPO,EQ,33.7,33.7,33.8,32.5,33.0,32.7,33.07,20383,67410035000.0,,18488.0,0.907
2002-04-03,ABBALPO,EQ,32.7,32.5,33.0,31.75,32.25,32.45,32.39,15949,51651550000.0,,11934.0,0.7483
2002-04-04,ABBALPO,EQ,32.45,32.05,33.0,32.0,32.45,32.4,32.33,27058,87467495000.0,,23773.0,0.8786
2002-04-05,ABBALPO,EQ,32.4,32.5,32.7,31.85,32.0,32.05,32.16,35021,112628760000.00002,,31770.0,0.9072
2002-04-08,ABBALPO,EQ,32.05,32.8,33.0,31.85,32.0,32.0,32.11,35495,113978700000.0,,34350.0,0.9677
2002-04-09,ABBALPO,EQ,32.0,33.0,37.9,32.05,37.3,37.2,35.03,205440,719585165000.0,,114353.0,0.5566
2002-04-10,ABBALPO,EQ,37.2,38.7,43.75,38.7,42.25,42.25,41.91,439920,1843488085000.0002,,254677.0,0.5789
2002-04-11,ABBALPO,EQ,42.25,38.0,44.0,38.0,42.5,42.75,43.24,191358,827379610000.0,,135523.0,0.7081999999999999
2002-04-12,ABBALPO,EQ,42.75,51.0,51.0,41.25,45.0,45.05,45.56,505010,2300682345000.0,,227951.0,0.4514
2002-04-15,ABBALPO,EQ,45.05,45.0,45.0,42.0,42.2,42.2,43.41,86774,376695385000.0,,64278.0,0.7408
2002-04-16,ABBALPO,EQ,42.2,41.05,42.5,39.55,41.25,41.2,41.37,72469,299837755000.0,,,
2002-04-17,ABBALPO,EQ,41.2,42.4,43.7,41.5,41.5,41.65,42.73,67259,287379440000.0,,33120.0,0.4924
2002-04-18,ABBALPO,EQ,41.65,41.4,42.25,40.1,40.25,40.3,40.83,25358,103541290000.0,,20495.0,0.8081999999999999
2002-04-19,ABBALPO,EQ,40.3,40.9,40.9,39.1,39.5,39.45,40.1,45516,182536380000.0,,30805.0,0.6768000000000001
2002-04-22,ABBALPO,EQ,39.45,40.0,40.7,38.95,39.75,39.9,39.86,17646,70335690000.0,,15826.0,0.8969
2002-04-23,ABBALPO,EQ,39.9,40.8,40.9,38.5,38.8,38.9,39.41,19289,76015575000.0,,15224.0,0.7893000000000001
2002-04-24,ABBALPO,EQ,38.9,38.55,41.8,38.45,41.8,41.45,40.63,28650,116412075000.0,,,
2002-04-25,ABBALPO,EQ,41.45,42.4,43.4,39.6,39.6,39.9,41.3,98876,408326875000.0,,79530.0,0.6236
2002-04-26,ABBALPO,EQ,39.9,40.5,41.4,39.5,40.35,39.75,40.71,53096,216157910000.0,,45943.0,0.8653000000000001
2002-04-29,ABBALPO,EQ,39.75,40.9,41.3,39.05,39.1,39.35,39.92,13769,54959669999.99999,,12367.0,0.8982
2002-04-30,ABBALPO,EQ,39.35,39.5,40.4,38.9,39.0,39.0,39.24,21792,85512975000.0,,,
2002-05-02,ABBALPO,EQ,39.0,39.3,40.5,38.8,38.85,38.85,39.45,28826,113708514999.99998,,22512.0,0.7809999999999999
2002-05-03,ABBALPO,EQ,38.85,39.0,39.8,38.05,38.55,38.2,38.65,26147,101068860000.0,,22494.0,0.8603000000000001
2002-05-06,ABBALPO,EQ,38.2,38.5,39.05,37.85,38.05,38.2,38.33,96140,368517265000.0,,84911.0,0.8832
2002-05-07,ABBALPO,EQ,38.2,38.75,38.8,37.5,38.0,37.9,38.07,81327,309574510000.0,,67466.0,0.8296
2002-05-08,ABBALPO,EQ,37.9,40.0,40.0,37.1,37.55,37.25,37.7,76899,289914920000.0,,65359.0,0.8499
2002-05-09,ABBALPO,EQ,37.25,38.5,38.5,36.75,36.75,36.9,37.41,62223,232767979999.99997,,56223.0,0.9036
2002-05-10,ABBALPO,EQ,36.9,37.0,37.65,36.55,36.8,36.8,36.97,24790,91651545000.0,,20850.0,0.8411
2002-05-13,ABBALPO,EQ,36.8,37.35,37.9,36.25,36.65,36.4,36.94,64147,236949570000.00003,,50357.0,0.785
2002-05-14,ABBALPO,EQ,36.4,37.35,41.25,36.6,40.15,40.0,39.26,200493,787140015000.0,,108772.0,0.5425
2002-05-15,ABBALPO,EQ,40.0,43.7,43.7,37.2,37.6,37.5,38.92,90996,354187875000.0,,59645.0,0.6555
2002-05-16,ABBALPO,EQ,37.5,38.8,38.8,36.65,37.0,36.95,37.23,48672,181199300000.0,,32081.0,0.6591
2002-05-17,ABBALPO,EQ,36.95,36.1,37.25,36.1,36.65,36.5,36.55,22964,83922590000.0,,18168.0,0.7912
2002-05-20,ABBALPO,EQ,36.5,36.5,36.5,34.05,35.2,35.0,35.33,22795,80539130000.0,,14680.0,0.644
2002-05-21,ABBALPO,EQ,35.0,32.0,34.6,32.0,33.65,33.35,33.27,37080,123382230000.0,,27200.0,0.7334999999999999
2002-05-22,ABBALPO,EQ,33.35,31.05,35.0,31.05,34.15,33.8,34.03,14503,49349990000.0,,11564.0,0.7974
2002-05-23,ABBALPO,EQ,33.8,34.0,34.15,33.5,33.9,33.7,33.82,9423,31868350000.0,,7863.0,0.8344
2002-05-24,ABBALPO,EQ,33.7,34.5,36.9,34.5,36.9,35.55,35.29,55617,196262890000.0,,37571.0,0.6755
2002-05-27,ABBALPO,EQ,35.55,40.0,40.0,35.85,37.55,37.15,37.57,99918,375366485000.0,,44194.0,0.44229999999999997
2002-05-28,ABBALPO,EQ,37.15,37.45,37.45,35.1,35.35,35.55,35.98,36444,131115995000.0,,22114.0,0.6068
2002-05-29,ABBALPO,EQ,35.55,36.0,36.75,34.3,36.25,36.3,35.3,57103,201590890000.0,,,
2002-05-30,ABBALPO,EQ,36.3,36.75,36.95,34.55,34.55,34.75,35.74,34138,122013145000.0,,,
2002-05-31,ABBALPO,EQ,34.75,35.1,35.5,34.25,35.5,35.1,34.85,11332,39486815000.0,,,
2002-06-03,ABBALPO,EQ,35.1,36.75,36.75,34.0,34.7,34.6,34.8,50706,176439265000.0,,34167.0,0.6738
2002-06-04,ABBALPO,EQ,34.6,35.0,35.5,34.6,34.6,34.95,34.98,32778,114653005000.0,,25178.0,0.7681
2002-06-05,ABBALPO,EQ,34.95,34.75,38.8,34.3,37.1,37.0,36.88,121242,447122959999.99994,,56814.0,0.4686
2002-06-06,ABBALPO,EQ,37.0,44.4,44.4,37.1,38.3,38.4,38.21,78582,300263585000.0,,49639.0,0.6317
2002-06-07,ABBALPO,EQ,38.4,39.0,39.9,36.0,36.0,36.55,37.06,38987,144500265000.0,,26482.0,0.6793000000000001
2002-06-10,ABBALPO,EQ,36.55,37.0,43.9,36.6,37.3,37.0,37.01,24566,90916760000.0,,15884.0,0.6466
2002-06-11,ABBALPO,EQ,37.0,42.85,42.85,37.6,38.5,38.3,38.2,50882,194380360000.0,,35092.0,0.6897
2002-06-12,ABBALPO,EQ,38.3,38.5,40.95,38.0,38.1,38.35,39.18,85457,334836505000.0,,54922.0,0.6426999999999999
2002-06-13,ABBALPO,EQ,38.35,39.4,39.4,38.05,38.25,38.15,38.31,23923,91659930000.0,,19140.0,0.8001
2002-06-14,ABBALPO,EQ,38.15,38.2,43.25,37.9,42.4,42.45,41.21,293422,1209161635000.0,,183764.0,0.6263000000000001
2002-06-17,ABBALPO,EQ,42.45,44.5,45.25,41.7,43.5,43.4,43.75,341649,1494702875000.0,,176979.0,0.518
2002-06-18,ABBALPO,EQ,43.4,44.8,45.0,41.35,41.95,41.9,42.9,101715,436345859999.99994,,81871.0,0.8049
2002-06-19,ABBALPO,EQ,41.9,42.0,42.0,40.6,41.2,40.95,41.11,63438,260807885000.0,,42708.0,0.6731999999999999
2002-06-20,ABBALPO,EQ,40.95,41.5,42.5,41.15,42.05,42.05,42.05,73243,307960325000.0,,59758.0,0.8159000000000001
2002-06-21,ABBALPO,EQ,42.05,42.0,44.0,42.0,43.8,43.2,43.11,103473,446083265000.00006,,70541.0,0.6817000000000001
2002-06-24,ABBALPO,EQ,43.2,44.0,47.5,43.05,47.2,47.05,45.74,294925,1349054975000.0,,181904.0,0.6168
2002-06-25,ABBALPO,EQ,47.05,47.6,49.5,45.35,45.85,45.95,47.34,323606,1531830025000.0,,149734.0,0.46270000000000006
2002-06-26,ABBALPO,EQ,45.95,46.5,46.5,43.5,43.6,43.7,45.16,80159,362023695000.0,,55695.0,0.6948000000000001
2002-06-27,ABBALPO,EQ,43.7,44.3,46.25,43.8,45.0,45.1,44.9,107907,484544684999.99994,,51194.0,0.4744
2002-06-28,ABBALPO,EQ,45.1,39.0,47.5,39.0,46.25,46.3,46.16,153747,709727940000.0,,72650.0,0.47250000000000003
2002-07-01,ABBALPO,EQ,46.3,50.0,55.6,48.4,55.6,55.6,53.34,558368,2978156135000.0,,381621.0,0.6835
2002-07-02,ABBALPO,EQ,55.6,62.0,62.0,57.5,58.0,57.85,59.02,664431,3921330310000.0,,302667.0,0.45549999999999996
2002-07-03,ABBALPO,EQ,57.85,69.0,69.0,55.6,57.0,56.7,57.06,224624,1281812765000.0,,99961.0,0.445
2002-07-04,ABBALPO,EQ,56.7,68.05,68.05,57.0,62.2,61.55,61.71,492292,3037716030000.0,,191208.0,0.3884
2002-07-05,ABBALPO,EQ,61.55,63.0,70.35,62.0,68.5,69.35,66.85,615034,4111630085000.0,,260186.0,0.423
2002-07-08,ABBALPO,EQ,69.35,69.0,70.0,65.5,66.0,66.1,66.89,214726,1436254785000.0,,123085.0,0.5732
2002-07-09,ABBALPO,EQ,66.1,66.75,67.95,62.0,62.3,62.55,64.97,131332,853305985000.0,,64032.0,0.4876
2002-07-10,ABBALPO,EQ,62.55,61.0,64.5,60.05,62.0,62.15,62.35,112897,703871590000.0,,62710.0,0.5555
2002-07-11,ABBALPO,EQ,62.15,61.0,65.85,60.6,64.65,64.4,63.29,224162,1418814105000.0,,128548.0,0.5735
2002-07-12,ABBALPO,EQ,64.4,66.9,68.4,62.0,67.15,67.2,66.89,271918,1818777435000.0002,,156941.0,0.5772
2002-07-15,ABBALPO,EQ,67.2,68.4,68.45,63.85,64.35,64.6,65.22,138983,906506919999.9999,,94633.0,0.6809000000000001
2002-07-16,ABBALPO,EQ,64.6,60.0,63.75,60.0,61.75,61.9,61.95,118125,731823510000.0,,67580.0,0.5721
2002-07-17,ABBALPO,EQ,61.9,72.0,72.0,57.6,58.0,58.05,59.14,105026,621101535000.0,,59515.0,0.5667
2002-07-18,ABBALPO,EQ,58.05,59.4,60.45,58.1,58.7,58.6,58.8,118001,693858865000.0,,82561.0,0.6997
2002-07-19,ABBALPO,EQ,58.6,70.35,70.35,57.25,60.8,60.8,60.48,108259,654771850000.0,,39994.0,0.3694
2002-07-22,ABBALPO,EQ,60.8,59.45,64.2,58.55,59.5,60.3,61.32,156714,961010930000.0001,,73529.0,0.4692
2002-07-23,ABBALPO,EQ,60.3,55.0,59.0,53.15,54.9,55.05,55.89,199813,1116752615000.0,,109818.0,0.5496
2002-07-24,ABBALPO,EQ,55.05,65.0,65.0,54.5,54.5,54.9,55.64,78377,436098645000.0,,42902.0,0.5474
2002-07-25,ABBALPO,EQ,54.9,59.0,59.0,53.55,53.6,54.0,55.22,68820,380002485000.0,,44455.0,0.6459999999999999
2002-07-26,ABBALPO,EQ,54.0,54.0,54.0,49.55,50.0,50.1,50.21,108544,544969380000.0,,73702.0,0.679
2002-07-29,ABBALPO,EQ,50.1,50.0,50.5,47.1,48.9,49.05,48.2,62943,303387590000.0,,38711.0,0.615
2002-07-30,ABBALPO,EQ,49.05,54.0,54.0,48.0,48.1,48.35,50.05,52248,261494660000.0,,32007.0,0.6126
2002-07-31,ABBALPO,EQ,48.35,48.0,51.2,46.5,50.6,50.1,48.77,92162,449430855000.0,,75673.0,0.8211
2002-08-01,ABBALPO,EQ,50.1,51.5,52.25,49.5,50.5,50.05,50.73,39057,198151025000.0,,20041.0,0.5131
2002-08-02,ABBALPO,EQ,50.05,49.5,52.25,48.65,51.5,51.05,50.85,36059,183357125000.0,,22111.0,0.6132
2002-08-05,ABBALPO,EQ,51.05,51.8,52.45,51.0,51.0,51.25,51.72,41684,215577275000.0,,28858.0,0.6923
2002-08-06,ABBALPO,EQ,51.25,51.6,53.45,51.0,53.45,52.85,52.23,40600,212043725000.0,,25831.0,0.6362
2002-08-07,ABBALPO,EQ,52.85,53.6,53.8,52.55,53.05,52.7,53.06,51613,273846415000.0,,34219.0,0.663
2002-08-08,ABBALPO,EQ,52.7,53.0,53.0,49.3,49.3,49.5,50.35,45111,227152054999.99997,,38671.0,0.8572
2002-08-09,ABBALPO,EQ,49.5,49.3,51.7,49.0,51.4,51.4,50.74,22299,113135985000.00002,,14348.0,0.6434000000000001
2002-08-12,ABBALPO,EQ,51.4,51.9,52.5,51.05,52.3,52.35,52.02,26313,136868995000.0,,22212.0,0.8441
2002-08-13,ABBALPO,EQ,52.35,52.9,54.0,52.6,53.3,53.2,53.39,33802,180462360000.0,,20899.0,0.6183
2002-08-14,ABBALPO,EQ,53.2,54.0,54.0,52.95,54.0,53.7,53.48,25323,135433360000.00002,,14553.0,0.5747
2002-08-16,ABBALPO,EQ,53.7,56.0,57.8,53.0,55.0,55.0,55.96,71040,397559375000.0,,28920.0,0.4071
2002-08-19,ABBALPO,EQ,55.0,55.1,56.4,52.5,53.0,53.0,54.52,27133,147937320000.0,,15172.0,0.5592
2002-08-20,ABBALPO,EQ,53.0,53.6,53.6,52.3,53.0,53.05,53.12,26062,138440765000.0,,20959.0,0.8042
2002-08-21,ABBALPO,EQ,53.05,54.55,55.45,53.95,55.0,55.1,54.9,31514,173026005000.0,,22158.0,0.7031000000000001
2002-08-22,ABBALPO,EQ,55.1,54.5,55.0,53.0,53.6,53.5,53.7,17005,91322710000.0,,13629.0,0.8015000000000001
2002-08-23,ABBALPO,EQ,53.5,52.25,54.0,52.25,53.75,53.4,53.38,6190,33040275000.0,,3177.0,0.5132
2002-08-26,ABBALPO,EQ,53.4,53.5,54.65,53.2,53.55,53.9,53.91,10632,57315530000.00001,,8969.0,0.8436
2002-08-27,ABBALPO,EQ,53.9,54.1,54.15,53.5,53.5,53.8,53.92,28493,153638780000.0,,21796.0,0.765
2002-08-28,ABBALPO,EQ,53.8,53.5,53.7,52.75,53.7,53.5,53.19,14283,75977455000.0,,11858.0,0.8301999999999999
2002-08-29,ABBALPO,EQ,53.5,52.55,53.75,52.55,53.5,53.5,53.36,12792,68256150000.0,,11412.0,0.8921
2002-08-30,ABBALPO,EQ,53.5,53.1,54.0,53.1,53.5,53.55,53.63,7061,37865165000.0,,6011.0,0.8513
2002-09-02,ABBALPO,EQ,53.55,54.0,54.0,53.0,53.5,53.2,53.71,19837,106551180000.0,,14550.0,0.7334999999999999
2002-09-03,ABBALPO,EQ,53.2,53.5,53.95,51.25,52.15,51.9,52.39,20344,106581214999.99998,,19064.0,0.9370999999999999
2002-09-04,ABBALPO,EQ,51.9,51.25,52.45,51.0,51.05,51.1,51.52,31791,163794395000.0,,19365.0,0.6091
2002-09-05,ABBALPO,EQ,51.1,52.0,52.0,50.35,51.6,51.05,51.03,5215,26612595000.0,,3007.0,0.5766
2002-09-06,ABBALPO,EQ,51.05,52.25,52.5,49.6,50.1,49.95,50.72,20526,104116330000.0,,13739.0,0.6693000000000001
2002-09-09,ABBALPO,EQ,49.95,49.5,49.7,49.3,49.5,49.5,49.43,10383,51318500000.0,,9983.0,0.9615000000000001
2002-09-11,ABBALPO,EQ,49.5,50.0,50.8,49.75,50.8,50.65,50.13,7103,35605575000.0,,5803.0,0.8170000000000001
2002-09-12,ABBALPO,EQ,50.65,49.75,51.0,49.75,50.35,50.45,50.24,12535,62975500000.0,,9293.0,0.7414000000000001
2002-09-13,ABBALPO,EQ,50.45,50.1,50.45,49.8,50.0,50.0,50.0,16776,83885830000.0,,15361.0,0.9157
2002-09-16,ABBALPO,EQ,50.0,49.95,50.25,49.0,49.05,49.2,49.74,20520,102062805000.0,,18968.0,0.9244
2002-09-17,ABBALPO,EQ,49.2,49.25,50.25,48.0,48.1,48.15,48.51,10685,51830240000.0,,7802.0,0.7302
2002-09-18,ABBALPO,EQ,48.15,48.0,49.1,48.0,48.25,48.5,48.47,3510,17011635000.0,,2561.0,0.7295999999999999
2002-09-19,ABBALPO,EQ,48.5,46.25,49.45,46.25,47.25,47.55,47.73,11276,53822169999.99999,,9603.0,0.8516
2002-09-20,ABBALPO,EQ,47.55,39.45,49.0,39.45,46.8,47.05,46.65,12494,58278619999.99999,,8661.0,0.6931999999999999
2002-09-23,ABBALPO,EQ,47.05,46.5,46.7,45.5,45.7,45.75,45.91,5223,23976950000.0,,3770.0,0.7218000000000001
2002-09-24,ABBALPO,EQ,45.75,45.75,45.75,44.8,45.0,45.0,45.13,6723,30342540000.000004,,6132.0,0.9120999999999999
2002-09-25,ABBALPO,EQ,45.0,44.5,44.85,44.25,44.4,44.45,44.46,4766,21187990000.0,,4506.0,0.9454000000000001
2002-09-26,ABBALPO,EQ,44.45,44.2,45.25,44.1,44.8,44.95,44.93,3882,17442325000.0,,3546.0,0.9134000000000001
2002-09-27,ABBALPO,EQ,44.95,51.0,51.0,40.1,44.55,44.65,43.24,10560,45661545000.0,,,
2002-09-30,ABBALPO,EQ,44.65,53.6,53.6,43.5,43.5,44.15,44.22,9510,42054200000.0,,13458.0,0.6706000000000001
2002-10-01,ABBALPO,EQ,44.15,45.0,45.95,42.0,44.55,43.5,43.28,10992,47568425000.0,,6717.0,0.6111
2002-10-03,ABBALPO,EQ,43.5,43.45,45.0,43.45,43.7,43.7,43.82,5314,23286250000.0,,4480.0,0.8431000000000001
2002-10-04,ABBALPO,EQ,43.7,43.7,44.5,43.7,44.5,44.45,43.98,4995,21966795000.0,,4704.0,0.9417
2002-10-07,ABBALPO,EQ,44.45,44.0,44.9,43.4,44.25,44.55,44.28,7079,31345065000.000004,,5313.0,0.7505
2002-10-08,ABBALPO,EQ,44.55,44.25,45.9,44.0,45.9,45.7,45.03,11291,50843075000.0,,10340.0,0.9158
2002-10-09,ABBALPO,EQ,45.7,47.0,47.0,45.0,45.2,45.2,45.4,4924,22354315000.0,,3974.0,0.8070999999999999
2002-10-10,ABBALPO,EQ,45.2,46.0,46.0,43.5,43.8,44.15,44.78,27054,121138605000.0,,23254.0,0.8595
2002-10-11,ABBALPO,EQ,44.15,45.0,45.35,43.55,45.25,43.8,44.81,38317,171686160000.0,,37500.0,0.9787
2002-10-14,ABBALPO,EQ,43.8,45.3,45.3,43.6,44.65,44.7,44.28,8758,38781080000.0,,8470.0,0.9671
2002-10-16,ABBALPO,EQ,44.7,44.75,46.0,43.65,44.4,44.1,44.97,34746,156262635000.0,,32777.0,0.9433
2002-10-17,ABBALPO,EQ,44.1,44.25,45.0,43.85,44.5,44.5,44.47,4001,17793470000.0,,3781.0,0.9450000000000001
2002-10-18,ABBALPO,EQ,44.5,45.95,45.95,44.2,44.4,44.4,44.77,4548,20359395000.0,,4149.0,0.9123000000000001
2002-10-21,ABBALPO,EQ,44.4,45.0,45.8,44.65,45.0,44.95,45.04,7918,35659200000.0,,7044.0,0.8896
2002-10-22,ABBALPO,EQ,44.95,44.6,45.5,40.25,41.5,41.7,42.16,94917,400128390000.0,,52282.0,0.5508
2002-10-23,ABBALPO,EQ,41.7,40.6,41.9,38.35,40.3,40.35,39.83,140329,558974095000.0,,84190.0,0.5999
2002-10-24,ABBALPO,EQ,40.35,39.0,41.5,38.05,38.75,39.15,39.66,93796,371997115000.0,,30784.0,0.3282
2002-10-25,ABBALPO,EQ,39.15,39.15,39.75,38.1,39.25,39.1,39.02,13195,51487590000.0,,5234.0,0.39670000000000005
2002-10-28,ABBALPO,EQ,39.1,39.25,39.3,37.0,37.0,37.1,37.68,18455,69537955000.0,,13854.0,0.7506999999999999
2002-10-29,ABBALPO,EQ,37.1,37.45,38.0,36.2,37.85,37.95,37.59,17084,64215410000.0,,12220.0,0.7153
2002-10-30,ABBALPO,EQ,37.95,38.9,38.9,36.2,36.2,36.65,37.28,19464,72559450000.0,,17406.0,0.8943000000000001
2002-10-31,ABBALPO,EQ,36.65,40.0,40.0,34.05,35.5,34.8,34.93,168445,588335650000.0,,66130.0,0.3926
2002-11-01,ABBALPO,EQ,34.8,35.95,39.95,35.25,38.9,38.8,38.17,56844,216960525000.0,,,
2002-11-04,ABBALPO,EQ,38.8,39.2,40.0,38.75,39.3,39.1,39.33,21605,84977770000.0,,44212.0,0.5636
2002-11-05,ABBALPO,EQ,39.1,39.0,39.2,38.15,38.65,38.35,38.92,108726,423189790000.00006,,100729.0,0.9264
2002-11-07,ABBALPO,EQ,38.35,38.9,39.8,38.5,39.1,39.0,39.02,5285,20621270000.0,,4157.0,0.7866
2002-11-08,ABBALPO,EQ,39.0,38.75,42.7,38.75,41.65,41.5,41.59,61642,256354354999.99997,,35085.0,0.5692
2002-11-11,ABBALPO,EQ,41.5,42.3,42.3,40.1,40.1,40.45,40.91,14341,58664455000.00001,,11323.0,0.7896
2002-11-12,ABBALPO,EQ,40.45,40.7,41.0,40.35,40.5,40.9,40.67,13106,53304660000.0,,9944.0,0.7587
2002-11-13,ABBALPO,EQ,40.9,41.0,41.95,40.85,41.0,41.2,41.48,37091,153869220000.0,,35003.0,0.9437000000000001
2002-11-14,ABBALPO,EQ,41.2,41.7,41.7,40.7,40.85,40.95,41.01,3994,16379229999.999998,,2959.0,0.7409
2002-11-15,ABBALPO,EQ,40.95,41.5,41.5,40.5,40.75,40.85,40.95,10652,43618250000.0,,8797.0,0.8259000000000001
2002-11-18,ABBALPO,EQ,40.85,41.5,42.0,41.25,41.75,41.65,41.65,6161,25661385000.0,,3837.0,0.6228
2002-11-20,ABBALPO,EQ,41.65,41.15,43.0,41.1,42.7,42.6,42.62,26130,111354750000.0,,18354.0,0.7023999999999999
2002-11-21,ABBALPO,EQ,42.6,43.5,43.5,42.5,42.5,42.6,43.0,16085,69165050000.0,,9889.0,0.6148
2002-11-22,ABBALPO,EQ,42.6,42.8,43.5,42.8,43.05,43.25,43.17,15441,66662335000.0,,12391.0,0.8025
2002-11-25,ABBALPO,EQ,43.25,43.8,44.0,41.5,43.0,42.2,42.88,31686,135864189999.99998,,24085.0,0.7601000000000001
2002-11-26,ABBALPO,EQ,42.2,43.25,43.4,41.9,42.0,42.25,42.27,33480,141504725000.0,,27429.0,0.8193000000000001
2002-11-27,ABBALPO,EQ,42.25,42.45,42.9,41.1,41.5,41.45,42.0,24161,101475900000.0,,16545.0,0.6848000000000001
2002-11-28,ABBALPO,EQ,41.45,41.75,43.2,41.65,42.8,42.95,42.52,13335,56703280000.00001,,9416.0,0.7061000000000001
2002-11-29,ABBALPO,EQ,42.95,43.15,44.0,42.85,43.05,43.2,43.28,31561,136609630000.0,,23087.0,0.7315
2002-12-02,ABBALPO,EQ,43.2,44.1,45.25,44.0,44.85,44.6,44.6,47248,210724690000.0,,32659.0,0.6912
2002-12-03,ABBALPO,EQ,44.6,44.0,45.4,42.5,43.05,42.7,43.77,28639,125354145000.0,,21947.0,0.7663
2002-12-04,ABBALPO,EQ,42.7,41.6,43.0,41.4,42.5,42.6,42.46,12744,54105960000.0,,10474.0,0.8219
2002-12-05,ABBALPO,EQ,42.6,43.0,43.8,43.0,43.05,43.25,43.29,21900,94799570000.0,,16711.0,0.7631
2002-12-06,ABBALPO,EQ,43.25,42.85,46.45,42.85,44.1,44.55,44.64,39775,177543560000.0,,25853.0,0.65
2002-12-09,ABBALPO,EQ,44.55,44.5,45.6,43.5,44.05,43.65,44.18,24064,106306570000.0,,18775.0,0.7802
2002-12-10,ABBALPO,EQ,43.65,42.95,44.2,42.85,42.95,43.0,43.3,18970,82131680000.0,,14858.0,0.7831999999999999
2002-12-11,ABBALPO,EQ,43.0,44.0,44.0,42.3,42.95,43.05,42.86,9668,41441605000.0,,7592.0,0.7853
2002-12-12,ABBALPO,EQ,43.05,42.55,43.5,42.5,42.6,42.95,42.8,7809,33423734999.999996,,5455.0,0.6986
2002-12-13,ABBALPO,EQ,42.95,42.6,43.6,42.4,42.75,42.8,42.84,9105,39008255000.0,,7536.0,0.8277
2002-12-16,ABBALPO,EQ,42.8,42.5,42.9,42.05,42.05,42.2,42.43,10953,46475710000.0,,9055.0,0.8267
2002-12-17,ABBALPO,EQ,42.2,41.8,42.15,41.7,41.9,41.9,41.79,6152,25710885000.0,,6102.0,0.9919
2002-12-18,ABBALPO,EQ,41.9,41.9,42.8,41.7,42.0,42.2,42.32,10914,46190330000.0,,7139.0,0.6541
2002-12-19,ABBALPO,EQ,42.2,42.25,48.4,42.0,46.75,46.85,46.51,173054,804804900000.0,,131939.0,0.7624
2002-12-20,ABBALPO,EQ,46.85,47.4,50.7,47.4,47.9,48.2,49.47,139049,687807640000.0,,88797.0,0.6386000000000001
2002-12-23,ABBALPO,EQ,48.2,48.8,48.9,45.2,46.0,45.85,46.71,39247,183307415000.0,,27313.0,0.6959000000000001
2002-12-24,ABBALPO,EQ,45.85,45.8,47.3,45.7,46.7,46.5,46.62,12073,56278330000.00001,,7977.0,0.6607
2002-12-26,ABBALPO,EQ,46.5,47.8,47.8,46.4,46.45,46.5,46.89,10170,47687150000.0,,8990.0,0.8840000000000001
2002-12-27,ABBALPO,EQ,46.5,47.4,47.7,46.15,47.25,47.15,47.05,38428,180793425000.0,,34329.0,0.8933
2002-12-30,ABBALPO,EQ,47.15,46.5,49.5,46.35,49.5,48.25,47.63,33704,160532255000.0,,26995.0,0.8009000000000001
2002-12-31,ABBALPO,EQ,48.25,48.95,52.2,48.95,50.8,50.35,50.7,152653,773982275000.0,,88554.0,0.5801
2003-01-01,ABBALPO,EQ,50.35,51.9,51.9,49.15,49.55,49.8,49.96,21834,109075175000.0,,16275.0,0.7454000000000001
2003-01-02,ABBALPO,EQ,49.8,51.3,51.95,47.9,48.1,48.15,48.8,39136,190997040000.0,,32217.0,0.8231999999999999
2003-01-03,ABBALPO,EQ,48.15,48.15,48.8,47.55,47.75,47.9,48.23,11231,54168640000.0,,10105.0,0.8997
2003-01-06,ABBALPO,EQ,47.9,48.1,48.5,47.0,48.0,47.35,47.66,11577,55180110000.0,,8893.0,0.7682
2003-01-07,ABBALPO,EQ,47.35,47.5,49.2,47.5,49.0,48.9,48.5,13204,64034640000.0,,11196.0,0.8479000000000001
2003-01-08,ABBALPO,EQ,48.9,49.75,51.8,49.5,50.55,50.5,50.87,63918,325127850000.0,,29380.0,0.4597
2003-01-09,ABBALPO,EQ,50.5,51.0,51.7,50.5,50.5,51.1,51.12,28991,148207385000.0,,21768.0,0.7509
2003-01-10,ABBALPO,EQ,51.1,51.3,51.3,49.1,50.4,50.2,50.08,36319,181903335000.0,,26035.0,0.7168000000000001
2003-01-13,ABBALPO,EQ,50.2,49.25,50.25,49.0,49.05,49.5,49.74,7323,36427035000.0,,5222.0,0.7131000000000001
2003-01-14,ABBALPO,EQ,49.5,50.0,50.0,48.5,48.6,48.75,49.12,10272,50455990000.0,,8356.0,0.8135
2003-01-15,ABBALPO,EQ,48.75,48.4,52.5,48.4,51.45,51.45,51.61,65282,336900115000.0,,39552.0,0.6059
2003-01-16,ABBALPO,EQ,51.45,52.4,52.9,51.0,51.5,51.15,51.81,29330,151946355000.0,,20922.0,0.7133
2003-01-17,ABBALPO,EQ,51.15,51.5,51.8,50.25,51.45,51.5,51.13,25396,129853530000.0,,13848.0,0.5453
2003-01-20,ABBALPO,EQ,51.5,51.5,51.8,50.35,50.6,50.7,50.74,15189,77071320000.0,,12250.0,0.8065000000000001
2003-01-21,ABBALPO,EQ,50.7,50.1,51.0,49.7,49.85,49.8,50.66,23901,121094125000.0,,22339.0,0.9346
2003-01-22,ABBALPO,EQ,49.8,50.0,50.0,49.0,49.8,49.55,49.44,19112,94494510000.0,,16597.0,0.8684000000000001
2003-01-23,ABBALPO,EQ,49.55,50.0,51.5,49.1,51.2,50.95,50.69,30533,154778805000.0,,24050.0,0.7877
2003-01-24,ABBALPO,EQ,50.95,51.3,54.5,51.25,53.8,53.65,53.19,75040,399113215000.0,,49595.0,0.6609
2003-01-27,ABBALPO,EQ,53.65,53.2,54.25,50.6,51.1,50.85,52.49,27462,144137520000.0,,20446.0,0.7445
2003-01-28,ABBALPO,EQ,50.85,51.3,52.95,51.1,51.1,51.85,51.72,13556,70105005000.0,,10530.0,0.7768
2003-01-29,ABBALPO,EQ,51.85,52.0,52.3,51.15,51.15,51.3,51.54,9795,50482455000.0,,8068.0,0.8237000000000001
2003-01-30,ABBALPO,EQ,51.3,51.25,53.2,48.1,50.6,50.45,51.68,22930,118494814999.99998,,11118.0,0.48490000000000005
2003-01-31,ABBALPO,EQ,50.45,51.0,52.4,49.5,52.0,51.8,50.93,28634,145828050000.0,,22408.0,0.7826000000000001
2003-02-03,ABBALPO,EQ,51.8,51.15,52.5,51.0,51.0,51.25,51.5,7752,39926580000.0,,6428.0,0.8292
2003-02-04,ABBALPO,EQ,51.25,51.75,52.5,50.55,51.2,51.25,51.73,17826,92206665000.0,,11289.0,0.6333
2003-02-05,ABBALPO,EQ,51.25,50.75,57.2,50.75,54.05,54.4,55.28,107740,595581545000.0,,57778.0,0.5363
2003-02-06,ABBALPO,EQ,54.4,55.5,56.75,55.15,56.0,56.0,56.04,78332,438987695000.0,,46930.0,0.5991
2003-02-07,ABBALPO,EQ,56.0,56.0,59.05,55.1,58.25,57.9,57.45,96439,554014015000.0,,41352.0,0.4288
2003-02-10,ABBALPO,EQ,57.9,58.8,58.8,56.0,56.0,56.4,57.71,99645,575018995000.0,,52950.0,0.5314
2003-02-11,ABBALPO,EQ,56.4,58.1,58.1,56.1,56.75,56.4,57.04,52611,300109670000.0,,32904.0,0.6254
2003-02-12,ABBALPO,EQ,56.4,56.95,61.75,55.95,61.0,60.55,59.33,146574,869689325000.0,,82970.0,0.5661
2003-02-14,ABBALPO,EQ,60.55,60.1,61.8,56.7,56.7,57.05,58.71,53812,315906090000.0,,32301.0,0.6003000000000001
2003-02-17,ABBALPO,EQ,57.05,58.9,60.7,58.8,60.5,60.15,59.73,46723,279058815000.0,,24929.0,0.5335
2003-02-18,ABBALPO,EQ,60.15,61.8,64.7,61.0,63.95,63.5,63.13,242635,1531854570000.0,,107989.0,0.4451
2003-02-19,ABBALPO,EQ,63.5,64.5,66.5,64.5,64.75,64.85,65.41,124726,815863540000.0,,54091.0,0.4337
2003-02-20,ABBALPO,EQ,64.85,65.85,68.95,64.55,65.5,64.95,66.56,126428,841468694999.9999,,52139.0,0.41240000000000004
2003-02-21,ABBALPO,EQ,64.95,65.5,66.0,62.25,63.75,63.4,63.87,51946,331763905000.0,,27816.0,0.5355
2003-02-24,ABBALPO,EQ,63.4,64.0,66.7,63.85,65.4,65.15,65.44,106906,699589950000.0,,67062.0,0.6273
2003-02-25,ABBALPO,EQ,65.15,64.5,64.95,62.1,62.2,62.4,63.01,58752,370194175000.0,,42013.0,0.7151000000000001
2003-02-26,ABBALPO,EQ,62.4,63.0,63.0,60.1,62.2,61.9,61.52,66962,411974195000.0,,35299.0,0.5271
2003-02-27,ABBALPO,EQ,61.9,62.55,65.2,62.55,64.2,63.95,64.15,97346,624491610000.0,,55073.0,0.5657
2003-02-28,ABBALPO,EQ,63.95,64.2,66.4,58.7,60.0,59.75,63.23,148169,936856910000.0,,61074.0,0.4122
2003-03-03,ABBALPO,EQ,59.75,60.25,60.9,56.0,60.05,60.05,59.48,118559,705174700000.0,,83933.0,0.7079000000000001
2003-03-04,ABBALPO,EQ,60.05,58.75,59.5,57.5,59.05,58.7,58.35,52025,303583865000.0,,29951.0,0.5757
2003-03-05,ABBALPO,EQ,58.7,58.2,58.35,56.1,58.0,57.75,57.05,35123,200371555000.0,,24247.0,0.6903
2003-03-06,ABBALPO,EQ,57.75,57.55,58.5,57.1,57.5,57.85,57.9,19465,112695925000.0,,11161.0,0.5734
2003-03-07,ABBALPO,EQ,57.85,56.75,58.0,54.55,58.0,57.3,56.45,29395,165920185000.0,,17235.0,0.5863
2003-03-10,ABBALPO,EQ,57.3,56.65,58.0,52.1,52.1,53.75,55.1,17948,98889065000.0,,12341.0,0.6876000000000001
2003-03-11,ABBALPO,EQ,53.75,54.7,54.75,52.55,54.0,54.05,53.56,18249,97737410000.0,,11740.0,0.6433
2003-03-12,ABBALPO,EQ,54.05,55.4,55.4,52.3,52.3,52.9,54.16,20933,113362925000.0,,15878.0,0.7585
2003-03-13,ABBALPO,EQ,52.9,52.6,52.65,47.8,48.3,48.35,49.47,79297,392310920000.0,,66542.0,0.8391
2003-03-17,ABBALPO,EQ,48.35,46.0,48.55,46.0,48.55,47.9,47.31,16330,77263830000.0,,9012.0,0.5519
2003-03-19,ABBALPO,EQ,47.9,49.1,49.8,48.75,49.7,49.5,49.27,19850,97799920000.0,,15363.0,0.774
2003-03-20,ABBALPO,EQ,49.5,49.5,54.0,48.5,52.25,52.45,52.05,42555,221484595000.00003,,18392.0,0.4322
2003-03-21,ABBALPO,EQ,52.45,53.45,53.65,51.6,51.65,51.95,52.33,33303,174289705000.0,,22636.0,0.6797
2003-03-22,ABBALPO,EQ,51.95,52.35,52.9,51.5,51.5,52.3,52.36,9977,52234780000.0,,9428.0,0.9450000000000001
2003-03-24,ABBALPO,EQ,52.3,51.3,52.45,50.1,50.3,50.3,51.29,14042,72021520000.0,,11005.0,0.7837000000000001
2003-03-25,ABBALPO,EQ,50.3,49.55,50.75,49.1,49.55,49.8,49.88,9514,47454805000.0,,7935.0,0.8340000000000001
2003-03-26,ABBALPO,EQ,49.8,49.9,50.9,48.1,48.1,48.55,49.71,43588,216671000000.0,,37233.0,0.8542000000000001
2003-03-27,ABBALPO,EQ,48.55,49.2,49.7,48.8,49.05,49.0,49.2,6461,31790645000.0,,5286.0,0.8181
2003-03-28,ABBALPO,EQ,49.0,49.5,49.5,47.25,48.0,48.1,48.09,15953,76725940000.0,,14213.0,0.8909
2003-03-31,ABBALPO,EQ,48.1,47.25,48.1,45.5,45.75,45.75,46.59,15240,70995635000.0,,12721.0,0.8347
2003-04-01,ABBALPO,EQ,45.75,46.2,47.35,46.2,47.0,46.85,46.78,12216,57152060000.0,,9075.0,0.7429000000000001
2003-04-02,ABBALPO,EQ,46.85,47.1,50.3,47.1,49.6,50.05,49.16,13130,64553465000.0,,8629.0,0.6572
2003-04-03,ABBALPO,EQ,50.05,50.5,52.7,50.5,52.3,52.1,51.98,25954,134905870000.0,,16443.0,0.6335000000000001
2003-04-04,ABBALPO,EQ,52.1,52.7,53.85,51.55,53.8,53.6,53.22,23705,126163914999.99998,,14633.0,0.6173
2003-04-07,ABBALPO,EQ,53.6,53.8,56.0,53.8,55.5,55.6,55.01,25991,142966050000.0,,19467.0,0.7490000000000001
2003-04-08,ABBALPO,EQ,55.6,54.75,56.8,53.7,56.55,56.1,55.25,21548,119047155000.0,,15865.0,0.7363
2003-04-09,ABBALPO,EQ,56.1,55.4,56.4,55.25,56.0,56.05,55.95,16830,94171890000.0,,13207.0,0.7847
2003-04-10,ABBALPO,EQ,56.05,56.0,59.0,54.25,59.0,57.7,56.89,35918,204324665000.0,,30723.0,0.8554
2003-04-11,ABBALPO,EQ,57.7,58.0,59.35,55.8,56.6,56.15,57.72,41188,237732690000.0,,23177.0,0.5627000000000001
2003-04-15,ABBALPO,EQ,56.15,56.3,58.5,55.6,58.0,58.0,57.26,17092,97861595000.0,,13611.0,0.7963
2003-04-16,ABBALPO,EQ,58.0,57.5,58.5,57.3,57.5,57.65,57.87,9669,55953065000.0,,8521.0,0.8813
2003-04-17,ABBALPO,EQ,57.65,56.4,57.25,56.0,57.1,57.1,56.66,11887,67354710000.0,,8955.0,0.7533
2003-04-21,ABBALPO,EQ,57.1,57.1,58.0,55.6,55.8,56.05,57.19,15776,90218885000.0,,13379.0,0.8481000000000001
2003-04-22,ABBALPO,EQ,56.05,56.0,58.0,55.15,58.0,57.85,57.39,34389,197367955000.0,,28560.0,0.8305
2003-04-23,ABBALPO,EQ,57.85,58.25,58.5,57.05,58.0,57.7,57.91,23092,133731200000.0,,18329.0,0.7937000000000001
2003-04-24,ABBALPO,EQ,57.7,57.5,58.0,56.5,57.5,57.45,57.43,19592,112520939999.99998,,16342.0,0.8341
2003-04-25,ABBALPO,EQ,57.45,55.4,57.5,55.0,57.0,57.0,56.93,19966,113664975000.0,,16693.0,0.8361000000000001
2003-04-28,ABBALPO,EQ,57.0,57.0,57.45,56.3,57.0,56.9,56.87,22046,125373745000.0,,18779.0,0.8518000000000001
2003-04-29,ABBALPO,EQ,56.9,57.0,57.0,56.3,56.35,56.8,56.9,31936,181719505000.0,,30785.0,0.9640000000000001
2003-04-30,ABBALPO,EQ,56.8,57.35,57.5,56.2,56.35,56.35,56.56,11254,63655040000.0,,8893.0,0.7902
2003-05-02,ABBALPO,EQ,56.35,56.25,57.45,55.95,56.0,56.05,56.62,17014,96334085000.0,,12520.0,0.7359
2003-05-05,ABBALPO,EQ,56.05,56.05,63.4,56.05,63.0,62.05,60.65,150246,911238075000.0,,115310.0,0.7675000000000001
2003-05-06,ABBALPO,EQ,62.05,64.7,65.7,63.5,65.05,64.95,64.92,164986,1071070769999.9999,,126002.0,0.7637
2003-05-07,ABBALPO,EQ,64.95,65.85,65.85,62.5,63.0,63.3,63.39,42863,271704300000.0,,27575.0,0.6433
2003-05-08,ABBALPO,EQ,63.3,63.0,63.25,60.55,63.0,62.45,61.99,27122,168119910000.0,,18034.0,0.6648999999999999
2003-05-09,ABBALPO,EQ,62.45,60.25,62.5,60.25,62.35,62.15,62.02,33837,209870585000.0,,31554.0,0.9325
2003-05-12,ABBALPO,EQ,62.15,63.55,64.9,63.5,64.5,64.5,64.35,27915,179642965000.0,,21275.0,0.7621
2003-05-13,ABBALPO,EQ,64.5,65.35,69.75,65.35,68.55,68.9,67.87,137893,935863530000.0001,,85511.0,0.6201
2003-05-14,ABBALPO,EQ,68.9,70.8,73.25,69.55,69.55,70.3,71.29,122320,872058394999.9999,,80724.0,0.6598999999999999
2003-05-15,ABBALPO,EQ,70.3,70.0,73.85,70.0,72.5,72.6,72.19,123751,893388865000.0,,77723.0,0.6281
2003-05-16,ABBALPO,EQ,72.6,74.0,77.6,73.4,76.5,75.9,75.97,120360,914339005000.0001,,67425.0,0.5602
2003-05-19,APIL,EQ,75.9,76.7,78.0,73.55,76.0,75.5,75.29,45360,341494575000.0,,36495.0,0.8046
2003-05-20,APIL,EQ,75.5,76.0,79.5,76.0,77.5,78.2,78.45,58404,458178595000.0,,41907.0,0.7175
2003-05-21,APIL,EQ,78.2,79.7,80.4,78.0,80.0,79.75,79.63,55110,438846365000.00006,,44662.0,0.8104000000000001
2003-05-22,APIL,EQ,79.75,81.4,81.4,76.5,76.65,77.35,77.98,28867,225104985000.0,,17529.0,0.6072
2003-05-23,APIL,EQ,77.35,77.0,78.95,77.0,78.1,78.35,78.13,19037,148735600000.0,,13773.0,0.7234999999999999
2003-05-26,APIL,EQ,78.35,78.9,79.95,78.0,79.05,78.8,78.95,28846,227752935000.0,,24339.0,0.8438
2003-05-27,APIL,EQ,78.8,72.1,79.5,72.1,78.75,78.75,78.13,54785,428026359999.99994,,44924.0,0.8200000000000001
2003-05-28,APIL,EQ,78.75,78.75,79.8,77.75,78.5,79.35,78.96,23934,188975570000.0,,17619.0,0.7361
2003-05-29,APIL,EQ,79.35,78.25,80.85,77.1,80.0,79.6,79.07,34757,274821790000.0,,31620.0,0.9097
2003-05-30,APIL,EQ,79.6,79.8,81.0,79.05,79.1,79.4,79.96,22670,181262950000.0,,18571.0,0.8192
2003-06-02,APIL,EQ,79.4,78.0,80.5,76.25,76.25,76.85,77.7,16619,129123580000.0,,12479.0,0.7509
2003-06-03,APIL,EQ,76.85,76.5,77.0,73.7,74.55,74.85,75.15,45586,342569125000.0,,40193.0,0.8817
2003-06-04,APIL,EQ,74.85,73.65,78.0,73.65,75.5,75.95,75.92,24322,184645505000.0,,18063.0,0.7427
2003-06-05,APIL,EQ,75.95,77.85,77.9,75.5,75.5,75.75,76.11,10829,82421090000.0,,8096.0,0.7476
2003-06-06,APIL,EQ,75.75,70.05,77.0,70.05,74.0,74.4,75.15,71088,534198540000.00006,,63656.0,0.8955
2003-06-09,APIL,EQ,74.4,74.9,85.9,74.0,84.1,84.8,81.58,114079,930631230000.0001,,71117.0,0.6234000000000001
2003-06-10,APIL,EQ,84.8,86.0,92.85,84.35,89.0,89.1,89.35,201134,1797088064999.9998,,126668.0,0.6298
2003-06-11,APIL,EQ,89.1,89.0,99.75,89.0,98.0,96.95,95.9,224440,2152448925000.0,,89955.0,0.4008
2003-06-12,APIL,EQ,96.95,99.5,107.0,99.5,105.05,105.15,104.07,273866,2850149060000.0,,129516.0,0.4729
2003-06-13,APIL,EQ,105.15,107.3,109.95,98.55,100.0,100.05,104.61,196128,2051697389999.9998,,88070.0,0.449
2003-06-16,APIL,EQ,100.05,100.5,101.4,93.0,93.9,93.9,96.35,131838,1270258850000.0,,101831.0,0.7724
2003-06-17,APIL,EQ,93.9,95.3,99.7,95.15,96.85,95.95,96.96,117018,1134549005000.0,,53127.0,0.454
2003-06-18,APIL,EQ,95.95,97.0,102.8,96.9,100.35,99.65,100.38,169895,1705467814999.9998,,75625.0,0.4451
2003-06-19,APIL,EQ,99.65,100.5,106.9,100.5,103.5,103.45,104.23,144644,1507688215000.0,,65113.0,0.45020000000000004
2003-06-20,APIL,EQ,103.45,105.0,107.0,101.95,102.55,102.75,104.25,108514,1131223130000.0,,48801.0,0.4497
2003-06-23,APIL,EQ,102.75,105.35,105.4,99.15,99.6,100.0,101.83,78205,796394045000.0,,37055.0,0.47380000000000005
2003-06-24,APIL,EQ,100.0,99.9,100.85,96.5,97.0,97.6,98.96,65754,650705110000.0,,40929.0,0.6225
2003-06-25,APIL,EQ,97.6,99.0,100.7,98.0,98.0,98.55,99.47,59515,592015485000.0,,33754.0,0.5672
2003-06-26,APIL,EQ,98.55,98.95,101.85,97.0,97.4,97.5,98.84,47343,467943150000.0,,28113.0,0.5938
2003-06-27,APIL,EQ,97.5,99.45,102.75,96.1,101.7,102.0,100.11,126032,1261658635000.0,,92467.0,0.7337
2003-06-30,APIL,EQ,102.0,102.0,122.4,102.0,122.4,122.4,115.65,460600,5326679435000.0,,293295.0,0.6368
2003-07-01,APIL,EQ,122.4,125.0,135.95,121.15,128.2,130.75,129.95,332108,4315625145000.0005,,111699.0,0.33630000000000004
2003-07-02,APIL,EQ,130.75,133.0,135.0,129.0,129.25,129.7,131.06,104732,1372606900000.0,,50019.0,0.47759999999999997
2003-07-03,APIL,EQ,129.7,132.0,132.65,128.1,131.3,130.3,130.19,72154,939404630000.0001,,46883.0,0.6498
2003-07-04,APIL,EQ,130.3,132.0,132.95,129.0,130.0,130.4,130.12,49033,637998675000.0,,37866.0,0.7723000000000001
2003-07-07,APIL,EQ,130.4,131.8,131.8,122.55,126.0,125.4,126.92,41399,525434495000.0,,22793.0,0.5506000000000001
2003-07-08,APIL,EQ,125.4,128.0,129.25,120.0,123.5,123.8,125.02,29668,370897285000.0,,16705.0,0.5631
2003-07-09,APIL,EQ,123.8,129.4,132.9,127.0,128.15,128.8,129.34,111009,1435745045000.0,,49907.0,0.4496
2003-07-10,APIL,EQ,128.8,131.0,131.0,126.5,126.5,127.35,128.97,37860,488289109999.99994,,19702.0,0.5204
2003-07-11,APIL,EQ,127.35,128.0,134.7,128.0,129.5,129.35,131.17,89953,1179892520000.0,,47846.0,0.5319
2003-07-14,APIL,EQ,129.35,130.0,131.0,126.5,130.1,129.2,129.24,94953,1227167860000.0,,75035.0,0.7902
2003-07-15,APIL,EQ,129.2,129.5,130.0,127.0,129.8,127.9,128.45,55568,713773225000.0,,46753.0,0.8414
2003-07-16,APIL,EQ,127.9,129.8,130.25,128.25,129.5,129.75,129.19,34864,450401395000.0,,30120.0,0.8639
2003-07-17,APIL,EQ,129.75,130.0,133.0,124.0,124.0,127.6,129.75,58694,761582255000.0,,39868.0,0.6793000000000001
2003-07-18,APIL,EQ,127.6,116.1,129.1,116.1,129.0,126.45,124.51,40402,503040884999.99994,,27443.0,0.6792
2003-07-21,APIL,EQ,126.45,127.9,128.8,120.25,120.5,122.4,124.18,16129,200287720000.0,,7830.0,0.4855
2003-07-22,APIL,EQ,122.4,123.0,125.0,121.55,121.55,122.25,122.82,15906,195357405000.0,,11531.0,0.7249
2003-07-23,APIL,EQ,122.25,123.45,126.0,101.4,105.0,104.3,108.86,164464,1790293325000.0,,72684.0,0.44189999999999996
2003-07-24,APIL,EQ,104.3,107.05,111.5,106.05,107.15,108.05,108.93,101568,1106394315000.0,,37982.0,0.374
2003-07-25,APIL,EQ,108.05,107.95,109.0,105.0,105.3,105.75,106.2,64370,683577585000.0,,35226.0,0.5472
2003-07-28,APIL,EQ,105.75,110.0,110.0,106.25,108.7,107.3,107.37,72812,781799730000.0,,47175.0,0.6479
2003-07-29,APIL,EQ,107.3,107.5,112.0,107.5,112.0,110.4,109.91,58697,645130885000.0,,41906.0,0.7139
2003-07-30,APIL,EQ,110.4,112.0,113.0,109.8,110.0,110.55,110.79,63032,698347080000.0,,46868.0,0.7436
2003-07-31,APIL,EQ,110.55,111.0,112.7,109.5,111.1,110.8,110.66,56258,622525160000.0,,42788.0,0.7606
2003-08-01,APIL,EQ,110.8,111.0,113.95,110.0,113.95,112.55,111.66,43860,489727434999.99994,,36556.0,0.8334999999999999
2003-08-04,APIL,EQ,112.55,112.85,118.6,112.1,118.5,117.65,115.91,54472,631360565000.0,,36510.0,0.6703
2003-08-05,APIL,EQ,117.65,121.85,122.5,115.5,116.75,117.0,119.62,70409,842232990000.0,,52574.0,0.7467
2003-08-06,APIL,EQ,117.0,105.9,116.9,105.9,115.5,115.1,114.74,25614,293887975000.0,,19659.0,0.7675000000000001
2003-08-07,APIL,EQ,115.1,115.9,118.9,114.05,118.9,117.6,115.59,20991,242643375000.0,,15815.0,0.7534000000000001
2003-08-08,APIL,EQ,117.6,115.25,119.0,113.0,114.9,114.55,116.18,48433,562692445000.0,,40960.0,0.8456999999999999
2003-08-11,APIL,EQ,114.55,115.0,127.45,115.0,122.6,121.95,123.59,126818,1567379970000.0,,73547.0,0.5799000000000001
2003-08-12,APIL,EQ,121.95,123.0,125.7,122.25,125.7,124.25,123.64,39325,486224495000.0,,26865.0,0.6831999999999999
2003-08-13,APIL,EQ,124.25,126.0,130.2,125.0,125.75,125.85,126.63,59877,758221660000.0,,33286.0,0.5559000000000001
2003-08-14,APIL,EQ,125.85,122.5,126.0,122.0,125.05,124.05,124.51,33588,418211770000.0,,23906.0,0.7117
2003-08-18,APIL,EQ,124.05,127.0,129.1,125.0,129.0,128.15,127.8,54008,690209640000.0,,43610.0,0.8075
2003-08-19,APIL,EQ,128.15,131.0,135.0,129.0,130.05,130.25,130.47,227424,2967108665000.0,,209748.0,0.9223
2003-08-20,APIL,EQ,130.25,133.0,133.0,125.7,127.0,127.15,128.68,50893,654883405000.0,,34490.0,0.6777
2003-08-21,APIL,EQ,127.15,127.5,129.25,124.0,125.5,126.2,126.87,39820,505208134999.99994,,18184.0,0.45670000000000005
2003-08-22,APIL,EQ,126.2,129.75,129.75,122.0,122.2,123.05,125.3,26510,332169755000.0,,19522.0,0.7364
2003-08-25,APIL,EQ,123.05,125.0,126.5,116.1,117.5,119.8,119.53,66532,795229395000.0,,56720.0,0.8525
2003-08-26,APIL,EQ,119.8,120.65,122.0,118.0,120.2,119.95,119.69,49324,590365660000.0,,29696.0,0.6021
2003-08-27,APIL,EQ,119.95,121.0,126.0,118.5,118.55,119.3,121.79,46663,568307305000.0,,30464.0,0.6529
2003-08-28,APIL,EQ,119.3,121.9,122.0,118.5,119.0,119.1,120.33,33753,406158435000.0,,27596.0,0.8176000000000001
2003-08-29,APIL,EQ,119.1,121.0,123.0,118.0,122.6,122.1,121.49,67004,814034325000.0,,31546.0,0.4708
2003-09-01,APIL,EQ,122.1,122.1,127.9,122.1,127.2,126.9,125.29,55088,690220505000.0,,44402.0,0.8059999999999999
2003-09-02,APIL,EQ,126.9,128.0,135.5,128.0,134.5,134.1,132.06,147567,1948806945000.0,,102196.0,0.6925
2003-09-03,APIL,EQ,134.1,136.45,145.75,134.5,141.5,139.6,141.64,219687,3111697580000.0,,134581.0,0.6126
2003-09-04,APIL,EQ,139.6,141.0,141.0,129.5,130.5,130.1,135.15,97016,1311122745000.0,,75929.0,0.7826000000000001
2003-09-05,APIL,EQ,130.1,133.0,135.0,130.0,130.0,132.0,133.48,34598,461799300000.0,,24373.0,0.7045
2003-09-08,APIL,EQ,132.0,134.85,136.0,128.15,129.0,130.25,132.52,33597,445235625000.0,,24683.0,0.7347
2003-09-09,APIL,EQ,130.25,130.5,133.9,126.55,126.85,127.95,130.34,31647,412497585000.0,,23229.0,0.7340000000000001
2003-09-10,APIL,EQ,127.95,128.0,142.8,128.0,133.7,133.95,135.0,57389,774760605000.0,,21973.0,0.3829
2003-09-11,APIL,EQ,133.95,134.5,145.0,134.5,139.2,139.25,141.19,151552,2139828670000.0,,98564.0,0.6504000000000001
2003-09-12,APIL,EQ,139.25,142.8,143.0,134.0,137.0,135.4,138.53,41526,575271490000.0,,17693.0,0.4261
2003-09-15,APIL,EQ,135.4,138.9,138.9,130.15,136.35,135.15,134.62,26996,363416570000.0,,15775.0,0.5843
2003-09-16,APIL,EQ,135.15,137.0,137.0,132.05,135.5,135.2,134.79,34658,467170680000.0,,28066.0,0.8098000000000001
2003-09-17,APIL,EQ,135.2,136.0,137.7,134.0,135.5,136.05,136.21,18210,248046500000.0,,15545.0,0.8537
2003-09-18,APIL,EQ,136.05,135.0,136.5,131.1,135.7,134.8,134.88,95092,1282559590000.0,,92456.0,0.9723
2003-09-19,APIL,EQ,134.8,136.0,136.0,131.25,132.45,132.1,133.96,27601,369740715000.0,,23175.0,0.8395999999999999
2003-09-22,APIL,EQ,132.1,131.25,133.0,130.0,130.0,130.3,131.11,10386,136165689999.99998,,8011.0,0.7713
2003-09-23,APIL,EQ,130.3,130.0,140.4,129.0,139.25,138.85,136.94,43089,590047725000.0,,15238.0,0.3536
2003-09-24,APIL,EQ,138.85,142.0,145.0,138.8,141.0,140.45,142.08,56754,806366705000.0,,23699.0,0.41759999999999997
2003-09-25,APIL,EQ,140.45,141.85,142.0,135.75,136.0,136.3,138.59,19871,275395140000.0,,13514.0,0.6801
2003-09-26,APIL,EQ,136.3,136.55,139.4,133.0,137.0,135.15,136.17,14724,200494175000.0,,10078.0,0.6845
2003-09-29,APIL,EQ,135.15,136.1,140.85,136.0,139.1,138.95,137.9,15453,213095625000.0,,9273.0,0.6001
2003-09-30,APIL,EQ,138.95,141.0,142.0,133.0,140.0,135.6,136.76,54532,745805635000.0,,38045.0,0.6977
2003-10-01,APIL,EQ,135.6,140.0,143.0,140.0,143.0,142.2,141.99,33239,471973370000.0,,24731.0,0.7440000000000001
2003-10-03,APIL,EQ,142.2,148.0,148.0,140.0,141.0,142.05,143.91,28443,409315130000.0,,13610.0,0.47850000000000004
2003-10-06,APIL,EQ,142.05,143.0,144.0,141.0,143.0,142.95,143.03,29447,421166670000.0,,18202.0,0.6181
2003-10-07,APIL,EQ,142.95,142.0,144.75,140.0,142.7,141.15,141.54,28479,403087490000.0,,18004.0,0.6322
2003-10-08,APIL,EQ,141.15,142.9,144.0,138.0,138.5,139.25,141.09,27867,393170810000.0,,13480.0,0.48369999999999996
2003-10-09,APIL,EQ,139.25,142.0,143.5,140.0,140.15,140.75,141.44,35527,502510759999.99994,,18508.0,0.521
2003-10-10,APIL,EQ,140.75,142.0,142.5,137.0,137.0,137.95,140.06,22795,319263230000.0,,17541.0,0.7695000000000001
2003-10-13,APIL,EQ,137.95,139.0,141.95,127.5,128.1,128.35,131.56,94000,1236680615000.0,,73298.0,0.7798
2003-10-14,APIL,EQ,128.35,129.1,133.0,120.0,120.8,120.6,123.43,128015,1580112695000.0,,104882.0,0.8193000000000001
2003-10-15,APIL,EQ,120.6,123.8,123.8,117.0,119.0,118.55,120.12,59662,716651005000.0,,45627.0,0.7648
2003-10-16,APIL,EQ,118.55,120.85,121.45,114.25,114.45,114.9,119.09,85493,1018095094999.9999,,59627.0,0.6973999999999999
2003-10-17,APIL,EQ,114.9,116.1,120.85,111.4,112.5,112.5,115.32,92553,1067295785000.0,,65752.0,0.7104
2003-10-20,APIL,EQ,112.5,116.0,120.0,110.15,110.7,110.75,112.85,91633,1034075675000.0,,54096.0,0.5904
2003-10-21,APIL,EQ,110.75,110.0,113.85,108.4,110.0,109.3,110.61,34255,378906415000.0,,19491.0,0.569
2003-10-22,APIL,EQ,109.3,110.0,111.2,107.3,109.7,109.5,109.5,26151,286349085000.0,,16588.0,0.6343
2003-10-23,APIL,EQ,109.5,109.0,111.9,108.5,109.9,109.9,110.11,29251,322077740000.0,,16422.0,0.5614
2003-10-24,APIL,EQ,109.9,110.15,113.5,109.15,112.0,112.25,110.98,19064,211568200000.0,,11508.0,0.6037
2003-10-25,APIL,EQ,112.25,114.5,117.0,113.55,114.2,115.15,114.88,17228,197917885000.0,,,
2003-10-27,APIL,EQ,115.15,117.0,117.3,110.5,111.5,111.3,113.58,31289,355367815000.0,,23489.0,0.4841
2003-10-28,APIL,EQ,111.3,111.0,112.0,108.4,109.1,109.25,109.92,14712,161713090000.0,,8167.0,0.5551
2003-10-29,APIL,EQ,109.25,108.5,110.9,108.0,108.0,108.35,109.19,9033,98628875000.0,,5606.0,0.6206
2003-10-30,APIL,EQ,108.35,109.0,110.0,107.5,108.1,108.75,108.59,29193,317010345000.0,,21946.0,0.7518000000000001
2003-10-31,APIL,EQ,108.75,108.5,109.25,100.0,108.0,107.9,107.45,57066,613167965000.0,,36281.0,0.6358
2003-11-03,APIL,EQ,107.9,108.0,110.05,108.0,110.0,109.7,109.36,41588,454813155000.0,,23070.0,0.5547
2003-11-04,APIL,EQ,109.7,113.0,113.5,108.0,109.2,109.05,109.76,58440,641460935000.0,,37697.0,0.6451000000000001
2003-11-05,APIL,EQ,109.05,109.5,110.0,105.0,106.0,106.15,108.24,80004,865941650000.0,,48585.0,0.6073
2003-11-06,APIL,EQ,106.15,106.1,112.0,104.5,105.5,105.45,107.85,89709,967470060000.0,,62341.0,0.6949
2003-11-07,APIL,EQ,105.45,108.25,109.4,105.3,106.5,106.0,106.98,64332,688239630000.0,,38362.0,0.5963
2003-11-10,APIL,EQ,106.0,107.9,109.0,106.0,106.25,106.65,107.28,33134,355448090000.0,,24403.0,0.7365
2003-11-11,APIL,EQ,106.65,108.2,112.0,107.4,110.0,109.65,109.89,112403,1235183720000.0,,61977.0,0.5514
2003-11-12,APIL,EQ,109.65,111.7,120.0,111.65,116.7,115.5,116.82,381102,4451870370000.0,,222949.0,0.585
2003-11-13,APIL,EQ,115.5,117.5,118.2,110.0,111.0,110.7,114.29,131553,1503455175000.0,,73903.0,0.5618
2003-11-14,APIL,EQ,110.7,111.9,111.9,106.6,108.0,107.45,108.55,55543,602945320000.0,,31674.0,0.5703
2003-11-15,APIL,EQ,107.45,111.0,111.0,107.5,109.0,108.9,108.72,31180,338995205000.0,,23720.0,0.7606999999999999
2003-11-17,APIL,EQ,108.9,110.0,113.5,108.35,110.0,109.5,110.77,68766,761726095000.0,,42512.0,0.6182
2003-11-18,APIL,EQ,109.5,109.15,116.45,108.5,110.95,109.9,112.1,138537,1552943205000.0,,69530.0,0.5019
2003-11-19,APIL,EQ,109.9,111.0,111.5,107.3,107.3,108.1,109.48,62069,679512920000.0,,39404.0,0.6348
2003-11-20,APIL,EQ,108.1,110.0,112.5,104.55,105.9,105.85,109.83,134083,1472680055000.0,,59785.0,0.4459
2003-11-21,APIL,EQ,105.85,105.0,107.05,102.0,104.25,104.55,104.27,60784,633790685000.0,,24378.0,0.4011
2003-11-24,APIL,EQ,104.55,106.6,109.0,104.95,108.95,108.25,107.11,92978,995927065000.0,,40127.0,0.4316
2003-11-25,APIL,EQ,108.25,111.0,117.4,110.0,115.75,115.9,115.01,210143,2416795030000.0,,92329.0,0.4394
2003-11-27,APIL,EQ,115.9,117.5,118.9,113.0,113.15,113.65,116.48,138255,1610429705000.0,,66369.0,0.48
2003-11-28,APIL,EQ,113.65,114.65,114.7,110.15,111.05,111.25,111.93,72074,806725575000.0,,40875.0,0.5671
2003-12-01,APIL,EQ,111.25,113.0,115.0,111.3,112.3,112.1,112.88,77464,874445669999.9999,,42968.0,0.5547
2003-12-02,APIL,EQ,112.1,113.8,113.9,108.0,108.6,109.15,110.59,126212,1395735370000.0,,96610.0,0.7655
2003-12-03,APIL,EQ,109.15,111.8,131.0,110.0,129.5,130.2,124.56,642593,8004099034999.999,,354183.0,0.5512
2003-12-04,APIL,EQ,130.2,128.25,132.0,122.55,123.2,123.75,126.4,213950,2704390395000.0,,88307.0,0.41270000000000007
2003-12-05,APIL,EQ,123.75,124.0,125.7,117.6,118.9,118.45,122.46,150329,1840874905000.0,,74708.0,0.49700000000000005
2003-12-08,APIL,EQ,118.45,120.0,122.35,118.1,120.0,119.75,120.32,60694,730259440000.0,,22941.0,0.378
2003-12-09,APIL,EQ,119.75,120.6,128.3,120.6,124.7,124.7,124.82,106260,1326304430000.0,,42124.0,0.39640000000000003
2003-12-10,APIL,EQ,124.7,125.25,126.4,118.5,119.8,119.25,121.75,97386,1185694390000.0,,63871.0,0.6559
2003-12-11,APIL,EQ,119.25,143.0,143.0,116.0,118.0,118.35,119.68,89622,1072559635000.0,,56142.0,0.6264000000000001
2003-12-12,APIL,EQ,118.35,120.7,122.5,117.25,118.5,118.4,119.16,81167,967171290000.0,,56380.0,0.6946
2003-12-15,APIL,EQ,118.4,126.85,138.35,118.6,118.6,119.05,119.65,63514,759935095000.0,,40109.0,0.6315
2003-12-16,APIL,EQ,119.05,120.0,127.95,118.55,121.25,120.55,123.18,298185,3673001160000.0,,101966.0,0.342
2003-12-17,APIL,EQ,120.55,123.35,125.5,120.15,121.75,121.9,122.43,140292,1717595720000.0,,75342.0,0.537
2003-12-18,APIL,EQ,121.9,123.0,134.0,122.0,130.2,130.9,129.86,500017,6493385955000.0,,228018.0,0.456
2003-12-19,APIL,EQ,130.9,133.0,137.2,130.1,131.05,130.95,134.19,303317,4070148695000.0005,,152583.0,0.503
2003-12-22,APIL,EQ,130.95,132.7,136.0,131.1,132.0,132.2,133.22,143200,1907642005000.0,,68821.0,0.4806
2003-12-23,APIL,EQ,132.2,132.8,135.5,129.0,129.5,129.7,131.6,91193,1200066805000.0,,48710.0,0.5341
2003-12-24,APIL,EQ,129.7,131.6,133.0,128.0,129.7,130.15,130.92,75026,982274269999.9999,,34232.0,0.45630000000000004
2003-12-26,APIL,EQ,130.15,130.8,142.5,130.75,141.0,141.15,137.95,302132,4167979204999.9995,,154245.0,0.5105
2003-12-29,APIL,EQ,141.15,143.0,145.9,140.25,141.0,140.9,143.05,210344,3009041075000.0,,112979.0,0.5371
2003-12-30,APIL,EQ,140.9,145.0,160.0,134.2,144.0,144.25,148.99,668478,9959593235000.0,,209294.0,0.3131
2003-12-31,APIL,EQ,144.25,145.0,147.8,134.6,137.65,137.05,141.49,279500,3954626175000.0,,122635.0,0.4388
2004-01-01,APIL,EQ,137.05,138.1,141.0,134.1,135.0,135.6,137.45,171698,2360039860000.0,,114957.0,0.6695000000000001
2004-01-02,APIL,EQ,135.6,136.7,139.5,132.2,133.85,133.5,135.63,197040,2672502940000.0,,118933.0,0.6036
2004-01-05,APIL,EQ,133.5,134.0,135.5,127.1,129.6,129.05,130.73,151310,1978081075000.0,,89210.0,0.5896
2004-01-06,APIL,EQ,129.05,130.4,134.8,125.0,126.05,127.0,130.95,191614,2509244030000.0,,78806.0,0.41130000000000005
2004-01-07,APIL,EQ,127.0,128.0,129.0,125.0,127.5,126.9,126.69,84156,1066206815000.0,,30017.0,0.3567
2004-01-08,APIL,EQ,126.9,129.45,132.7,128.1,130.5,131.25,130.35,95690,1247357475000.0,,40454.0,0.4228
2004-01-09,APIL,EQ,131.25,133.9,141.0,131.0,131.2,132.25,135.19,222769,3011537895000.0,,92958.0,0.4173
2004-01-12,APIL,EQ,132.25,131.6,133.0,126.15,127.85,126.9,129.71,95027,1232636590000.0,,55524.0,0.5843
2004-01-13,APIL,EQ,126.9,128.3,129.5,125.1,128.2,127.6,127.62,53810,686709770000.0,,23407.0,0.435
2004-01-14,APIL,EQ,127.6,129.5,131.0,126.4,126.5,126.95,128.56,74310,955326075000.0,,45085.0,0.6067
2004-01-15,APIL,EQ,126.95,128.9,128.9,125.1,125.5,125.6,126.83,36820,466986080000.0,,23326.0,0.6335000000000001
2004-01-16,APIL,EQ,125.6,124.75,125.0,117.1,117.8,117.5,121.17,62969,762997610000.0,,37608.0,0.5972
2004-01-19,APIL,EQ,117.5,117.0,118.0,112.0,116.6,116.95,115.38,54639,630426095000.0,,23893.0,0.43729999999999997
2004-01-20,APIL,EQ,116.95,117.25,120.9,110.1,110.5,112.35,116.27,69821,811787895000.0,,38617.0,0.5531
2004-01-21,APIL,EQ,112.35,106.2,112.9,95.1,97.9,97.4,104.81,91557,959618235000.0,,56464.0,0.6167
2004-01-22,APIL,EQ,97.4,98.35,106.0,94.0,101.5,102.15,100.03,126935,1269726580000.0,,56344.0,0.4439
2004-01-23,APIL,EQ,102.15,104.0,119.0,104.0,117.0,117.55,111.51,196022,2185862489999.9998,,104471.0,0.533
2004-01-27,APIL,EQ,117.55,119.9,121.45,115.1,120.25,119.7,119.63,104748,1253100880000.0,,42756.0,0.4082
2004-01-28,APIL,EQ,119.7,120.0,120.0,113.95,116.0,115.4,116.39,57913,674025425000.0,,28706.0,0.49570000000000003
2004-01-29,APIL,EQ,115.4,117.95,117.95,113.0,113.05,113.85,114.64,30976,355098090000.0,,19220.0,0.6204999999999999
2004-01-30,APIL,EQ,113.85,119.0,127.2,116.15,119.0,117.85,122.27,265877,3250949840000.0,,68625.0,0.2581
2004-02-03,APIL,EQ,117.85,119.0,119.0,108.1,111.75,110.05,112.98,72144,815087900000.0,,30072.0,0.4168
2004-02-04,APIL,EQ,110.05,112.0,115.0,110.3,114.65,113.75,112.74,49751,560917360000.0,,18032.0,0.3624
2004-02-05,APIL,EQ,113.75,113.1,115.95,111.0,113.0,112.1,113.57,36667,416421150000.0,,15261.0,0.41619999999999996
2004-02-06,APIL,EQ,112.1,113.5,113.5,110.0,110.5,110.85,110.99,35894,398390535000.0,,20877.0,0.5816
2004-02-09,APIL,EQ,110.85,111.95,116.9,111.0,116.4,115.95,114.03,53834,613860770000.0,,35735.0,0.6638
2004-02-10,APIL,EQ,115.95,112.0,117.9,112.0,114.3,114.4,115.11,45527,524080540000.00006,,17266.0,0.37920000000000004
2004-02-11,APIL,EQ,114.4,114.5,115.15,112.1,112.65,113.75,114.04,33897,386558880000.0,,19848.0,0.5855
2004-02-12,APIL,EQ,113.75,114.0,115.0,112.6,112.6,113.35,113.78,18710,212886265000.0,,9250.0,0.4944
2004-02-13,APIL,EQ,113.35,112.75,115.8,112.75,114.5,115.05,114.53,24145,276521225000.0,,12724.0,0.527
2004-02-16,APIL,EQ,115.05,116.0,119.0,116.0,118.25,118.35,118.19,64337,760369250000.0,,31486.0,0.4894
2004-02-17,APIL,EQ,118.35,118.9,123.25,118.5,120.05,120.15,120.39,101035,1216318790000.0,,58808.0,0.5821000000000001
2004-02-18,APIL,EQ,120.15,121.95,121.95,119.55,120.0,120.75,120.55,51458,620334935000.0,,37627.0,0.7312000000000001
2004-02-19,APIL,EQ,120.75,120.0,120.95,116.0,116.0,116.7,118.54,61157,724929765000.0,,45398.0,0.7423000000000001
2004-02-20,APIL,EQ,116.7,115.0,119.0,113.1,117.0,117.25,116.32,49338,573916255000.0,,24313.0,0.4928
2004-02-23,APIL,EQ,117.25,119.9,119.9,115.0,115.25,115.85,116.29,30436,353947920000.0,,18273.0,0.6004
2004-02-24,APIL,EQ,115.85,116.0,116.0,113.1,115.0,114.85,114.69,14394,165079920000.0,,6997.0,0.48610000000000003
2004-02-25,APIL,EQ,114.85,115.0,116.0,113.1,114.2,115.0,114.72,27104,310932810000.0,,19514.0,0.72
2004-02-26,APIL,EQ,115.0,112.3,118.45,112.3,116.6,116.55,117.09,36607,428648084999.99994,,21827.0,0.5963
2004-02-27,APIL,EQ,116.55,117.9,120.0,116.7,118.0,118.2,118.22,48723,576022785000.0,,22497.0,0.4617
2004-03-01,APIL,EQ,118.2,119.2,121.0,117.05,119.0,118.35,118.31,34934,413307555000.0,,21793.0,0.6238
2004-03-03,APIL,EQ,118.35,118.0,119.0,114.0,114.95,116.05,117.55,48095,565373840000.0,,36839.0,0.766
2004-03-04,APIL,EQ,116.05,117.0,117.2,114.3,114.95,115.1,116.02,19690,228443275000.0,,14545.0,0.7387
2004-03-05,APIL,EQ,115.1,115.0,117.0,115.0,116.1,116.6,116.3,16092,187143745000.0,,10412.0,0.647
2004-03-08,APIL,EQ,116.6,117.0,118.5,117.0,118.4,118.05,118.03,22746,268460770000.00003,,19432.0,0.8543000000000001
2004-03-09,APIL,EQ,118.05,118.35,118.45,113.5,115.05,115.75,115.68,30354,351126100000.0,,22830.0,0.7521
2004-03-10,APIL,EQ,115.75,113.7,116.0,113.05,113.2,113.2,114.23,15967,182391460000.0,,10264.0,0.6428
2004-03-11,APIL,EQ,113.2,114.8,114.8,113.0,113.85,114.3,114.25,22281,254568785000.0,,16953.0,0.7609
2004-03-12,APIL,EQ,114.3,114.8,133.0,112.05,117.35,116.45,115.46,39691,458287550000.0,,22832.0,0.5752
2004-03-15,APIL,EQ,116.45,119.0,125.0,110.05,112.0,111.6,113.9,14257,162387635000.0,,10134.0,0.7108
2004-03-16,APIL,EQ,111.6,111.0,113.5,110.0,113.5,113.05,111.08,21973,244085379999.99997,,17742.0,0.8074
2004-03-17,APIL,EQ,113.05,115.0,115.0,109.0,109.1,109.25,110.83,11776,130509310000.00002,,8815.0,0.7486
2004-03-18,APIL,EQ,109.25,110.25,111.9,106.1,106.1,107.15,108.11,18636,201478790000.0,,14005.0,0.7515000000000001
2004-03-19,APIL,EQ,107.15,106.3,106.5,104.0,104.15,104.8,105.49,12577,132679625000.0,,8386.0,0.6668000000000001
2004-03-22,APIL,EQ,104.8,105.5,105.5,98.05,98.5,99.15,100.78,19387,195375825000.0,,13591.0,0.701
2004-03-23,APIL,EQ,99.15,99.0,102.5,95.55,99.75,99.2,98.07,39198,384431370000.0,,27888.0,0.7115
2004-03-24,APIL,EQ,99.2,96.8,101.0,96.8,100.0,100.35,99.82,19052,190171125000.0,,13921.0,0.7306999999999999
2004-03-25,APIL,EQ,100.35,102.0,106.95,101.95,106.95,105.35,104.54,57036,596259980000.0,,52122.0,0.9138
2004-03-26,APIL,EQ,105.35,105.0,108.9,104.5,106.1,107.2,106.52,34506,367563705000.0,,26815.0,0.7770999999999999
2004-03-29,APIL,EQ,107.2,109.5,110.0,106.0,110.0,109.3,108.2,26659,288458450000.0,,20615.0,0.7733
2004-03-30,APIL,EQ,109.3,110.0,114.95,110.0,111.9,112.15,112.88,33397,376973405000.0,,14051.0,0.4207
2004-03-31,APIL,EQ,112.15,113.7,113.7,111.0,112.2,112.35,112.46,12632,142059135000.0,,9041.0,0.7156999999999999
2004-04-01,APIL,EQ,112.35,114.9,115.0,113.0,114.9,114.3,114.26,13237,151247340000.0,,9642.0,0.7284
2004-04-02,APIL,EQ,114.3,116.05,117.9,112.9,113.4,113.4,115.3,46283,533654809999.99994,,25333.0,0.5474
2004-04-05,APIL,EQ,113.4,115.0,119.0,114.95,118.0,117.2,117.01,64890,759262870000.0,,47443.0,0.7311
2004-04-06,APIL,EQ,117.2,118.0,118.5,116.0,117.5,116.9,117.27,29300,343603095000.0,,16578.0,0.5658
2004-04-07,APIL,EQ,116.9,116.0,118.0,115.55,117.0,117.25,117.08,24610,288139030000.0,,14362.0,0.5836
2004-04-08,APIL,EQ,117.25,116.0,117.8,115.25,117.1,117.25,117.03,9470,110830825000.0,,5655.0,0.5971000000000001
2004-04-12,APIL,EQ,117.25,117.95,123.95,117.3,120.25,121.1,121.58,52931,643547175000.0,,27375.0,0.5172
2004-04-13,APIL,EQ,121.1,121.0,124.9,117.65,119.1,118.65,119.6,19423,232300075000.0,,10404.0,0.5357000000000001
2004-04-15,APIL,EQ,118.65,118.5,121.5,118.5,118.55,119.1,119.92,21570,258677485000.0,,14020.0,0.65
2004-04-16,APIL,EQ,119.1,118.3,121.0,115.2,115.25,115.7,118.73,28408,337274820000.0,,21062.0,0.7414000000000001
2004-04-17,APIL,EQ,115.7,119.0,121.0,117.85,120.0,119.7,119.24,24670,294161700000.0,,14742.0,0.5976
2004-04-19,APIL,EQ,119.7,121.0,122.0,115.55,115.55,116.0,118.92,34142,406019665000.0,,20936.0,0.6132
2004-04-20,APIL,EQ,116.0,116.0,116.9,114.5,115.0,115.3,115.76,25604,296397815000.0,,19508.0,0.7619
2004-04-21,APIL,EQ,115.3,116.0,119.65,116.0,118.5,118.05,118.26,18110,214163004999.99997,,12707.0,0.7017
2004-04-22,APIL,EQ,118.05,121.0,121.0,117.05,119.5,119.05,118.26,21724,256917990000.0,,15656.0,0.7206999999999999
2004-04-23,APIL,EQ,119.05,120.0,128.7,118.55,125.7,126.2,124.5,141967,1767456160000.0002,,63576.0,0.44780000000000003
2004-04-27,APIL,EQ,126.2,129.7,129.7,116.0,116.05,117.55,119.72,65060,778871360000.0,,35144.0,0.5402
2004-04-28,APIL,EQ,117.55,119.45,119.95,116.1,119.2,118.45,118.16,26024,307491900000.0,,13881.0,0.5334000000000001
2004-04-29,APIL,EQ,118.45,119.0,121.4,117.3,120.75,120.15,119.62,19989,239112245000.00003,,13361.0,0.6684
2004-04-30,APIL,EQ,120.15,119.1,121.0,117.5,117.55,118.3,119.26,16231,193577300000.0,,9965.0,0.6139
2004-05-03,APIL,EQ,118.3,118.1,118.1,112.15,113.45,113.5,114.14,46675,532764680000.0,,39828.0,0.8533
2004-05-04,APIL,EQ,113.5,117.0,118.0,114.15,116.0,115.85,116.53,14522,169220695000.0,,7579.0,0.5219
2004-05-05,APIL,EQ,115.85,117.0,117.8,115.0,116.8,117.2,116.81,9158,106977455000.0,,4653.0,0.5081
2004-05-06,APIL,EQ,117.2,117.5,119.0,116.2,117.0,117.55,117.41,14981,175898985000.0,,9620.0,0.6421
2004-05-07,APIL,EQ,117.55,117.0,118.5,116.25,116.25,116.95,117.32,11127,130538105000.0,,8216.0,0.7384000000000001
2004-05-10,APIL,EQ,116.95,117.0,117.0,112.8,115.05,114.1,114.35,14921,170615090000.0,,8717.0,0.5842
2004-05-11,APIL,EQ,114.1,114.0,114.0,109.15,110.0,110.0,110.52,25883,286053565000.0,,20906.0,0.8077
2004-05-12,APIL,EQ,110.0,110.0,111.85,109.55,110.0,110.55,110.46,12897,142464565000.0,,9203.0,0.7136
2004-05-13,APIL,EQ,110.55,109.0,115.0,107.0,109.0,109.3,109.99,46066,506690305000.0,,36583.0,0.7941
2004-05-14,APIL,EQ,109.3,109.0,109.0,87.45,94.75,95.65,98.61,45803,451652559999.99994,,27079.0,0.5912
2004-05-17,APIL,EQ,95.65,92.0,93.0,76.55,85.0,84.75,84.9,30483,258794685000.0,,22659.0,0.7433
2004-05-18,APIL,EQ,84.75,90.0,100.0,88.0,88.05,89.35,91.42,84550,772955775000.0,,56700.0,0.6706000000000001
2004-05-19,APIL,EQ,89.35,95.0,96.0,86.55,89.0,89.7,90.41,99127,896183540000.0,,66013.0,0.6659
2004-05-20,APIL,EQ,89.7,95.0,96.0,86.5,87.5,87.3,89.16,96661,861873090000.0,,66025.0,0.6831
2004-05-21,APIL,EQ,87.3,90.0,93.45,84.75,91.85,91.45,89.44,50215,449101595000.0,,27235.0,0.5424
2004-05-24,APIL,EQ,91.45,91.55,93.0,90.05,91.75,91.9,91.93,45591,419100805000.0,,32426.0,0.7112
2004-05-25,APIL,EQ,91.9,91.0,92.0,90.0,90.8,91.45,91.22,16896,154121040000.0,,10272.0,0.608
2004-05-26,APIL,EQ,91.45,93.7,96.4,93.0,94.25,93.95,94.77,62359,590996700000.0,,29707.0,0.4764
2004-05-27,APIL,EQ,93.95,95.0,96.4,94.0,94.9,94.75,95.44,39011,372310150000.0,,20643.0,0.5292
2004-05-28,APIL,EQ,94.75,93.25,93.5,87.7,88.0,88.55,89.79,39968,358859615000.0,,25634.0,0.6414
2004-05-31,APIL,EQ,88.55,88.55,88.55,83.0,84.2,84.6,85.14,15115,128687595000.0,,8191.0,0.5418999999999999
2004-06-01,APIL,EQ,84.6,86.0,90.0,86.0,86.15,86.4,86.89,9267,80521120000.0,,5007.0,0.5403
2004-06-02,APIL,EQ,86.4,86.5,87.4,85.0,85.6,85.65,86.05,10133,87193955000.0,,7200.0,0.7105
2004-06-03,APIL,EQ,85.65,86.0,88.7,83.65,84.0,84.25,85.5,15067,128828185000.00002,,8925.0,0.5924
2004-06-04,APIL,EQ,84.25,84.0,86.5,82.1,85.85,85.6,84.43,8811,74391935000.0,,4738.0,0.5377000000000001
2004-06-07,APIL,EQ,85.6,84.6,87.2,84.6,87.0,86.65,86.7,7628,66134190000.0,,4013.0,0.5261
2004-06-08,APIL,EQ,86.65,87.9,88.8,86.0,88.8,88.0,87.19,8027,69986480000.0,,4942.0,0.6157
2004-06-09,APIL,EQ,88.0,86.25,88.0,86.25,86.75,86.75,87.46,8915,77966595000.0,,7475.0,0.8384999999999999
2004-06-10,APIL,EQ,86.75,87.0,87.4,85.55,86.0,85.95,86.37,16159,139569025000.0,,14013.0,0.8672
2004-06-11,APIL,EQ,85.95,87.4,87.4,83.6,84.0,83.95,85.51,18089,154685585000.0,,16857.0,0.9319
2004-06-14,APIL,EQ,83.95,85.0,85.0,80.25,80.7,80.9,82.16,27628,226981400000.0,,21038.0,0.7615000000000001
2004-06-15,APIL,EQ,80.9,82.0,83.2,81.0,82.25,82.5,82.03,14976,122845285000.00002,,8497.0,0.5674
2004-06-16,APIL,EQ,82.5,83.85,83.85,81.6,81.95,81.8,82.29,14258,117332289999.99998,,9667.0,0.6779999999999999
2004-06-17,APIL,EQ,81.8,81.3,82.5,80.6,80.8,81.0,81.62,33197,270968835000.0,,29765.0,0.8966
2004-06-18,APIL,EQ,81.0,81.05,82.35,80.1,81.15,80.75,81.01,39047,316306965000.0,,29508.0,0.7556999999999999
2004-06-21,APIL,EQ,80.75,81.0,82.0,80.6,81.15,80.9,81.1,8555,69378185000.0,,6559.0,0.7667
2004-06-22,APIL,EQ,80.9,76.35,85.1,76.35,84.8,84.1,83.33,47213,393416735000.0,,24671.0,0.5225
2004-06-23,APIL,EQ,84.1,84.8,87.0,81.6,82.05,82.15,84.69,91294,773138700000.0,,31701.0,0.3472
2004-06-24,APIL,EQ,82.15,81.0,85.8,81.0,84.75,84.9,84.23,52128,439084030000.0,,27747.0,0.5323
2004-06-25,APIL,EQ,84.9,86.0,87.5,85.0,87.2,86.95,86.44,63672,550379855000.0,,45329.0,0.7119
2004-06-28,APIL,EQ,86.95,87.5,92.3,87.5,91.7,91.35,90.68,98408,892326440000.0,,49777.0,0.5058
2004-06-29,APIL,EQ,91.35,88.55,88.8,86.0,88.55,88.45,87.32,72493,632975480000.0,,40401.0,0.5573
2004-06-30,APIL,EQ,88.45,89.5,89.6,85.05,86.35,86.95,87.05,34719,302244510000.0,,19307.0,0.5561
2004-07-01,APIL,EQ,86.95,88.15,88.2,85.9,88.0,87.65,87.07,27249,237251710000.0,,20205.0,0.7415
2004-07-02,APIL,EQ,87.65,86.3,88.0,86.25,87.5,87.7,87.36,25404,221931770000.00003,,21992.0,0.8656999999999999
2004-07-05,APIL,EQ,87.7,88.0,88.0,85.5,87.5,87.05,86.71,22235,192805800000.0,,14923.0,0.6711
2004-07-06,APIL,EQ,87.05,87.05,89.0,86.0,88.0,87.95,87.49,24838,217309075000.0,,12405.0,0.4994
2004-07-07,APIL,EQ,87.95,95.15,105.55,95.15,105.55,105.55,102.88,595940,6130953685000.0,,166792.0,0.2799
2004-07-08,APIL,EQ,105.55,108.0,124.6,108.0,110.1,111.65,118.51,1577584,18696480835000.0,,289654.0,0.18359999999999999
2004-07-09,APIL,EQ,111.65,109.0,116.0,106.05,114.4,115.05,114.02,315572,3598147870000.0005,,94316.0,0.2989
2004-07-12,APIL,EQ,115.05,114.0,122.85,114.0,118.75,119.25,119.61,349788,4183828279999.9995,,86912.0,0.24850000000000003
2004-07-13,APIL,EQ,119.25,120.0,126.4,117.3,123.5,123.4,122.46,376693,4613053665000.0,,139928.0,0.3715
2004-07-14,APIL,EQ,123.4,125.1,128.5,121.0,123.0,122.55,124.66,273625,3411126400000.0,,85120.0,0.3111
2004-07-15,APIL,EQ,122.55,125.4,125.95,121.55,124.3,124.5,124.1,164013,2035459395000.0,,71822.0,0.4379
2004-07-16,APIL,EQ,124.5,125.0,125.05,121.0,122.2,122.85,122.72,88310,1083709585000.0,,49983.0,0.5660000000000001
2004-07-19,APIL,EQ,122.85,124.5,125.6,121.65,122.3,123.15,123.35,143201,1766384185000.0002,,71257.0,0.4976
2004-07-20,APIL,EQ,123.15,123.0,123.95,118.05,118.05,118.55,121.36,51969,630711715000.0,,27522.0,0.5296000000000001
2004-07-21,APIL,EQ,118.55,119.0,121.0,116.0,118.0,117.65,118.63,55779,661717615000.0,,23395.0,0.4194
2004-07-22,APIL,EQ,117.65,121.95,121.95,118.0,120.5,119.9,119.85,90098,1079841135000.0,,57609.0,0.6394
2004-07-23,APIL,EQ,119.9,121.0,121.0,115.0,116.4,116.8,118.2,71915,850014819999.9999,,27993.0,0.3893
2004-07-26,APIL,EQ,116.8,118.8,120.0,115.5,117.65,118.05,117.21,61830,724692040000.0,,35475.0,0.5738000000000001
2004-07-27,APIL,EQ,118.05,117.5,119.75,116.05,116.05,116.8,117.6,41303,485731784999.99994,,32821.0,0.7946
2004-07-28,APIL,EQ,116.8,117.75,117.75,114.5,116.5,116.35,116.32,29220,339894560000.0,,17210.0,0.589
2004-07-29,APIL,EQ,116.35,116.0,116.75,115.5,116.0,115.95,116.1,18338,212907650000.0,,12921.0,0.7046
2004-07-30,APIL,EQ,115.95,117.0,122.5,115.85,118.7,118.6,119.66,90907,1087761940000.0,,34433.0,0.3788
2004-08-02,APIL,EQ,118.6,119.8,120.0,116.2,117.55,117.95,118.31,34405,407061940000.0,,15196.0,0.44170000000000004
2004-08-03,APIL,EQ,117.95,119.4,121.8,117.6,119.65,119.7,119.98,56118,673324605000.0,,25375.0,0.4522
2004-08-04,APIL,EQ,119.7,119.9,119.9,118.1,118.55,118.85,119.09,25766,306834790000.0,,12636.0,0.4904
2004-08-05,APIL,EQ,118.85,118.75,120.0,115.0,116.15,117.5,117.79,53794,633664280000.0,,35737.0,0.6643000000000001
2004-08-06,APIL,EQ,117.5,118.0,119.0,116.5,117.8,117.2,117.71,43079,507084505000.0,,23399.0,0.5432
2004-08-09,APIL,EQ,117.2,117.9,118.8,116.15,117.45,117.2,117.5,21136,248356970000.00003,,12086.0,0.5718
2004-08-10,APIL,EQ,117.2,118.9,119.0,116.4,116.5,116.75,117.18,29142,341487645000.0,,18289.0,0.6276
2004-08-11,APIL,EQ,116.75,117.9,117.9,114.5,115.05,115.4,116.73,30380,354625700000.0,,20162.0,0.6637000000000001
2004-08-12,APIL,EQ,115.4,115.75,115.9,112.55,115.0,115.05,114.42,32329,369903425000.0,,18291.0,0.5658
2004-08-13,APIL,EQ,115.05,113.3,117.8,113.0,115.0,116.75,115.64,25890,299387210000.0,,12814.0,0.4949
2004-08-16,APIL,EQ,116.75,116.5,116.8,114.5,116.25,116.3,115.78,23110,267560629999.99997,,14596.0,0.6315999999999999
2004-08-17,APIL,EQ,116.3,116.55,118.0,115.5,117.85,117.7,117.33,22673,266021650000.0,,15850.0,0.6990999999999999
2004-08-18,APIL,EQ,117.7,118.5,124.0,117.55,122.0,121.65,121.35,135900,1649088650000.0,,53746.0,0.39549999999999996
2004-08-19,APIL,EQ,121.65,123.0,127.7,122.75,124.0,124.75,125.89,277171,3489344690000.0,,99952.0,0.36060000000000003
2004-08-20,APIL,EQ,124.75,124.8,125.0,120.5,120.5,122.0,123.23,37989,468150920000.0,,13139.0,0.34590000000000004
2004-08-23,APIL,EQ,122.0,123.85,123.85,118.3,119.9,119.8,120.64,41044,495142130000.0,,24313.0,0.5924
2004-08-24,APIL,EQ,119.8,120.5,122.95,119.0,122.05,121.35,120.79,22071,266595670000.00003,,12787.0,0.5794
2004-08-25,APIL,EQ,121.35,122.7,128.0,122.5,123.0,123.35,125.36,107074,1342308640000.0,,45341.0,0.42350000000000004
2004-08-26,APIL,EQ,123.35,124.7,127.0,123.5,125.0,124.5,125.11,67659,846474255000.0001,,22746.0,0.3362
2004-08-27,APIL,EQ,124.5,126.0,131.9,125.0,131.7,130.7,129.6,253268,3282339450000.0,,86347.0,0.34090000000000004
2004-08-30,APIL,EQ,130.7,132.45,136.0,132.45,134.05,133.75,134.34,208347,2799015275000.0,,95180.0,0.4568
2004-08-31,APIL,EQ,133.75,133.75,133.95,131.0,132.7,132.85,132.5,55097,730048385000.0,,31488.0,0.5715
2004-09-01,APIL,EQ,132.85,132.5,140.0,132.3,137.7,137.45,137.55,220180,3028631655000.0,,91888.0,0.4173
2004-09-02,APIL,EQ,137.45,138.85,138.85,131.05,132.1,132.1,134.47,99820,1342249070000.0,,48701.0,0.4879
2004-09-03,APIL,EQ,132.1,132.9,139.0,132.9,136.0,135.95,136.32,128649,1753805095000.0,,33982.0,0.2641
2004-09-06,APIL,EQ,135.95,137.2,138.75,136.0,137.15,136.8,137.26,83872,1151235350000.0,,44822.0,0.5344
2004-09-07,APIL,EQ,136.8,139.0,139.0,135.15,136.1,136.4,137.11,52983,726423845000.0,,31439.0,0.5934
2004-09-08,APIL,EQ,136.4,137.35,137.5,135.1,135.25,135.3,135.83,31920,433555670000.0,,19108.0,0.5986
2004-09-09,APIL,EQ,135.3,136.1,137.5,132.25,132.6,133.2,134.36,55421,744643180000.0,,30393.0,0.5484
2004-09-10,APIL,EQ,133.2,131.5,134.75,131.5,132.8,132.9,132.74,33643,446572325000.0,,19628.0,0.5834
2004-09-13,APIL,EQ,132.9,132.7,133.75,131.0,131.5,131.4,132.35,34896,461831730000.0,,25781.0,0.7388
2004-09-14,APIL,EQ,131.4,132.0,132.9,130.1,130.1,130.75,131.4,28321,372137130000.0,,14993.0,0.5294
2004-09-15,APIL,EQ,130.75,131.0,132.25,130.0,131.5,131.5,131.24,25413,333507975000.0,,14994.0,0.59
2004-09-16,APIL,EQ,131.5,132.0,132.2,130.65,132.2,131.45,131.43,22460,295185150000.0,,13719.0,0.6108
2004-09-17,APIL,EQ,131.45,134.0,136.55,133.0,134.05,135.2,135.07,90836,1226876825000.0,,52911.0,0.5825
2004-09-20,APIL,EQ,135.2,135.0,136.0,131.0,131.0,131.9,134.0,32223,431787059999.99994,,19596.0,0.6081000000000001
2004-09-21,APIL,EQ,131.9,131.9,135.5,131.55,132.1,131.95,133.1,48255,642275215000.0,,30468.0,0.6314000000000001
2004-09-22,APIL,EQ,131.95,139.0,142.0,132.1,140.0,140.55,139.54,271364,3786583079999.9995,,114717.0,0.4227
2004-09-23,APIL,EQ,140.55,141.3,143.75,138.0,138.25,139.15,141.14,175535,2477509715000.0,,71532.0,0.40750000000000003
2004-09-24,APIL,EQ,139.15,139.25,141.65,138.1,138.7,138.9,139.85,75697,1058609165000.0,,40753.0,0.5384000000000001
2004-09-27,APIL,EQ,138.9,140.4,140.4,138.2,139.0,139.25,139.12,41902,582959415000.0,,27862.0,0.6648999999999999
2004-09-28,APIL,EQ,139.25,140.7,140.7,135.65,137.3,138.5,137.8,30174,415801870000.0,,18131.0,0.6009000000000001
2004-09-29,APIL,EQ,138.5,137.5,144.9,137.5,141.25,141.55,142.44,122354,1742785760000.0002,,44175.0,0.36100000000000004
2004-09-30,APIL,EQ,141.55,142.0,143.0,138.1,139.4,139.0,140.84,39629,558130710000.0,,29874.0,0.7538
2004-10-01,APIL,EQ,139.0,140.4,142.15,140.0,140.5,140.95,141.02,35019,493851480000.0,,23212.0,0.6628000000000001
2004-10-04,APIL,EQ,140.95,141.0,143.8,140.0,140.1,140.2,140.76,42780,602181020000.0,,26764.0,0.6256
2004-10-05,APIL,EQ,140.2,141.7,141.9,139.4,140.0,139.9,140.54,43979,618088040000.0,,32960.0,0.7494
2004-10-06,APIL,EQ,139.9,140.1,145.0,140.1,142.7,141.6,142.85,81117,1158789805000.0,,39560.0,0.4877
2004-10-07,APIL,EQ,141.6,142.95,143.45,140.5,141.0,141.9,142.1,32004,454776434999.99994,,17321.0,0.5412
2004-10-08,APIL,EQ,141.9,141.7,142.0,139.2,140.0,139.85,140.49,26566,373228265000.0,,19483.0,0.7334
2004-10-09,APIL,EQ,139.85,140.2,141.3,139.0,139.2,139.1,140.07,14247,199551855000.0,,11470.0,0.8051
2004-10-11,APIL,EQ,139.1,143.85,143.9,137.05,137.05,138.15,140.72,38142,536722700000.0,,22759.0,0.5967
2004-10-12,APIL,EQ,138.15,139.1,139.95,131.1,134.0,134.05,134.73,23942,322576490000.0,,16569.0,0.6920000000000001
2004-10-14,APIL,EQ,134.05,132.5,134.9,130.1,130.1,130.65,131.56,40336,530676440000.00006,,25369.0,0.6289
2004-10-15,APIL,EQ,130.65,131.95,134.0,130.0,131.05,130.95,131.54,29693,390586760000.0,,20688.0,0.6967
2004-10-18,APIL,EQ,130.95,133.6,133.6,127.55,128.0,127.95,130.57,20644,269553940000.0,,15075.0,0.7302
2004-10-19,APIL,EQ,127.95,130.6,132.5,128.0,132.5,131.15,129.65,18438,239057765000.0,,9438.0,0.5119
2004-10-20,APIL,EQ,131.15,132.35,133.9,132.0,132.5,132.2,132.69,19351,256760090000.0,,9922.0,0.5127
2004-10-21,APIL,EQ,132.2,134.9,134.9,130.7,131.1,131.2,132.39,12967,171675755000.0,,7408.0,0.5713
2004-10-25,APIL,EQ,131.2,134.2,135.0,125.0,129.1,128.7,130.56,27075,353486165000.0,,13257.0,0.48960000000000004
2004-10-26,APIL,EQ,128.7,129.95,130.75,127.5,127.95,127.95,128.29,23764,304873475000.0,,19336.0,0.8137000000000001
2004-10-27,APIL,EQ,127.95,128.5,129.15,127.0,127.8,127.7,127.89,28443,363750330000.0,,22368.0,0.7864
2004-10-28,APIL,EQ,127.7,130.9,132.0,127.15,128.4,128.35,128.69,41829,538305095000.0,,29848.0,0.7136
2004-10-29,APIL,EQ,128.35,128.5,132.7,127.0,131.55,131.9,130.43,29639,386590175000.0,,15982.0,0.5392
2004-11-01,APIL,EQ,131.9,132.5,133.4,126.0,130.0,129.95,130.82,66862,874657750000.0,,38693.0,0.5787
2004-11-02,APIL,EQ,129.95,130.0,133.8,130.0,133.75,132.7,132.08,49690,656300900000.0,,40351.0,0.8120999999999999
2004-11-03,APIL,EQ,132.7,134.0,138.25,134.0,137.05,137.3,135.99,86524,1176643075000.0,,55053.0,0.6363000000000001
2004-11-04,APIL,EQ,137.3,139.0,142.95,138.0,138.5,138.85,139.56,86767,1210884360000.0,,45846.0,0.5284000000000001
2004-11-05,APIL,EQ,138.85,139.2,139.2,135.5,136.0,136.05,136.98,37557,514458280000.0,,23176.0,0.6171
2004-11-08,APIL,EQ,136.05,136.4,136.5,133.0,133.6,133.5,134.58,25492,343062850000.0,,19665.0,0.7714
2004-11-09,APIL,EQ,133.5,134.3,135.5,131.1,132.0,132.0,132.83,19110,253839510000.0,,13861.0,0.7253000000000001
2004-11-10,APIL,EQ,132.0,131.5,134.0,131.4,132.7,132.15,132.48,18262,241928210000.0,,12127.0,0.6641
2004-11-11,APIL,EQ,132.15,133.0,134.9,132.1,133.35,133.15,133.27,20847,277832330000.0,,13423.0,0.6439
2004-11-12,APIL,EQ,133.15,134.0,134.95,132.0,133.0,132.45,133.31,7378,98356345000.0,,5133.0,0.6957
2004-11-16,APIL,EQ,132.45,133.0,134.0,130.05,131.5,131.25,131.42,18243,239745720000.00003,,10089.0,0.5529999999999999
2004-11-17,APIL,EQ,131.25,132.95,134.0,129.75,132.5,131.9,131.74,56498,744312985000.0,,37418.0,0.6623
2004-11-18,APIL,EQ,131.9,133.5,134.5,131.25,131.5,131.65,132.3,63237,836613080000.0,,42194.0,0.6672
2004-11-19,APIL,EQ,131.65,133.4,133.4,130.35,131.0,130.85,131.82,54778,722081315000.0,,44720.0,0.8164
2004-11-22,APIL,EQ,130.85,130.0,130.5,128.0,129.0,128.9,129.23,36255,468533395000.0,,27099.0,0.7475
2004-11-23,APIL,EQ,128.9,132.5,141.3,132.5,141.0,139.7,137.77,210201,2895887255000.0,,116934.0,0.5563
2004-11-24,APIL,EQ,139.7,140.8,144.9,140.35,142.5,141.85,142.56,171813,2449338270000.0,,69080.0,0.4021
2004-11-25,APIL,EQ,141.85,143.0,143.5,137.05,138.0,138.35,140.26,56248,788962230000.0,,32427.0,0.5765
2004-11-29,APIL,EQ,138.35,138.0,141.35,135.05,136.75,136.2,137.4,50947,700015935000.0,,36458.0,0.7156
2004-11-30,APIL,EQ,136.2,138.7,138.9,134.5,134.5,135.0,136.52,64296,877747385000.0,,32435.0,0.5045000000000001
2004-12-01,APIL,EQ,135.0,136.5,136.8,132.6,135.25,134.9,134.48,28640,385145685000.0,,14933.0,0.5214
2004-12-02,APIL,EQ,134.9,135.15,140.0,135.15,138.5,139.05,138.33,64428,891249694999.9999,,38640.0,0.5997
2004-12-03,APIL,EQ,139.05,139.85,148.8,136.0,148.0,144.2,143.33,172743,2476001595000.0,,112931.0,0.6537999999999999
2004-12-06,APIL,EQ,144.2,150.1,154.85,144.7,154.0,152.7,150.72,754189,11366947375000.0,,229416.0,0.3042
2004-12-07,APIL,EQ,152.7,156.5,156.75,147.8,148.5,148.95,153.02,229711,3515071045000.0005,,104548.0,0.4551
2004-12-08,APIL,EQ,148.95,149.9,153.5,144.9,145.8,146.05,149.3,110996,1657154130000.0,,55536.0,0.5003
2004-12-09,APIL,EQ,146.05,147.0,148.55,144.25,145.5,144.65,146.4,63531,930082719999.9999,,32541.0,0.5122
2004-12-10,APIL,EQ,144.65,147.85,150.0,145.0,146.1,146.0,147.62,79287,1170395800000.0,,31874.0,0.402
2004-12-13,APIL,EQ,146.0,147.85,153.0,147.85,151.0,150.9,150.86,86516,1305168535000.0,,47235.0,0.546
2004-12-14,APIL,EQ,150.9,156.0,156.0,151.1,152.0,151.7,152.87,108841,1663900390000.0,,71572.0,0.6576000000000001
2004-12-15,APIL,EQ,151.7,154.4,154.4,151.05,151.7,152.0,152.86,98187,1500912115000.0,,51130.0,0.5207
2004-12-16,APIL,EQ,152.0,153.0,154.1,151.35,152.3,151.8,152.77,73583,1124105920000.0,,37917.0,0.5153
2004-12-17,APIL,EQ,151.8,161.0,161.0,150.1,153.6,152.8,152.97,76324,1167500675000.0,,38924.0,0.51
2004-12-20,APIL,EQ,152.8,152.5,157.0,152.5,154.0,153.4,154.39,87935,1357595235000.0,,58134.0,0.6611
2004-12-21,APIL,EQ,153.4,154.0,168.4,154.0,165.05,164.25,163.2,442174,7216412690000.001,,162419.0,0.36729999999999996
2004-12-22,APIL,EQ,164.25,165.95,165.95,158.1,158.5,158.6,160.9,114654,1844832470000.0,,66977.0,0.5842
2004-12-23,APIL,EQ,158.6,158.05,160.6,156.1,157.0,156.95,158.48,53089,841341460000.0,,31533.0,0.594
2004-12-24,APIL,EQ,156.95,157.1,159.6,156.25,159.6,158.55,157.8,45412,716592840000.0,,23107.0,0.5088
2004-12-27,APIL,EQ,158.55,159.0,166.7,157.5,157.5,158.75,162.87,119351,1943816195000.0,,46944.0,0.3933
2004-12-28,APIL,EQ,158.75,159.95,162.0,158.55,158.65,159.2,160.21,59015,945457380000.0001,,37312.0,0.6322
2004-12-29,APIL,EQ,159.2,162.0,162.0,155.05,156.5,156.05,157.33,68051,1070620894999.9999,,39681.0,0.5831000000000001
2004-12-30,APIL,EQ,156.05,158.7,160.2,155.0,157.25,156.7,157.52,55975,881733280000.0001,,33732.0,0.6026
2004-12-31,APIL,EQ,156.7,159.8,159.8,154.2,155.25,155.6,155.9,34722,541320120000.0,,20829.0,0.5999
2005-01-03,APIL,EQ,155.6,157.0,159.5,156.0,159.1,158.05,157.9,44035,695328180000.0,,26532.0,0.6025
2005-01-04,APIL,EQ,158.05,159.75,159.9,152.25,153.5,153.6,154.98,86955,1347657045000.0,,63794.0,0.7336
2005-01-05,APIL,EQ,153.6,154.0,154.8,142.1,145.9,147.2,148.12,115304,1707874464999.9998,,84988.0,0.7371
2005-01-06,APIL,EQ,147.2,143.2,145.0,137.0,140.0,140.05,141.94,111535,1583173840000.0,,61384.0,0.5504
2005-01-07,APIL,EQ,140.05,141.0,144.25,139.0,140.3,140.55,141.19,91268,1288645890000.0,,62692.0,0.6869
2005-01-10,APIL,EQ,140.55,142.0,144.3,139.05,140.0,139.6,141.83,63675,903088550000.0,,43151.0,0.6777
2005-01-11,APIL,EQ,139.6,141.85,144.4,139.0,139.6,140.15,141.18,49363,696913195000.0,,22315.0,0.4521
2005-01-12,APIL,EQ,140.15,140.25,142.8,134.35,136.8,135.45,137.7,48714,670799980000.0,,30256.0,0.6211
2005-01-13,APIL,EQ,135.45,139.9,140.0,136.5,139.7,139.05,138.28,46042,636674330000.0,,27460.0,0.5964
2005-01-14,APIL,EQ,139.05,138.1,139.45,136.0,136.1,136.7,137.43,23513,323129940000.0,,12800.0,0.5444
2005-01-17,APIL,EQ,136.7,137.0,138.2,128.1,131.4,130.65,130.56,52889,690500485000.0,,28824.0,0.545
2005-01-18,APIL,EQ,130.65,150.0,150.0,131.2,136.0,134.8,134.43,29766,400155125000.0,,15764.0,0.5296000000000001
2005-01-19,APIL,EQ,134.8,135.25,136.5,133.0,133.1,133.15,135.02,31862,430196055000.0,,22163.0,0.6956
2005-01-20,APIL,EQ,133.15,137.0,137.0,131.0,132.0,132.05,132.37,15626,206846320000.0,,9485.0,0.6070000000000001
2005-01-24,APIL,EQ,132.05,132.8,132.9,131.0,131.0,131.2,131.75,11261,148358940000.0,,7393.0,0.6565000000000001
2005-01-25,APIL,EQ,131.2,130.0,133.8,130.0,133.75,133.5,132.26,13264,175427270000.0,,6821.0,0.5142
2005-01-27,APIL,EQ,133.5,134.0,139.5,134.0,138.5,138.95,137.21,37864,519542105000.0,,27079.0,0.7152
2005-01-28,APIL,EQ,138.95,140.9,141.85,138.5,140.55,140.85,139.74,21357,298433855000.0,,15304.0,0.7166
2005-01-31,APIL,EQ,140.85,142.9,144.0,135.6,138.05,138.25,138.99,134769,1873175825000.0,,33546.0,0.2489
2005-02-01,APIL,EQ,138.25,135.15,138.0,132.15,134.4,134.9,134.64,66997,902071019999.9999,,33522.0,0.5004
2005-02-02,APIL,EQ,134.9,137.5,144.5,135.0,144.5,143.05,140.85,119205,1679000314999.9998,,55059.0,0.4619
2005-02-03,APIL,EQ,143.05,145.9,150.0,144.55,147.0,146.65,146.72,133414,1957454610000.0002,,75227.0,0.5639000000000001
2005-02-04,APIL,EQ,146.65,148.5,149.7,143.05,147.75,147.8,146.62,87073,1276625380000.0,,51002.0,0.5857
2005-02-07,APIL,EQ,147.8,148.5,148.85,142.0,142.45,143.2,145.67,61604,897408655000.0001,,39140.0,0.6353
2005-02-08,APIL,EQ,143.2,143.0,154.35,143.0,151.0,150.8,150.44,189628,2852685055000.0,,90356.0,0.4765
2005-02-09,APIL,EQ,150.8,153.0,158.0,153.0,157.0,156.35,156.49,242197,3790079725000.0,,127837.0,0.5278
2005-02-10,APIL,EQ,156.35,158.0,161.9,157.5,159.75,158.95,159.82,157058,2510036560000.0,,75036.0,0.4778
2005-02-11,APIL,EQ,158.95,131.55,165.0,131.55,160.25,160.7,161.37,153171,2471725180000.0,,69612.0,0.4545
2005-02-14,APIL,EQ,160.7,162.0,166.8,158.5,159.0,159.4,161.64,105154,1699670285000.0002,,47621.0,0.4529
2005-02-15,APIL,EQ,159.4,160.8,160.8,154.0,156.25,156.4,156.48,64056,1002326085000.0,,31899.0,0.498
2005-02-16,APIL,EQ,156.4,157.9,161.85,156.25,156.9,157.35,158.42,164764,2610122425000.0,,130149.0,0.7898999999999999
2005-02-17,APIL,EQ,157.35,158.25,158.25,153.25,155.75,155.7,155.07,159180,2468463030000.0,,130818.0,0.8218000000000001
2005-02-18,APIL,EQ,155.7,155.5,159.4,155.5,157.35,157.15,157.1,153575,2412613555000.0,,137267.0,0.8937999999999999
2005-02-21,APIL,EQ,157.15,154.05,159.9,154.05,155.0,156.8,157.04,45079,707902960000.0,,18446.0,0.4092
2005-02-22,APIL,EQ,156.8,158.45,158.45,155.0,156.5,156.3,156.11,54029,843469385000.0,,31213.0,0.5777
2005-02-23,APIL,EQ,156.3,155.25,159.9,155.25,159.1,158.75,157.67,49771,784746640000.0,,32222.0,0.6474
2005-02-24,APIL,EQ,158.75,159.0,168.0,158.0,166.0,166.2,165.08,335360,5536007115000.0,,169878.0,0.5065999999999999
2005-02-25,APIL,EQ,166.2,168.7,174.7,167.8,170.0,170.55,171.46,538874,9239695390000.0,,208300.0,0.3865
2005-02-28,APIL,EQ,170.55,172.4,176.45,170.0,170.05,170.4,173.3,304377,5274951710000.0,,120175.0,0.3948
2005-03-01,APIL,EQ,170.4,171.1,172.0,145.1,170.6,170.6,169.21,102921,1741501464999.9998,,51171.0,0.4972
2005-03-02,APIL,EQ,170.6,170.9,175.0,170.8,174.2,174.1,173.11,91443,1582994805000.0,,55932.0,0.6117
2005-03-03,APIL,EQ,174.1,173.0,178.75,173.0,175.7,175.55,176.77,102839,1817895789999.9998,,56655.0,0.5509000000000001
2005-03-04,APIL,EQ,175.55,177.7,179.0,175.0,175.5,175.65,176.6,76875,1357639255000.0,,41445.0,0.5391
2005-03-07,APIL,EQ,175.65,177.4,180.9,176.5,178.1,178.35,178.18,119154,2123126430000.0,,64065.0,0.5377000000000001
2005-03-08,APIL,EQ,178.35,180.0,199.0,179.25,194.0,194.1,191.93,665717,12777286085000.0,,177607.0,0.2668
2005-03-09,APIL,EQ,194.1,194.85,200.0,185.15,186.0,186.4,192.59,374854,7219291875000.0,,92341.0,0.2463
2005-03-10,APIL,EQ,186.4,188.0,193.65,183.35,193.05,191.7,189.33,261100,4943305595000.0,,74578.0,0.2856
2005-03-11,APIL,EQ,191.7,193.45,197.85,187.0,189.0,188.65,192.98,149486,2884804210000.0,,67665.0,0.45270000000000005
2005-03-14,APIL,EQ,188.65,175.05,189.7,175.05,186.15,186.45,186.07,99459,1850671060000.0002,,55189.0,0.5549000000000001
2005-03-15,APIL,EQ,186.45,185.25,187.7,177.0,182.0,183.2,183.43,75548,1385786920000.0,,39829.0,0.5272
2005-03-16,APIL,EQ,183.2,183.0,186.9,182.05,182.35,182.75,184.57,42450,783491715000.0,,23255.0,0.5478000000000001
2005-03-17,APIL,EQ,182.75,182.75,184.7,180.05,183.7,183.55,182.71,62533,1142513130000.0,,39115.0,0.6255
2005-03-18,APIL,EQ,183.55,183.0,183.5,173.05,178.0,178.55,176.81,108505,1918442385000.0002,,43481.0,0.4007
2005-03-21,APIL,EQ,178.55,181.5,181.5,173.1,173.1,174.35,176.27,39627,698505190000.0,,26494.0,0.6686
2005-03-22,APIL,EQ,174.35,174.5,174.5,166.5,168.1,167.55,169.86,54074,918500355000.0001,,36240.0,0.6702
2005-03-23,APIL,EQ,167.55,165.9,168.0,160.5,162.5,161.75,164.73,69634,1147105990000.0,,42501.0,0.6103000000000001
2005-03-24,APIL,EQ,161.75,163.45,166.0,157.0,159.5,159.6,160.64,44270,711142920000.0,,24374.0,0.5506000000000001
2005-03-28,APIL,EQ,159.6,165.75,165.8,158.0,161.85,162.6,161.97,48874,791590020000.0,,20214.0,0.4136
2005-03-29,APIL,EQ,162.6,165.9,165.9,156.0,158.75,157.7,158.67,63932,1014411435000.0,,45848.0,0.7171
2005-03-30,APIL,EQ,157.7,160.0,177.7,159.25,174.15,173.1,168.32,140971,2372813295000.0,,62971.0,0.44670000000000004
2005-03-31,APIL,EQ,173.1,178.7,184.75,176.2,181.5,180.45,180.36,180344,3252696320000.0,,84177.0,0.4668
2005-04-01,APIL,EQ,180.45,182.0,208.0,180.0,204.8,204.2,197.16,921864,18175146550000.0,,344281.0,0.3735
2005-04-04,APIL,EQ,204.2,206.0,207.0,195.2,197.05,197.65,201.16,376555,7574962280000.0,,124315.0,0.3301
2005-04-05,APIL,EQ,197.65,199.0,221.5,193.0,211.5,210.8,212.1,1168081,24775567450000.0,,218586.0,0.18710000000000002
2005-04-06,APIL,EQ,210.8,213.5,225.4,212.05,218.65,219.2,220.08,1111386,24458899140000.0,,182915.0,0.16460000000000002
2005-04-07,APIL,EQ,219.2,221.85,224.7,211.55,214.3,213.4,218.28,382172,8342010030000.0,,88791.0,0.2323
2005-04-08,APIL,EQ,213.4,216.0,216.85,205.05,206.15,207.55,209.88,287551,6035261700000.0,,74026.0,0.25739999999999996
2005-04-11,APIL,EQ,207.55,205.05,207.9,200.5,201.3,201.25,202.74,180469,3658791910000.0,,58323.0,0.3232
2005-04-12,APIL,EQ,201.25,202.65,214.3,202.0,206.1,206.4,208.15,271934,5660240920000.0,,63165.0,0.2323
2005-04-13,APIL,EQ,206.4,208.3,212.75,204.65,205.25,206.25,208.33,395313,8235387709999.999,,69715.0,0.1764
2005-04-15,APIL,EQ,206.25,205.8,205.8,196.0,197.1,197.75,200.48,238637,4784175980000.0,,66939.0,0.2805
2005-04-18,APIL,EQ,197.75,196.7,204.05,190.35,197.85,197.85,198.06,253239,5015576660000.0,,48018.0,0.18960000000000002
2005-04-19,APIL,EQ,197.85,200.8,211.0,200.5,202.55,201.9,205.94,437142,9002585400000.0,,77898.0,0.1782
2005-04-20,APIL,EQ,201.9,203.7,206.8,197.2,205.0,203.95,202.97,174507,3541988740000.0,,37901.0,0.2172
2005-04-21,APIL,EQ,203.95,203.95,211.9,201.0,208.0,208.6,208.22,531996,11077141245000.0,,85628.0,0.161
2005-04-22,APIL,EQ,208.6,210.7,222.7,209.0,215.0,215.5,217.34,751611,16335634744999.998,,121876.0,0.16219999999999998
2005-04-25,APIL,EQ,215.5,216.3,221.7,213.5,214.7,214.45,217.26,257448,5593334340000.0,,52116.0,0.2024
2005-04-26,APIL,EQ,214.45,215.5,229.3,215.3,223.5,223.5,224.21,906110,20316158415000.0,,140001.0,0.1545
2005-04-27,APIL,EQ,223.5,224.25,241.8,220.0,236.0,236.25,234.53,1644268,38563615685000.0,,246972.0,0.1502
2005-04-28,APIL,EQ,236.25,238.0,247.95,233.1,243.9,241.55,241.65,1327472,32078710835000.004,,127377.0,0.096
2005-04-29,APIL,EQ,241.55,243.3,243.7,233.3,235.5,235.2,239.12,606766,14508949005000.002,,64726.0,0.1067
2005-05-02,APIL,EQ,235.2,238.0,238.0,219.65,221.35,222.45,226.4,414695,9388720910000.0,,82066.0,0.1979
2005-05-03,APIL,EQ,222.45,219.85,222.4,212.25,218.2,217.35,217.61,543875,11835421105000.0,,85911.0,0.158
2005-05-04,APIL,EQ,217.35,219.85,233.7,218.0,232.8,231.1,227.45,678024,15421629550000.0,,90754.0,0.13390000000000002
2005-05-05,APIL,EQ,231.1,234.55,241.5,231.5,233.5,233.35,236.71,550970,13041827795000.0,,114768.0,0.20829999999999999
2005-05-06,APIL,EQ,233.35,235.7,236.25,228.25,230.5,231.1,231.97,271742,6303646990000.0,,70910.0,0.2609
2005-05-09,APIL,EQ,231.1,232.7,233.05,224.75,225.95,226.2,228.41,202962,4635784300000.0,,94929.0,0.46770000000000006
2005-05-10,APIL,EQ,226.2,227.5,228.7,217.3,218.0,218.5,222.8,250008,5570179550000.0,,92241.0,0.369
2005-05-11,APIL,EQ,218.5,219.25,228.7,215.5,216.1,217.25,221.39,415404,9196718485000.0,,110120.0,0.2651
2005-05-12,APIL,EQ,217.25,217.75,225.8,217.75,223.5,222.85,222.2,236254,5249645155000.0,,50543.0,0.2139
2005-05-13,APIL,EQ,222.85,223.5,228.0,223.0,227.1,226.1,225.86,199544,4506829930000.0,,68026.0,0.34090000000000004
2005-05-16,APIL,EQ,226.1,227.7,229.4,224.25,226.55,226.3,226.99,117738,2672528955000.0,,48022.0,0.4079
2005-05-17,APIL,EQ,226.3,227.5,231.85,223.05,224.0,224.3,227.53,244704,5567706915000.0,,43123.0,0.17620000000000002
2005-05-18,APIL,EQ,224.3,226.5,229.75,223.0,225.15,226.1,226.2,138167,3125269990000.0,,27436.0,0.1986
2005-05-19,APIL,EQ,226.1,228.75,229.85,225.05,225.1,226.3,227.45,78261,1780082130000.0,,16538.0,0.2113
2005-05-20,APIL,EQ,226.3,226.0,228.0,222.6,224.15,224.8,225.05,88869,2000000020000.0,,34572.0,0.389
2005-05-23,APIL,EQ,224.8,226.45,226.45,219.05,219.5,220.7,222.85,151799,3382823570000.0005,,72796.0,0.4796
2005-05-24,APIL,EQ,220.7,222.85,227.9,222.0,225.5,225.05,225.18,116862,2631525770000.0,,47744.0,0.4086
2005-05-25,APIL,EQ,225.05,225.0,226.3,222.0,222.1,222.6,223.93,52035,1165198430000.0,,17685.0,0.33990000000000004
2005-05-26,APIL,EQ,222.6,215.0,234.3,215.0,231.5,230.55,229.76,229134,5264657875000.0,,72524.0,0.3165
2005-05-27,APIL,EQ,230.55,231.0,236.45,228.1,228.6,228.95,233.03,238597,5560038700000.0,,93571.0,0.3922
2005-05-30,APIL,EQ,228.95,229.75,230.8,223.1,225.0,224.7,225.94,100238,2264783270000.0,,36971.0,0.3688
2005-05-31,APIL,EQ,224.7,226.85,243.8,223.25,243.5,240.8,237.88,752551,17901366080000.0,,137408.0,0.1826
2005-06-01,APIL,EQ,240.8,241.0,249.7,238.0,238.1,239.4,244.31,537051,13120535430000.0,,127678.0,0.2377
2005-06-02,APIL,EQ,239.4,240.0,241.6,231.35,233.0,233.2,236.56,174197,4120734395000.0005,,50981.0,0.2927
2005-06-03,APIL,EQ,233.2,233.7,241.8,229.1,239.6,239.4,236.11,209147,4938149400000.0,,43726.0,0.2091
2005-06-04,APIL,EQ,239.4,242.0,242.0,235.15,238.4,237.95,238.26,65748,1566495525000.0,,18375.0,0.2795
2005-06-06,APIL,EQ,237.95,239.45,239.5,233.05,233.35,234.35,236.68,94985,2248126175000.0,,38840.0,0.40890000000000004
2005-06-07,APIL,EQ,234.35,234.5,236.7,230.8,232.5,231.6,232.84,69427,1616560805000.0,,24723.0,0.3561
2005-06-08,APIL,EQ,231.6,232.9,234.9,229.75,231.0,230.45,231.84,83497,1935783575000.0,,34267.0,0.4104
2005-06-09,APIL,EQ,230.45,230.0,232.7,225.3,226.1,226.75,229.3,125596,2879896830000.0,,61770.0,0.4918
2005-06-10,APIL,EQ,226.75,228.75,230.5,224.5,225.0,225.4,227.29,75220,1709639925000.0,,29463.0,0.39170000000000005
2005-06-13,APIL,EQ,225.4,225.4,227.4,221.55,222.5,222.8,223.55,75893,1696622780000.0,,46564.0,0.6135
2005-06-14,APIL,EQ,222.8,222.0,224.75,219.0,220.0,219.55,220.68,76616,1690743270000.0,,44828.0,0.5851
2005-06-15,APIL,EQ,219.55,217.7,224.1,217.7,219.15,218.7,220.06,264979,5831231700000.0,,207682.0,0.7837999999999999
2005-06-16,APIL,EQ,218.7,220.85,224.0,215.5,216.3,216.2,219.3,243202,5333411715000.0,,168947.0,0.6947
2005-06-17,APIL,EQ,216.2,217.8,219.0,211.5,211.75,212.25,215.11,138945,2988877020000.0,,66012.0,0.47509999999999997
2005-06-20,APIL,EQ,212.25,208.0,214.95,201.6,206.8,205.9,207.71,83860,1741888050000.0,,51005.0,0.6082
2005-06-21,APIL,EQ,205.9,207.0,215.0,203.5,206.3,206.9,209.25,96939,2028481645000.0,,36257.0,0.374
2005-06-22,APIL,EQ,206.9,207.9,210.75,205.6,208.0,207.05,208.26,65037,1354446540000.0,,26690.0,0.4104
2005-06-23,APIL,EQ,207.05,208.85,210.0,205.25,205.7,206.05,207.44,63853,1324558430000.0,,21563.0,0.33770000000000006
2005-06-24,APIL,EQ,206.05,207.9,211.15,205.0,208.7,208.5,208.96,79446,1660123370000.0,,22594.0,0.28440000000000004
2005-06-27,APIL,EQ,208.5,207.25,209.7,203.1,204.3,205.0,206.9,51208,1059489715000.0,,27301.0,0.5331
2005-06-28,APIL,EQ,205.0,206.9,210.0,202.95,204.1,204.15,206.44,67747,1398562950000.0,,19559.0,0.2887
2005-06-29,APIL,EQ,204.15,205.8,208.0,204.0,207.8,207.3,206.15,35096,723501850000.0,,14799.0,0.4217
2005-06-30,APIL,EQ,207.3,207.9,215.15,207.0,207.5,208.6,210.43,102923,2165842735000.0002,,29766.0,0.2892
2005-07-01,APIL,EQ,208.6,208.6,211.8,207.8,209.2,209.05,209.05,64082,1339656475000.0,,27972.0,0.4365
2005-07-04,APIL,EQ,209.05,210.8,215.45,209.05,210.0,210.25,212.2,86560,1836799135000.0002,,34409.0,0.3975
2005-07-05,APIL,EQ,210.25,211.8,217.0,206.4,207.75,207.75,211.9,157242,3331993660000.0,,61750.0,0.39270000000000005
2005-07-06,APIL,EQ,207.75,209.7,224.95,209.6,224.25,221.65,217.3,442215,9609386285000.0,,151864.0,0.34340000000000004
2005-07-07,APIL,EQ,221.65,225.2,228.6,212.15,214.5,214.0,221.2,253845,5615075980000.0,,88008.0,0.3467
2005-07-08,APIL,EQ,214.0,218.0,219.85,214.8,217.15,218.05,217.23,146512,3182707925000.0,,48860.0,0.3335
2005-07-11,APIL,EQ,218.05,219.9,222.0,218.0,222.0,221.1,220.54,134557,2967553380000.0,,60877.0,0.4524
2005-07-12,APIL,EQ,221.1,221.25,222.0,213.0,215.0,214.95,216.62,114800,2486818745000.0,,67456.0,0.5876
2005-07-13,APIL,EQ,214.95,216.4,219.6,214.05,216.65,215.85,216.35,105720,2287248285000.0,,31912.0,0.3019
2005-07-14,APIL,EQ,215.85,216.9,220.0,215.85,219.5,218.15,217.62,78517,1708662170000.0,,27426.0,0.3493
2005-07-15,APIL,EQ,218.15,218.95,220.1,215.0,215.5,215.65,216.52,79792,1727681060000.0002,,33230.0,0.4165
2005-07-18,APIL,EQ,215.65,217.7,220.0,214.0,214.0,214.8,216.18,79308,1714488160000.0002,,44623.0,0.5627000000000001
2005-07-19,APIL,EQ,214.8,215.0,217.0,213.8,214.5,214.6,215.64,49340,1063950110000.0,,16773.0,0.33990000000000004
2005-07-20,APIL,EQ,214.6,215.5,217.0,214.0,214.0,214.85,215.27,65347,1406699215000.0,,38592.0,0.5906
2005-07-21,APIL,EQ,214.85,197.65,216.7,197.65,212.9,212.85,214.33,57873,1240381980000.0,,30168.0,0.5213
2005-07-22,APIL,EQ,212.85,212.15,215.8,210.1,211.9,211.45,213.05,48493,1033131640000.0,,26124.0,0.5387
2005-07-25,APIL,EQ,211.45,213.7,225.7,213.6,219.0,218.85,221.17,338641,7489846805000.0,,120512.0,0.35590000000000005
2005-07-26,APIL,EQ,218.85,220.9,227.9,218.15,220.8,220.8,223.03,255186,5691332190000.0,,67693.0,0.26530000000000004
2005-07-27,APIL,EQ,220.8,222.0,223.6,218.15,220.5,219.8,221.09,87105,1925781085000.0002,,20750.0,0.2382
2005-07-29,APIL,EQ,219.8,202.2,221.85,202.2,214.9,213.9,216.44,63922,1383548810000.0,,32682.0,0.5113000000000001
2005-08-01,APIL,EQ,213.9,205.0,211.8,203.0,205.5,207.2,207.23,134622,2789808905000.0,,57166.0,0.42460000000000003
2005-08-02,APIL,EQ,207.2,209.65,214.4,208.5,210.0,209.8,210.49,74030,1558285850000.0,,37491.0,0.5064
2005-08-03,APIL,EQ,209.8,211.0,211.0,208.0,210.0,209.15,209.4,51984,1088549400000.0,,26630.0,0.5123
2005-08-04,APIL,EQ,209.15,210.85,215.4,208.5,209.5,209.65,211.84,119488,2531237500000.0,,62385.0,0.5221
2005-08-05,APIL,EQ,209.65,211.9,221.9,209.0,214.1,214.6,216.63,338393,7330594230000.0,,108939.0,0.32189999999999996
2005-08-08,APIL,EQ,214.6,217.0,217.0,209.0,209.6,209.7,212.38,70337,1493821360000.0,,35018.0,0.4979
2005-08-09,APIL,EQ,209.7,211.7,213.7,206.0,207.2,206.8,210.68,122284,2576321370000.0,,83288.0,0.6811
2005-08-10,APIL,EQ,206.8,209.4,212.2,208.1,209.5,209.4,210.35,88220,1855706925000.0,,61139.0,0.693
2005-08-11,APIL,EQ,209.4,211.9,212.4,207.0,207.95,208.5,209.59,91686,1921660770000.0,,58710.0,0.6403
2005-08-12,APIL,EQ,208.5,210.4,217.0,206.2,207.0,206.85,210.91,213588,4504844865000.0,,104470.0,0.4891
2005-08-16,APIL,EQ,206.85,209.35,210.4,202.0,202.5,203.1,204.62,183325,3751215645000.0005,,129643.0,0.7072
2005-08-17,APIL,EQ,203.1,204.0,207.9,203.0,203.75,204.15,205.09,125187,2567518315000.0,,75705.0,0.6047
2005-08-18,APIL,EQ,204.15,205.8,206.4,202.0,202.5,202.55,203.94,90875,1853306925000.0,,46633.0,0.5132
2005-08-19,APIL,EQ,202.55,203.8,205.0,202.05,204.9,204.5,204.5,89451,1829232800000.0,,59715.0,0.6676000000000001
2005-08-22,APIL,EQ,204.5,205.5,206.0,202.6,203.25,204.05,204.63,74111,1516512645000.0,,48757.0,0.6579
2005-08-23,APIL,EQ,204.05,203.25,204.0,195.5,197.5,196.45,199.92,54714,1093856455000.0001,,32782.0,0.5992000000000001
2005-08-24,APIL,EQ,196.45,197.0,199.0,192.4,194.0,194.7,195.75,61965,1212949660000.0,,29851.0,0.4817
2005-08-25,APIL,EQ,194.7,196.8,197.5,193.25,196.1,196.25,196.07,33118,649348410000.0,,14701.0,0.4439
2005-08-26,APIL,EQ,196.25,194.5,230.0,194.5,202.9,203.3,203.2,119868,2435672450000.0,,55975.0,0.467
2005-08-29,APIL,EQ,203.3,204.8,205.0,201.25,203.5,202.35,203.19,65702,1335024390000.0,,28329.0,0.43119999999999997
2005-08-30,APIL,EQ,202.35,204.95,205.0,202.05,203.0,203.95,203.63,98330,2002281395000.0,,55666.0,0.5661
2005-08-31,APIL,EQ,203.95,204.05,213.85,203.0,206.0,206.05,208.44,325570,6786050805000.0,,149560.0,0.4594
2005-09-01,APIL,EQ,206.05,207.4,210.3,204.3,205.75,205.4,207.53,123067,2554019960000.0,,61975.0,0.5036
2005-09-02,APIL,EQ,205.4,206.0,214.0,203.75,207.15,207.85,210.23,466118,9799265105000.0,,194107.0,0.4164
2005-09-05,APIL,EQ,207.85,210.0,211.0,203.8,205.1,204.6,207.05,166494,3447291779999.9995,,97023.0,0.5827
2005-09-06,APIL,EQ,204.6,206.6,206.9,203.1,203.1,203.7,204.72,65665,1344278575000.0,,27908.0,0.425
2005-09-08,APIL,EQ,203.7,205.65,207.5,203.5,205.9,204.65,204.92,92375,1892912689999.9998,,51896.0,0.5618
2005-09-09,APIL,EQ,204.65,202.0,205.95,202.0,204.0,203.8,204.14,69492,1418604705000.0,,48351.0,0.6958
2005-09-12,APIL,EQ,203.8,205.0,211.8,204.0,207.0,206.8,207.98,183960,3826015504999.9995,,86497.0,0.47020000000000006
2005-09-13,APIL,EQ,206.8,208.9,209.5,205.0,205.05,205.25,206.62,105972,2189585545000.0,,65217.0,0.6154000000000001
2005-09-14,APIL,EQ,205.25,206.7,209.9,202.1,203.5,203.6,206.67,173499,3585650404999.9995,,56906.0,0.32799999999999996
2005-09-15,APIL,EQ,203.6,204.7,206.0,204.0,204.7,204.4,204.92,65832,1349029875000.0,,34292.0,0.5209
2005-09-16,APIL,EQ,204.4,205.0,206.5,201.2,202.25,202.4,203.85,81724,1665905905000.0,,53119.0,0.65
2005-09-19,APIL,EQ,202.4,202.1,205.4,202.0,202.1,202.35,202.91,79899,1621234110000.0,,49131.0,0.6149
2005-09-20,APIL,EQ,202.35,202.5,204.9,200.0,201.5,201.5,202.26,86102,1741465685000.0002,,37906.0,0.44020000000000004
2005-09-21,APIL,EQ,201.5,202.0,203.0,190.0,196.0,196.3,196.45,94820,1862708250000.0,,46348.0,0.4888
2005-09-22,APIL,EQ,196.3,199.4,204.4,194.0,195.3,196.05,199.07,270964,5394121805000.0,,163256.0,0.6025
2005-09-23,APIL,EQ,196.05,200.0,200.0,188.2,191.0,190.5,191.73,87373,1675238590000.0,,48443.0,0.5544
2005-09-26,APIL,EQ,190.5,195.0,196.2,190.15,193.9,193.05,193.02,90789,1752423825000.0,,59365.0,0.6539
2005-09-27,APIL,EQ,193.05,194.0,198.0,194.0,194.55,195.25,195.73,53737,1051771225000.0,,22564.0,0.41990000000000005
2005-09-28,APIL,EQ,195.25,196.05,197.8,195.25,195.7,195.7,196.17,38596,757141140000.0,,13568.0,0.3515
2005-09-29,APIL,EQ,195.7,196.95,203.9,196.3,198.0,198.25,199.93,143090,2860770335000.0,,38363.0,0.2681
2005-09-30,APIL,EQ,198.25,198.0,199.05,192.0,193.8,193.65,194.61,54006,1051036185000.0,,26869.0,0.4975
2005-10-03,APIL,EQ,193.65,195.8,196.7,194.7,194.7,195.05,195.58,34959,683717820000.0,,17482.0,0.5001
2005-10-04,APIL,EQ,195.05,197.0,208.4,195.4,204.9,204.7,203.56,289446,5891827260000.0,,135896.0,0.46950000000000003
2005-10-05,APIL,EQ,204.7,218.0,218.0,201.35,202.6,202.95,206.19,304757,6283788745000.0,,129850.0,0.4261
2005-10-06,APIL,EQ,202.95,203.0,207.7,196.0,202.0,202.45,203.78,195004,3973853225000.0,,67407.0,0.3457
2005-10-07,APIL,EQ,202.45,204.4,210.8,197.1,199.0,198.55,204.52,448246,9167654970000.0,,164166.0,0.36619999999999997
2005-10-10,APIL,EQ,198.55,199.9,202.6,193.65,194.0,194.55,197.41,84470,1667539520000.0,,43434.0,0.5142
2005-10-11,APIL,EQ,194.55,196.5,197.0,186.8,187.25,187.75,189.67,160767,3049231065000.0,,101219.0,0.6296
2005-10-13,APIL,EQ,187.75,188.0,188.0,181.1,181.8,182.05,185.5,181122,3359796875000.0,,134231.0,0.7411
2005-10-14,APIL,EQ,182.05,182.7,184.55,176.3,177.75,177.65,179.77,114941,2066279605000.0,,69131.0,0.6014
2005-10-17,APIL,EQ,177.65,178.0,179.6,173.7,173.9,174.2,175.58,53262,935175165000.0,,27588.0,0.518
2005-10-18,APIL,EQ,174.2,176.05,180.75,174.35,176.75,176.05,178.32,73703,1314269245000.0,,25880.0,0.3511
2005-10-19,APIL,EQ,176.05,176.0,176.0,170.0,173.5,171.9,172.83,51010,881610569999.9999,,25810.0,0.506
2005-10-20,APIL,EQ,171.9,176.5,177.9,161.6,168.05,167.0,166.83,177740,2965303080000.0,,145473.0,0.8185
2005-10-21,APIL,EQ,167.0,167.0,177.9,163.2,176.8,175.15,170.17,66292,1128118615000.0,,38458.0,0.5801
2005-10-24,APIL,EQ,175.15,178.5,178.5,173.05,174.05,174.1,175.45,36240,635827165000.0,,16950.0,0.46770000000000006
2005-10-25,APIL,EQ,174.1,174.55,175.0,171.35,172.65,172.7,173.3,17881,309884415000.0,,11218.0,0.6274000000000001
2005-10-26,APIL,EQ,172.7,173.3,174.0,170.25,171.0,170.8,171.33,54440,932703380000.0001,,46803.0,0.8597
2005-10-27,APIL,EQ,170.8,172.0,172.0,168.1,169.6,169.2,169.29,78918,1336033105000.0,,30891.0,0.3914
2005-10-28,APIL,EQ,169.2,169.1,170.1,164.0,165.0,165.0,166.86,34809,580819640000.0,,19775.0,0.5681
2005-10-31,APIL,EQ,165.0,167.0,171.0,163.05,165.0,164.5,166.39,53675,893121740000.0,,32324.0,0.6022
2005-11-01,APIL,EQ,164.5,167.0,174.35,166.0,173.0,172.6,171.26,38271,655440115000.0,,24279.0,0.6344
2005-11-02,APIL,EQ,172.6,170.2,172.05,166.75,169.75,169.65,168.77,56819,958935075000.0,,19149.0,0.337
2005-11-07,APIL,EQ,169.65,170.0,176.0,170.0,176.0,175.4,174.13,46510,809874190000.0,,21424.0,0.4606
2005-11-08,APIL,EQ,175.4,176.45,178.7,175.0,177.0,177.15,177.31,44894,795993780000.0,,24442.0,0.5444
2005-11-09,APIL,EQ,177.15,177.0,180.0,174.0,175.7,175.0,177.06,40506,717185545000.0,,17586.0,0.43420000000000003
2005-11-10,APIL,EQ,175.0,175.95,177.85,174.3,175.9,175.75,175.75,19586,344227840000.0,,10828.0,0.5528000000000001
2005-11-11,APIL,EQ,175.75,176.5,177.9,172.3,174.7,173.85,174.84,62623,1094871815000.0,,42160.0,0.6731999999999999
2005-11-14,APIL,EQ,173.85,175.15,178.0,174.2,176.15,175.6,175.99,30674,539821034999.99994,,15563.0,0.5074000000000001
2005-11-16,APIL,EQ,175.6,177.0,186.85,175.5,185.55,184.35,183.66,190192,3493121860000.0,,73330.0,0.38560000000000005
2005-11-17,APIL,EQ,184.35,186.7,191.0,185.5,188.0,188.1,188.29,131244,2471192890000.0,,45485.0,0.34659999999999996
2005-11-18,APIL,EQ,188.1,189.9,196.45,186.0,192.0,191.6,192.59,224809,4329601935000.0,,96531.0,0.4294
2005-11-21,APIL,EQ,191.6,193.4,193.4,187.0,187.85,187.75,189.4,47071,891521080000.0001,,24038.0,0.5107
2005-11-22,APIL,EQ,187.75,187.0,188.1,182.85,184.5,183.55,185.66,38777,719929740000.0,,16945.0,0.43700000000000006
2005-11-23,APIL,EQ,183.55,190.0,190.0,183.2,184.5,184.1,184.54,30922,570623740000.0,,12252.0,0.3962
2005-11-24,APIL,EQ,184.1,190.0,190.0,182.4,182.5,183.0,184.29,22474,414182690000.0,,13752.0,0.6119
2005-11-25,APIL,EQ,183.0,184.95,186.5,180.7,184.1,184.2,183.63,131702,2418508815000.0,,75643.0,0.5743
2005-11-26,APIL,EQ,184.2,184.0,198.85,184.0,197.1,196.85,193.78,202847,3930786415000.0,,89562.0,0.4415
2005-11-28,APIL,EQ,196.85,199.6,205.45,198.4,199.05,200.4,202.24,651779,13181313635000.0,,399083.0,0.6123
2005-11-29,APIL,EQ,200.4,201.0,202.0,190.6,191.65,192.45,193.91,365573,7088938934999.999,,210415.0,0.5756
2005-11-30,APIL,EQ,192.45,193.9,205.85,193.25,196.55,196.8,200.53,461099,9246435465000.0,,154652.0,0.3354
2005-12-01,APIL,EQ,196.8,198.0,202.0,196.0,200.05,199.5,198.76,159013,3160562075000.0,,53678.0,0.3376
2005-12-02,APIL,EQ,199.5,201.0,210.8,198.1,207.1,206.9,206.45,692844,14303703625000.0,,224513.0,0.324
2005-12-05,APIL,EQ,206.9,208.0,215.7,207.9,213.5,213.05,212.46,645894,13722367040000.0,,207258.0,0.3209
2005-12-06,APIL,EQ,213.05,214.7,218.75,213.0,214.9,214.95,216.26,555589,12014981095000.0,,154255.0,0.2776
2005-12-07,APIL,EQ,214.95,214.1,221.75,214.1,221.7,220.35,219.07,609835,13359498650000.0,,233659.0,0.3832
2005-12-08,APIL,EQ,220.35,222.0,225.0,217.0,218.5,219.65,221.88,418218,9279475435000.0,,172745.0,0.4131
2005-12-09,APIL,EQ,219.65,220.5,226.5,218.0,225.5,224.85,222.75,426844,9507940095000.0,,228247.0,0.5347
2005-12-12,APIL,EQ,224.85,226.0,226.8,220.95,224.05,223.2,223.36,232209,5186510605000.0,,111500.0,0.4802
2005-12-13,APIL,EQ,223.2,224.0,227.0,221.5,223.1,223.8,224.34,211506,4744950825000.0,,93325.0,0.4412
2005-12-14,APIL,EQ,223.8,225.25,225.25,215.65,216.5,216.8,219.21,137517,3014507530000.0,,71869.0,0.5226
2005-12-15,APIL,EQ,216.8,218.25,218.9,208.0,211.65,211.25,214.08,107898,2309829430000.0,,48287.0,0.4475
2005-12-16,APIL,EQ,211.25,211.9,217.35,210.5,216.7,216.55,214.72,95098,2041931880000.0,,45783.0,0.4814
2005-12-19,APIL,EQ,216.55,217.0,218.95,215.0,215.5,215.4,216.23,66221,1431917280000.0,,32761.0,0.4947
2005-12-20,APIL,EQ,215.4,215.5,216.7,210.4,212.0,211.6,212.24,78168,1659053140000.0,,34024.0,0.4353
2005-12-21,APIL,EQ,211.6,213.5,214.95,209.25,211.85,210.6,212.01,61463,1303102090000.0,,33210.0,0.5403
2005-12-22,APIL,EQ,210.6,212.5,213.6,209.1,209.8,210.4,210.79,109279,2303472075000.0,,73251.0,0.6703
2005-12-23,APIL,EQ,210.4,211.75,212.9,205.1,206.0,205.85,208.12,66250,1378801900000.0,,34460.0,0.5202
2005-12-26,APIL,EQ,205.85,207.0,208.2,192.1,197.7,198.1,197.99,122565,2426652370000.0,,50094.0,0.4087
2005-12-27,APIL,EQ,198.1,199.5,204.0,196.5,204.0,203.05,201.5,81722,1646666005000.0,,52595.0,0.6436000000000001
2005-12-28,APIL,EQ,203.05,203.0,212.0,202.2,206.7,206.6,205.72,606484,12476619285000.0,,507499.0,0.8368000000000001
2005-12-29,APIL,EQ,206.6,206.95,219.8,206.95,212.25,211.65,210.71,110160,2321196330000.0,,45105.0,0.4094
2005-12-30,APIL,EQ,211.65,213.0,219.95,211.75,217.0,216.55,216.98,218403,4738911350000.0,,84343.0,0.3862
2006-01-02,APIL,EQ,216.55,216.55,219.4,214.15,215.5,215.1,216.99,80677,1750599864999.9998,,36247.0,0.44930000000000003
2006-01-03,APIL,EQ,215.1,215.7,217.25,214.25,215.1,215.45,215.62,68656,1480352090000.0,,40418.0,0.5887
2006-01-04,APIL,EQ,215.45,216.55,218.5,215.0,216.3,216.7,217.17,80616,1750741345000.0,,51843.0,0.6431
2006-01-05,APIL,EQ,216.7,217.0,217.85,210.5,215.65,215.55,214.44,89596,1921319420000.0,,53471.0,0.5968
2006-01-06,APIL,EQ,215.55,214.3,231.5,214.3,230.05,229.3,225.64,766324,17291483060000.0,,283545.0,0.37
2006-01-09,APIL,EQ,229.3,233.0,240.0,229.05,235.5,235.95,234.12,706957,16551204040000.0,,237043.0,0.33530000000000004
2006-01-10,APIL,EQ,235.95,236.0,236.75,229.15,229.65,229.85,232.05,281264,6526689925000.0,,144350.0,0.5132
2006-01-12,APIL,EQ,229.85,229.85,257.0,225.05,246.0,245.5,245.56,795363,19531095225000.0,,266714.0,0.33530000000000004
2006-01-13,APIL,EQ,245.5,246.7,253.0,238.2,244.0,241.0,247.59,380734,9426562410000.0,,149054.0,0.3915
2006-01-16,APIL,EQ,241.0,243.3,254.5,242.0,251.0,249.8,248.85,355419,8844496465000.0,,168724.0,0.4747
2006-01-17,APIL,EQ,249.8,252.3,262.1,246.1,252.0,250.5,255.54,692921,17706851275000.0,,153316.0,0.2213
2006-01-18,APIL,EQ,250.5,252.2,253.4,232.0,245.0,244.95,243.65,336368,8195442850000.0,,123985.0,0.3686
2006-01-19,APIL,EQ,244.95,247.5,257.0,247.4,252.0,251.9,252.48,244875,6182618715000.0,,71737.0,0.29300000000000004
2006-01-20,APIL,EQ,251.9,252.0,270.0,252.0,266.0,265.3,263.58,815221,21487467070000.0,,188624.0,0.23140000000000002
2006-01-23,APIL,EQ,265.3,265.0,282.0,259.0,276.4,276.25,275.05,1199563,32993697375000.0,,265041.0,0.2209
2006-01-24,APIL,EQ,276.25,278.9,281.0,273.85,274.95,275.5,277.48,409637,11366529970000.0,,143275.0,0.3498
2006-01-25,APIL,EQ,275.5,271.55,293.0,269.2,285.0,286.35,283.76,898223,25487867130000.0,,285508.0,0.3179
2006-01-27,APIL,EQ,286.35,288.0,310.0,286.0,301.8,299.6,300.28,1016803,30532699930000.0,,306981.0,0.3019
2006-01-30,APIL,EQ,299.6,302.0,304.9,293.05,294.1,294.5,298.55,526213,15710316460000.0,,158471.0,0.3012
2006-01-31,APIL,EQ,294.5,296.85,301.8,293.5,295.3,294.75,296.97,248202,7370759234999.999,,92323.0,0.37200000000000005
2006-02-01,APIL,EQ,294.75,293.0,293.0,275.0,278.6,277.65,286.51,448581,12852312310000.0,,174398.0,0.38880000000000003
2006-02-02,APIL,EQ,277.65,279.0,285.65,275.5,280.0,279.4,279.82,255739,7155984130000.0,,80362.0,0.31420000000000003
2006-02-03,APIL,EQ,279.4,255.65,289.0,255.65,276.0,276.25,281.14,253123,7116263220000.0,,62150.0,0.24550000000000002
2006-02-06,APIL,EQ,276.25,278.5,282.4,275.0,276.0,276.45,278.63,135886,3786167529999.9995,,43650.0,0.3212
2006-02-07,APIL,EQ,276.45,279.3,300.0,278.9,293.15,292.5,293.88,550584,16180484190000.0,,158819.0,0.28850000000000003
2006-02-08,APIL,EQ,292.5,295.0,295.0,285.5,287.4,287.2,288.93,229089,6619022355000.0,,66767.0,0.2914
2006-02-10,APIL,EQ,287.2,289.7,294.75,288.5,289.0,289.9,291.5,196825,5737397125000.0,,54854.0,0.2787
2006-02-13,APIL,EQ,289.9,291.0,314.5,288.0,311.05,310.0,306.75,940551,28851145735000.004,,215993.0,0.22960000000000003
2006-02-14,APIL,EQ,310.0,315.0,324.4,309.1,314.55,312.3,317.98,734915,23369193740000.0,,204277.0,0.278
2006-02-15,APIL,EQ,312.3,316.5,316.75,309.0,312.95,312.2,312.49,226081,7064872345000.0,,63549.0,0.2811
2006-02-16,APIL,EQ,312.2,313.45,329.0,308.5,318.8,319.15,320.47,548201,17568310405000.002,,127903.0,0.23329999999999998
2006-02-17,APIL,EQ,319.15,319.9,327.55,306.5,307.6,308.6,319.03,625906,19968547160000.0,,125401.0,0.2004
2006-02-20,APIL,EQ,308.6,308.9,308.9,297.0,303.0,303.75,303.2,307098,9311068185000.0,,64746.0,0.2108
2006-02-21,APIL,EQ,303.75,305.0,314.9,303.6,305.5,305.05,307.77,235138,7236776390000.001,,67753.0,0.28809999999999997
2006-02-22,APIL,EQ,305.05,306.9,309.0,301.25,306.25,304.75,305.31,174797,5336710915000.0,,55486.0,0.3174
2006-02-23,APIL,EQ,304.75,306.0,320.0,304.5,312.3,311.7,313.28,450549,14114784525000.0,,153344.0,0.3403
2006-02-24,APIL,EQ,311.7,314.0,317.5,309.0,314.65,314.2,313.78,233099,7314248765000.001,,80616.0,0.3458
2006-02-27,APIL,EQ,314.2,316.7,327.8,315.0,320.35,320.4,321.7,410335,13200464200000.0,,108921.0,0.26539999999999997
2006-02-28,APIL,EQ,320.4,322.95,336.45,309.1,331.65,329.25,325.9,950848,30988084825000.0,,215426.0,0.2266
2006-03-01,APIL,EQ,329.25,332.0,360.8,325.15,360.8,354.15,344.85,1077437,37155866800000.0,,261736.0,0.2429
2006-03-02,APIL,EQ,354.15,358.95,415.9,357.85,388.0,388.3,387.77,1611727,62497767395000.01,,288187.0,0.1788
2006-03-03,APIL,EQ,388.3,390.0,413.0,388.1,398.0,396.9,400.46,1315097,52664183125000.0,,240448.0,0.18280000000000002
2006-03-06,APIL,EQ,396.9,400.0,420.0,396.1,412.65,412.95,410.34,1271153,52160594380000.0,,186268.0,0.14650000000000002
2006-03-07,APIL,EQ,412.95,414.9,425.0,408.0,414.1,413.75,417.82,840826,35131760589999.996,,148041.0,0.1761
2006-03-08,APIL,EQ,413.75,412.9,436.85,412.2,416.65,416.9,423.84,1318731,55892728954999.99,,181813.0,0.1379
2006-03-09,APIL,EQ,416.9,418.65,432.0,411.0,423.0,422.8,421.52,1168726,49264702095000.0,,172601.0,0.1477
2006-03-10,APIL,EQ,422.8,426.1,438.4,426.1,432.5,432.1,432.21,760902,32886862845000.0,,139998.0,0.184
2006-03-13,APIL,EQ,432.1,435.7,442.0,427.0,429.0,429.25,434.98,546715,23781157575000.0,,114276.0,0.209
2006-03-14,APIL,EQ,429.25,429.8,433.5,413.5,416.0,415.75,422.2,332375,14033035310000.0,,93635.0,0.2817
2006-03-16,APIL,EQ,415.75,419.7,422.4,412.0,415.75,415.95,417.5,301545,12589458830000.0,,59034.0,0.19579999999999997
2006-03-17,APIL,EQ,415.95,415.0,418.85,401.0,401.75,402.3,408.98,236241,9661740165000.0,,80151.0,0.3393
2006-03-20,APIL,EQ,402.3,407.0,414.0,392.0,405.5,403.8,405.13,423071,17139843210000.0,,82372.0,0.19469999999999998
2006-03-21,APIL,EQ,403.8,405.0,414.0,400.0,404.45,402.85,408.09,261635,10677074865000.0,,54079.0,0.20670000000000002
2006-03-22,APIL,EQ,402.85,402.95,410.5,396.3,397.55,399.45,403.89,448555,18116612095000.0,,71830.0,0.16010000000000002
2006-03-23,APIL,EQ,399.45,401.0,404.5,389.0,390.0,393.05,398.28,304899,12143380465000.0,,69762.0,0.2288
2006-03-24,APIL,EQ,393.05,394.7,397.05,386.0,390.0,391.2,393.5,139758,5499456670000.0,,39053.0,0.27940000000000004
2006-03-27,APIL,EQ,391.2,393.0,402.9,388.0,388.0,390.4,395.52,241822,9564483185000.0,,92911.0,0.38420000000000004
2006-03-28,APIL,EQ,390.4,392.0,394.9,371.25,371.25,374.9,383.12,213757,8189434555000.0,,95093.0,0.4449
2006-03-29,APIL,EQ,374.9,374.9,379.75,367.05,369.95,368.6,373.56,220794,8247992955000.0,,98966.0,0.4482
2006-03-30,APIL,EQ,368.6,375.4,384.9,370.8,373.85,373.5,376.93,224927,8478083265000.001,,55327.0,0.24600000000000002
2006-03-31,APIL,EQ,373.5,377.6,377.9,367.05,368.5,369.35,373.12,211788,7902256475000.0,,73966.0,0.3492
2006-04-03,APIL,EQ,369.35,374.0,380.0,371.0,379.0,377.6,376.31,187063,7039399309999.999,,93851.0,0.5017
2006-04-04,APIL,EQ,377.6,382.0,406.0,382.0,405.5,401.35,396.46,580300,23006860025000.0,,137835.0,0.23750000000000002
2006-04-05,APIL,EQ,401.35,405.0,420.0,405.0,408.15,411.8,413.39,814294,33661938095000.0,,269820.0,0.33140000000000003
2006-04-07,APIL,EQ,411.8,414.65,417.0,386.1,393.45,392.25,402.9,322119,12978215420000.0,,122293.0,0.3797
2006-04-10,APIL,EQ,392.25,395.0,395.0,376.55,380.0,380.1,385.2,282214,10870854185000.0,,114973.0,0.40740000000000004
2006-04-12,APIL,EQ,380.1,382.0,387.0,360.05,362.0,363.15,375.26,399225,14981367805000.002,,164650.0,0.41240000000000004
2006-04-13,APIL,EQ,363.15,362.8,365.35,339.0,348.55,347.8,351.53,265947,9348737135000.0,,97336.0,0.36600000000000005
2006-04-17,APIL,EQ,347.8,348.0,362.45,348.0,360.0,358.7,357.15,186797,6671541835000.0,,72123.0,0.3861
2006-04-18,APIL,EQ,358.7,360.0,372.0,358.75,362.0,361.85,364.27,189022,6885457050000.0,,65726.0,0.34770000000000006
2006-04-19,APIL,EQ,361.85,364.0,372.0,360.0,364.5,364.2,366.47,233492,8556752645000.0,,37182.0,0.1592
2006-04-20,APIL,EQ,364.2,332.9,368.0,332.9,356.9,356.9,359.41,83480,3000385465000.0,,26053.0,0.3121
2006-04-21,APIL,EQ,356.9,360.0,360.0,345.5,350.1,349.0,351.47,116142,4081991079999.9995,,44494.0,0.38310000000000005
2006-04-24,APIL,EQ,349.0,351.0,366.0,345.1,363.0,358.3,358.26,156828,5618569110000.0,,57990.0,0.36979999999999996
2006-04-25,APIL,EQ,358.3,359.0,361.95,344.5,345.3,346.2,351.85,101879,3584597704999.9995,,48936.0,0.4803
2006-04-26,APIL,EQ,346.2,348.8,354.0,344.5,347.0,346.95,348.99,96878,3380992860000.0,,36808.0,0.3799
2006-04-27,APIL,EQ,346.95,349.6,354.0,338.0,343.5,340.1,346.72,110435,3829056635000.0,,57880.0,0.5241
2006-04-28,APIL,EQ,340.1,321.1,339.9,275.0,338.85,336.15,330.93,124547,4121686515000.0,,43755.0,0.35130000000000006
2006-04-29,APIL,EQ,336.15,341.6,392.9,340.0,386.1,387.9,379.06,567609,21515608590000.0,,198690.0,0.35000000000000003
2006-05-02,APIL,EQ,387.9,397.7,408.25,386.15,387.0,390.0,398.29,570224,22711642880000.0,,232258.0,0.4073
2006-05-03,APIL,EQ,390.0,390.0,391.9,364.0,365.0,365.45,370.63,274342,10168020080000.0,,125862.0,0.45880000000000004
2006-05-04,APIL,EQ,365.45,368.65,373.9,355.2,360.0,360.6,365.68,196970,7202729395000.0,,72635.0,0.3688
2006-05-05,APIL,EQ,360.6,364.0,364.0,350.9,352.6,352.25,356.03,127509,4539716755000.0,,62237.0,0.48810000000000003
2006-05-08,APIL,EQ,352.25,356.5,371.0,351.0,359.9,358.9,361.33,168603,6092088950000.0,,57522.0,0.3412
2006-05-09,APIL,EQ,358.9,360.7,362.3,351.1,358.0,354.75,355.15,94135,3343199990000.0,,38490.0,0.40890000000000004
2006-05-10,APIL,EQ,354.75,355.0,359.5,345.4,348.35,347.55,351.96,95913,3375790695000.0005,,55016.0,0.5736
2006-05-11,APIL,EQ,347.55,352.9,352.9,344.05,347.5,345.55,347.35,58942,2047376370000.0,,26012.0,0.4413
2006-05-12,APIL,EQ,345.55,346.0,350.0,340.0,341.9,341.75,344.86,54639,1884267964999.9998,,27316.0,0.4999
2006-05-15,APIL,EQ,341.75,344.9,349.2,314.0,318.9,318.3,330.91,132300,4377999560000.0,,70529.0,0.5331
2006-05-16,APIL,EQ,318.3,323.0,327.65,295.1,320.0,316.05,312.41,150340,4696715410000.0,,59545.0,0.3961
2006-05-17,APIL,EQ,316.05,324.95,333.0,322.0,327.7,328.6,327.16,107699,3523512500000.0,,40553.0,0.3765
2006-05-18,APIL,EQ,328.6,326.0,327.0,293.0,296.2,297.9,307.71,108594,3341542875000.0,,52982.0,0.4879
2006-05-19,APIL,EQ,297.9,309.9,315.9,275.0,280.0,278.5,293.43,104844,3076390245000.0,,38061.0,0.363
2006-05-22,APIL,EQ,278.5,280.05,293.5,222.8,253.0,245.25,246.87,127047,3136388830000.0,,54764.0,0.4311
2006-05-23,APIL,EQ,245.25,255.0,271.0,223.0,269.0,268.05,256.91,121934,3132612620000.0,,46653.0,0.3826
2006-05-24,APIL,EQ,268.05,273.0,279.5,261.0,265.05,267.35,272.39,84088,2290481005000.0,,27102.0,0.3223
2006-05-25,APIL,EQ,267.35,252.0,267.0,252.0,260.0,258.95,258.77,62716,1622885915000.0,,30648.0,0.48869999999999997
2006-05-26,APIL,EQ,258.95,266.0,278.0,266.0,275.5,275.45,275.3,98084,2700234295000.0,,56012.0,0.5711
2006-05-29,APIL,EQ,275.45,278.8,295.0,278.8,294.95,292.8,289.71,93823,2718140555000.0,,41070.0,0.43770000000000003
2006-05-30,APIL,EQ,292.8,299.0,303.8,282.1,284.95,284.05,294.4,185551,5462566250000.0,,49174.0,0.265
2006-05-31,APIL,EQ,284.05,280.0,280.0,260.0,279.0,274.35,267.94,96313,2580581195000.0,,43120.0,0.44770000000000004
2006-06-01,APIL,EQ,274.35,274.35,284.0,268.2,268.2,273.75,275.09,99346,2732940595000.0,,43669.0,0.4396
2006-06-02,APIL,EQ,273.75,275.0,275.0,236.3,266.95,262.6,252.96,168486,4262017370000.0005,,60868.0,0.3613
2006-06-05,APIL,EQ,262.6,268.7,269.5,257.3,265.0,265.25,262.23,94254,2471640060000.0,,49094.0,0.5209
2006-06-06,APIL,EQ,265.25,260.1,260.1,242.0,243.25,245.5,248.97,86837,2162010010000.0002,,36589.0,0.4214
2006-06-07,APIL,EQ,245.5,240.0,246.0,210.0,212.35,213.15,224.98,138825,3123340245000.0,,64119.0,0.4619
2006-06-08,APIL,EQ,213.15,208.0,210.95,182.1,196.0,196.7,192.81,236974,4569092600000.0,,104555.0,0.4412
2006-06-09,APIL,EQ,196.7,195.0,224.0,195.0,223.0,220.95,210.79,152466,3213800360000.0,,54625.0,0.3583
2006-06-12,APIL,EQ,220.95,222.1,232.0,211.1,217.25,216.95,220.56,118504,2613684345000.0,,39128.0,0.33020000000000005
2006-06-13,APIL,EQ,216.95,205.0,207.0,194.1,197.0,198.0,201.39,92809,1869097180000.0,,33804.0,0.3642
2006-06-14,APIL,EQ,198.0,206.0,211.0,186.5,191.7,190.45,198.58,167668,3329516195000.0,,94570.0,0.564
2006-06-15,APIL,EQ,190.45,216.35,216.35,195.0,207.0,207.95,202.41,87619,1773521070000.0,,30795.0,0.3515
2006-06-16,APIL,EQ,207.95,216.0,226.0,215.1,218.5,217.2,220.9,126703,2798867385000.0,,36406.0,0.2873
2006-06-19,APIL,EQ,217.2,207.4,225.5,207.4,225.45,223.8,219.07,72871,1596375015000.0,,27116.0,0.37210000000000004
2006-06-20,APIL,EQ,223.8,219.5,223.6,211.95,218.0,218.4,220.13,54207,1193255140000.0,,18394.0,0.3393
2006-06-21,APIL,EQ,218.4,218.5,237.8,217.05,234.9,233.4,231.27,139909,3235654700000.0,,39693.0,0.2837
2006-06-22,APIL,EQ,233.4,240.0,248.85,237.7,243.9,244.05,244.44,126710,3097277895000.0,,33788.0,0.26670000000000005
2006-06-23,APIL,EQ,244.05,230.0,247.8,227.3,243.9,243.3,241.97,93079,2252267400000.0,,23490.0,0.2524
2006-06-25,APIL,EQ,243.3,249.7,254.95,246.0,247.95,247.95,248.48,22968,570713925000.0,,11100.0,0.4833
2006-06-26,APIL,EQ,247.95,249.0,251.9,223.0,224.1,224.95,235.86,83015,1957957020000.0,,32497.0,0.3915
2006-06-27,APIL,EQ,224.95,227.0,234.9,217.0,225.9,223.95,222.86,66392,1479600530000.0,,14982.0,0.2257
2006-06-28,APIL,EQ,223.95,218.05,224.4,213.15,222.05,221.65,220.2,66780,1470462340000.0,,15545.0,0.2328
2006-06-29,APIL,EQ,221.65,226.3,229.45,218.0,220.0,219.45,224.55,39279,882025290000.0,,13211.0,0.33630000000000004
2006-06-30,APIL,EQ,219.45,230.0,239.9,226.0,236.0,233.85,231.09,100721,2327574180000.0,,37755.0,0.37479999999999997
2006-07-03,APIL,EQ,233.85,239.3,242.5,231.0,233.15,233.65,234.26,62575,1465900690000.0,,19604.0,0.31329999999999997
2006-07-04,APIL,EQ,233.65,237.3,238.0,228.2,229.0,229.35,232.84,53280,1240577405000.0,,18011.0,0.33799999999999997
2006-07-05,APIL,EQ,229.35,226.9,229.9,225.4,226.05,227.45,227.4,52390,1191349965000.0,,19943.0,0.38070000000000004
2006-07-06,APIL,EQ,227.45,222.1,237.5,222.1,232.2,231.4,232.25,118825,2759691340000.0,,24021.0,0.2022
2006-07-07,APIL,EQ,231.4,235.85,238.0,217.0,220.0,219.15,227.19,105368,2393879960000.0,,47074.0,0.44680000000000003
2006-07-10,APIL,EQ,219.15,229.0,229.0,215.0,219.5,219.4,218.89,54000,1182026240000.0,,16572.0,0.3069
2006-07-11,APIL,EQ,219.4,228.4,228.4,217.05,221.5,219.95,219.99,122146,2687123700000.0,,95985.0,0.7858
2006-07-12,APIL,EQ,219.95,228.3,228.3,211.0,224.8,222.35,219.28,52059,1141550190000.0,,16724.0,0.32130000000000003
2006-07-13,APIL,EQ,222.35,226.0,233.75,221.0,231.5,231.0,228.96,204636,4685396910000.0,,103771.0,0.5071
2006-07-14,APIL,EQ,231.0,228.0,228.0,222.1,225.5,226.5,225.67,62844,1418169785000.0,,31045.0,0.494
2006-07-17,APIL,EQ,226.5,221.0,226.95,221.0,224.0,224.35,223.82,47357,1059937430000.0001,,27939.0,0.59
2006-07-18,APIL,EQ,224.35,224.0,226.0,215.05,217.5,216.7,217.91,33516,730344590000.0,,11327.0,0.33799999999999997
2006-07-19,APIL,EQ,216.7,219.8,222.8,210.0,210.2,211.9,215.64,67432,1454096465000.0,,33323.0,0.49420000000000003
2006-07-20,APIL,EQ,211.9,215.8,218.0,213.0,214.4,214.1,215.09,35360,760550695000.0,,10654.0,0.3013
2006-07-21,APIL,EQ,214.1,210.0,214.9,202.5,208.0,206.1,207.39,48205,999727019999.9999,,23546.0,0.48850000000000005
2006-07-24,APIL,EQ,206.1,200.0,203.75,196.0,201.8,199.6,200.07,50562,1011609260000.0,,20361.0,0.40270000000000006
2006-07-25,APIL,EQ,199.6,206.0,209.5,204.0,207.0,207.2,206.86,47814,989079775000.0,,21423.0,0.44799999999999995
2006-07-26,APIL,EQ,207.2,207.0,217.5,199.1,216.0,215.1,213.23,54113,1153842865000.0,,26911.0,0.49729999999999996
2006-07-27,APIL,EQ,215.1,218.6,244.35,217.1,236.0,237.1,236.25,443253,10471662840000.0,,109309.0,0.2466
2006-07-28,APIL,EQ,237.1,239.4,244.95,231.5,233.55,233.6,238.63,191478,4569149075000.0,,42580.0,0.2224
2006-07-31,APIL,EQ,233.6,236.9,242.5,235.0,235.2,236.05,238.23,76879,1831463330000.0,,23153.0,0.3012
2006-08-01,APIL,EQ,236.05,235.0,236.0,226.0,230.0,231.05,231.46,66126,1530583015000.0,,24977.0,0.37770000000000004
2006-08-02,APIL,EQ,231.05,226.0,240.9,226.0,235.3,235.7,236.02,143395,3384417160000.0,,26495.0,0.18480000000000002
2006-08-03,APIL,EQ,235.7,237.85,244.9,236.1,237.0,237.4,240.84,169454,4081154690000.0,,59874.0,0.3533
2006-08-04,APIL,EQ,237.4,238.0,243.85,232.1,232.6,232.8,238.03,104670,2491467715000.0,,28094.0,0.2684
2006-08-07,APIL,EQ,232.8,230.7,234.5,228.5,229.0,229.05,231.0,45723,1056216035000.0,,19579.0,0.4282
2006-08-08,APIL,EQ,229.05,232.0,236.8,230.55,233.0,233.25,233.66,86664,2025017485000.0002,,28868.0,0.3331
2006-08-09,APIL,EQ,233.25,232.5,254.0,230.05,253.25,251.5,247.01,366861,9061858495000.0,,110628.0,0.30160000000000003
2006-08-10,APIL,EQ,251.5,254.7,266.5,252.1,263.05,263.7,258.95,444459,11509338320000.0,,119283.0,0.2684
2006-08-11,APIL,EQ,263.7,265.9,270.0,257.0,259.0,258.8,262.98,263409,6927008820000.0,,85698.0,0.32530000000000003
2006-08-14,APIL,EQ,258.8,261.6,268.0,260.95,267.0,265.6,264.19,119331,3152617385000.0,,50243.0,0.42100000000000004
2006-08-16,APIL,EQ,265.6,270.0,279.85,268.5,275.9,274.8,274.99,305527,8401677584999.999,,98915.0,0.32380000000000003
2006-08-17,APIL,EQ,274.8,276.3,278.7,262.0,267.0,267.4,268.37,128082,3437390279999.9995,,35903.0,0.2803
2006-08-18,APIL,EQ,267.4,269.8,279.85,262.0,273.0,273.6,274.1,188198,5158425110000.0,,39004.0,0.2072
2006-08-21,APIL,EQ,273.6,273.0,275.65,262.35,274.9,273.7,272.24,74217,2020513785000.0002,,31658.0,0.4266
2006-08-22,APIL,EQ,273.7,276.8,284.1,274.1,278.0,278.2,279.63,177987,4976998130000.0,,59945.0,0.3368
2006-08-23,APIL,EQ,278.2,277.0,283.9,275.25,279.0,279.45,280.12,118569,3321412275000.0,,43521.0,0.36710000000000004
2006-08-24,APIL,EQ,279.45,275.0,278.9,272.15,276.0,277.05,276.23,78614,2171569870000.0,,18590.0,0.2365
2006-08-25,APIL,EQ,277.05,280.0,282.5,273.2,275.0,275.7,278.48,161719,4503543030000.0,,127652.0,0.7893000000000001
2006-08-28,APIL,EQ,275.7,277.9,279.0,275.0,277.9,277.15,277.56,94430,2621022395000.0,,68074.0,0.7209000000000001
2006-08-29,APIL,EQ,277.15,279.7,280.0,273.0,277.0,275.9,276.49,46347,1281464805000.0,,23249.0,0.5015999999999999
2006-08-30,APIL,EQ,275.9,277.95,277.95,269.25,272.0,271.45,271.79,64117,1742625050000.0,,28973.0,0.45189999999999997
2006-08-31,APIL,EQ,271.45,277.0,277.8,267.0,272.5,273.4,271.92,146502,3983749920000.0005,,53933.0,0.36810000000000004
2006-09-01,APIL,EQ,273.4,276.0,283.5,273.1,278.25,278.85,279.47,201038,5618493835000.0,,47240.0,0.23500000000000001
2006-09-04,APIL,EQ,278.85,281.0,282.4,271.0,281.0,280.75,280.26,116035,3252023350000.0,,48655.0,0.4193
2006-09-05,APIL,EQ,280.75,282.7,308.7,281.5,303.5,302.85,299.33,951047,28467240864999.996,,155397.0,0.1634
2006-09-06,APIL,EQ,302.85,304.4,312.4,300.25,301.2,301.75,306.86,454049,13933118130000.002,,91140.0,0.20070000000000002
2006-09-07,APIL,EQ,301.75,300.0,301.8,287.0,295.0,294.7,296.62,106928,3171706760000.0,,28307.0,0.2647
2006-09-08,APIL,EQ,294.7,297.4,301.5,291.15,292.05,292.7,296.54,110921,3289204340000.0,,31843.0,0.2871
2006-09-11,APIL,EQ,292.7,294.35,295.5,276.0,277.5,278.25,287.2,94959,2727263145000.0,,35438.0,0.37320000000000003
2006-09-12,APIL,EQ,278.25,280.95,287.0,272.0,284.85,282.85,280.16,136143,3814162260000.0,,27131.0,0.1993
2006-09-13,APIL,EQ,282.85,285.5,295.0,285.5,290.45,289.5,290.64,120620,3505756904999.9995,,43048.0,0.3569
2006-09-14,APIL,EQ,289.5,291.85,293.5,237.85,289.1,291.15,289.47,92421,2675355115000.0,,33929.0,0.36710000000000004
2006-09-15,APIL,EQ,291.15,290.05,291.7,282.2,283.0,284.25,286.79,54905,1574620225000.0,,23951.0,0.4362
2006-09-18,APIL,EQ,284.25,287.25,295.8,285.65,286.0,286.7,291.07,113023,3289763985000.0,,33672.0,0.2979
2006-09-19,APIL,EQ,286.7,289.4,289.6,275.0,277.35,278.85,284.51,50172,1427421285000.0,,25944.0,0.5171
2006-09-20,APIL,EQ,278.85,277.0,292.65,274.0,291.0,288.8,287.18,209828,6025868320000.0,,54674.0,0.2606
2006-09-21,APIL,EQ,288.8,293.7,304.8,292.1,295.7,296.1,298.45,373354,11142629960000.0,,90981.0,0.24370000000000003
2006-09-22,APIL,EQ,296.1,297.2,302.4,292.0,294.0,294.15,296.78,196726,5838531680000.0,,47791.0,0.2429
2006-09-25,APIL,EQ,294.15,296.9,296.9,290.15,291.5,291.0,293.19,80505,2360342275000.0,,32439.0,0.4029
2006-09-26,APIL,EQ,291.0,292.95,347.0,292.05,332.15,333.1,325.1,2013664,65464891454999.99,,402915.0,0.20010000000000003
2006-09-27,APIL,EQ,333.1,336.35,361.5,335.1,351.5,350.9,350.51,2364453,82875667135000.0,,302881.0,0.12810000000000002
2006-09-28,APIL,EQ,350.9,353.3,354.45,333.15,338.0,335.95,341.83,491765,16809877075000.0,,101337.0,0.2061
2006-09-29,APIL,EQ,335.95,338.0,355.0,316.0,351.3,349.8,344.84,1156840,39892430195000.0,,233455.0,0.2018
2006-10-03,APIL,EQ,349.8,353.9,361.7,342.45,351.9,352.45,354.56,1262466,44761382265000.0,,128348.0,0.1017
2006-10-04,APIL,EQ,352.45,354.6,360.9,344.15,346.8,346.35,353.16,409064,14446469580000.002,,57846.0,0.1414
2006-10-05,APIL,EQ,346.35,349.4,371.45,349.4,360.0,362.3,362.69,894877,32456364350000.0,,150344.0,0.168
2006-10-06,APIL,EQ,362.3,362.7,362.7,353.55,360.7,359.0,357.98,286440,10254106580000.0,,76300.0,0.2664
2006-10-09,APIL,EQ,359.0,357.9,371.4,348.5,365.0,366.2,365.25,595566,21753274460000.0,,102870.0,0.1727
2006-10-10,APIL,EQ,366.2,369.4,375.7,361.0,363.65,365.4,368.91,464601,17139467644999.998,,83417.0,0.1795
2006-10-11,APIL,EQ,365.4,368.95,370.25,351.15,351.8,353.5,360.32,176965,6376486910000.0,,44588.0,0.252
2006-10-12,APIL,EQ,353.5,355.7,355.7,347.25,351.7,353.3,352.16,128888,4538872925000.0,,22490.0,0.1745
2006-10-13,APIL,EQ,353.3,355.0,363.95,349.15,349.7,351.7,357.09,131677,4702027835000.0,,37571.0,0.2853
2006-10-16,APIL,EQ,351.7,352.8,360.9,351.6,353.45,352.7,355.31,153510,5454362415000.0,,45461.0,0.2961
2006-10-17,APIL,EQ,352.7,355.0,355.0,345.05,350.5,349.7,350.42,99879,3499939004999.9995,,28486.0,0.2852
2006-10-18,APIL,EQ,349.7,353.2,353.55,346.95,347.9,347.7,349.17,56550,1974547530000.0,,18533.0,0.32770000000000005
2006-10-19,APIL,EQ,347.7,350.9,353.0,339.0,342.2,342.95,345.3,73084,2523563235000.0,,24514.0,0.3354
2006-10-20,APIL,EQ,342.95,345.85,349.95,336.0,342.0,340.2,344.16,123902,4264181550000.0,,52986.0,0.4276
2006-10-21,APIL,EQ,340.2,344.8,352.0,341.2,350.55,347.9,345.74,39703,1372681250000.0,,16528.0,0.41630000000000006
2006-10-23,APIL,EQ,347.9,351.65,382.8,351.0,376.3,377.55,369.07,1042290,38467366670000.0,,218003.0,0.20920000000000002
2006-10-26,APIL,EQ,377.55,381.35,402.35,381.0,398.55,396.9,395.28,1691635,66866624350000.0,,437447.0,0.2586
2006-10-27,APIL,EQ,396.9,400.0,413.9,387.55,403.0,401.4,402.66,1374760,55356714990000.0,,238796.0,0.17370000000000002
2006-10-30,APIL,EQ,401.4,400.95,449.0,391.4,446.1,439.8,425.55,2459495,104663937880000.0,,400304.0,0.16280000000000003
2006-10-31,APIL,EQ,439.8,446.0,457.4,427.3,430.0,430.8,443.39,1312664,58201780995000.01,,246379.0,0.1877
2006-11-01,APIL,EQ,430.8,435.1,464.6,422.35,460.3,459.6,446.14,2503719,111701156584999.98,,338976.0,0.1354
2006-11-02,APIL,EQ,459.6,449.2,473.8,435.3,461.0,462.45,465.31,1773233,82510046890000.0,,240565.0,0.13570000000000002
2006-11-03,APIL,EQ,462.45,462.0,464.0,442.5,444.65,447.0,450.87,738197,33282933964999.996,,187297.0,0.25370000000000004
2006-11-06,APIL,EQ,447.0,448.65,475.85,441.1,469.0,469.75,463.31,1535194,71127016440000.0,,239437.0,0.156
2006-11-07,APIL,EQ,469.75,474.45,481.75,462.2,462.5,465.05,473.17,957076,45285692390000.0,,212161.0,0.2217
2006-11-08,APIL,EQ,465.05,464.65,466.9,438.1,445.0,446.8,452.59,578245,26170794090000.0,,138930.0,0.2403
2006-11-09,APIL,EQ,446.8,449.85,460.0,444.9,447.05,448.55,452.14,406194,18365543935000.0,,62467.0,0.15380000000000002
2006-11-10,APIL,EQ,448.55,449.6,458.5,444.0,446.0,446.15,451.0,309755,13970048700000.0,,70580.0,0.2279
2006-11-13,APIL,EQ,446.15,448.0,450.9,438.8,439.2,440.6,444.07,245403,10897498705000.0,,80347.0,0.3274
2006-11-14,APIL,EQ,440.6,444.85,455.9,435.5,439.0,438.8,445.28,472782,21052140770000.0,,108497.0,0.2295
2006-11-15,APIL,EQ,438.8,441.2,445.0,427.1,428.35,429.75,435.03,265629,11555642700000.0,,77551.0,0.292
2006-11-16,APIL,EQ,429.75,432.0,447.9,426.65,435.1,435.4,440.0,570840,25117085620000.0,,107332.0,0.188
2006-11-17,APIL,EQ,435.4,447.7,455.0,422.05,430.5,430.2,442.3,875148,38707980055000.0,,180840.0,0.2066
2006-11-20,APIL,EQ,430.2,431.85,431.85,404.65,414.35,414.1,412.87,421591,17406428394999.998,,90019.0,0.21350000000000002
2006-11-21,APIL,EQ,414.1,417.0,434.9,417.0,427.8,425.05,427.02,356775,15234953115000.0,,88570.0,0.2483
2006-11-22,APIL,EQ,425.05,429.7,437.55,423.1,427.1,428.15,429.84,321840,13833920875000.0,,74560.0,0.23170000000000002
2006-11-23,APIL,EQ,428.15,431.7,455.0,430.65,448.0,447.35,445.63,995165,44347646005000.0,,184429.0,0.18530000000000002
2006-11-24,APIL,EQ,447.35,449.65,461.45,441.5,445.3,445.05,452.92,802543,36348588725000.0,,165950.0,0.2068
2006-11-27,APIL,EQ,445.05,448.3,448.3,435.1,439.0,438.7,440.7,271941,11984349625000.0,,67408.0,0.2479
2006-11-28,APIL,EQ,438.7,435.0,435.0,425.25,430.5,429.7,430.12,231153,9942324850000.0,,66971.0,0.2897
2006-11-29,APIL,EQ,429.7,432.15,437.0,427.0,430.2,431.1,432.67,191442,8283197550000.0,,46589.0,0.2434
2006-11-30,APIL,EQ,431.1,434.0,435.0,423.5,425.25,426.65,429.03,205657,8823249500000.0,,46487.0,0.226
2006-12-01,APIL,EQ,426.65,430.85,472.9,428.0,468.9,465.15,460.33,2430789,111896902480000.0,,542800.0,0.2233
2006-12-04,APIL,EQ,465.15,474.0,484.4,461.0,466.9,465.55,473.69,1062905,50348585350000.0,,254091.0,0.2391
2006-12-05,APIL,EQ,465.55,466.5,473.8,454.0,459.5,460.3,464.28,470739,21855590800000.0,,106648.0,0.2266
2006-12-06,APIL,EQ,460.3,462.55,462.95,440.2,449.0,447.45,448.45,426974,19147444320000.0,,106488.0,0.2494
2006-12-07,APIL,EQ,447.45,449.0,465.0,443.2,460.5,457.3,456.63,734910,33557850364999.996,,156168.0,0.2125
2006-12-08,APIL,EQ,457.3,461.3,468.9,447.0,448.5,451.65,460.77,674410,31074661980000.0,,145583.0,0.2159
2006-12-11,APIL,EQ,451.65,455.0,455.0,432.25,438.1,438.8,442.64,442651,19593545875000.0,,132906.0,0.3003
2006-12-12,APIL,EQ,438.8,436.0,452.8,402.95,418.0,414.15,433.65,579837,25144570400000.0,,132215.0,0.228
2006-12-13,APIL,EQ,414.15,415.5,442.0,404.1,439.5,436.55,421.29,391103,16476658625000.0,,83968.0,0.2147
2006-12-14,APIL,EQ,436.55,443.2,446.9,436.0,442.0,441.6,441.77,265376,11723571195000.0,,49720.0,0.18739999999999998
2006-12-15,APIL,EQ,441.6,445.55,449.4,441.1,444.15,445.25,445.26,200371,8921670305000.0,,59601.0,0.2975
2006-12-18,APIL,EQ,445.25,448.4,449.4,423.0,445.0,446.1,439.6,364968,16044122030000.002,,65142.0,0.17850000000000002
2006-12-19,APIL,EQ,446.1,448.0,458.65,437.0,450.0,451.05,451.37,550588,24852115405000.0,,99318.0,0.1804
2006-12-20,APIL,EQ,451.05,457.3,457.85,434.4,435.5,438.45,445.99,260605,11622757715000.0,,47512.0,0.18230000000000002
2006-12-21,APIL,EQ,438.45,438.9,447.3,433.05,442.8,440.65,441.42,139522,6158819565000.0,,29800.0,0.2136
2006-12-22,APIL,EQ,440.65,441.25,468.0,440.5,465.0,457.0,453.01,231903,10505322275000.0,,97776.0,0.4216
2006-12-26,APIL,EQ,457.0,460.0,475.0,460.0,466.55,467.75,469.04,313662,14712103265000.0,,97700.0,0.3115
2006-12-27,APIL,EQ,467.75,472.45,474.8,461.55,462.05,464.4,468.37,346786,16242529490000.0,,149828.0,0.43200000000000005
2006-12-28,APIL,EQ,464.4,465.0,467.0,453.65,456.1,457.05,459.41,172212,7911638084999.999,,47762.0,0.2773
2006-12-29,APIL,EQ,457.05,459.9,469.6,456.0,461.0,461.95,463.67,296982,13770110435000.0,,103581.0,0.34880000000000005
2007-01-02,APIL,EQ,461.95,462.0,463.95,452.0,453.0,454.25,456.99,126183,5766468880000.0,,57935.0,0.45909999999999995
2007-01-03,APIL,EQ,454.25,457.8,467.0,452.5,454.75,454.5,458.22,216300,9911243825000.0,,64160.0,0.29660000000000003
2007-01-04,APIL,EQ,454.5,456.25,465.0,452.5,456.0,454.75,457.76,153260,7015666565000.001,,42817.0,0.27940000000000004
2007-01-05,APIL,EQ,454.75,456.75,467.3,454.0,461.0,460.25,461.06,191064,8809236745000.0,,60080.0,0.3144
2007-01-08,APIL,EQ,460.25,460.0,492.0,449.0,487.8,487.95,479.25,1163815,55775513585000.0,,278544.0,0.2393
2007-01-09,APIL,EQ,487.95,491.0,502.0,456.3,473.0,472.35,486.12,1012464,49217523045000.0,,204939.0,0.2024
2007-01-10,APIL,EQ,472.35,469.8,473.15,455.5,458.0,456.85,463.85,391208,18146180575000.0,,114075.0,0.2916
2007-01-11,APIL,EQ,456.85,460.0,465.9,450.65,459.25,459.55,460.7,189653,8737305150000.0,,45164.0,0.23809999999999998
2007-01-12,APIL,EQ,459.55,463.0,479.95,462.95,472.45,471.2,471.91,343638,16216490344999.998,,84221.0,0.2451
2007-01-15,APIL,EQ,471.2,472.0,483.85,466.1,479.25,477.3,477.21,315880,15074233790000.0,,71474.0,0.2263
2007-01-16,APIL,EQ,477.3,482.55,494.0,477.3,480.0,480.05,485.72,378554,18387188190000.0,,84759.0,0.22390000000000002
2007-01-17,APIL,EQ,480.05,483.0,504.0,476.0,497.5,497.85,494.29,776885,38400411200000.0,,183764.0,0.2365
2007-01-18,APIL,EQ,497.85,500.9,515.0,485.1,496.05,495.7,503.86,769175,38755731885000.0,,210121.0,0.2732
2007-01-19,APIL,EQ,495.7,499.9,499.9,475.75,487.05,485.75,487.79,269180,13130350180000.0,,62412.0,0.23190000000000002
2007-01-22,APIL,EQ,485.75,488.0,489.95,475.1,481.0,480.05,479.95,145459,6981331825000.0,,37820.0,0.26
2007-01-23,APIL,EQ,480.05,479.0,481.0,468.5,468.6,470.0,473.77,115506,5472385210000.0,,37297.0,0.3229
2007-01-24,APIL,EQ,470.0,472.5,479.55,470.0,479.0,477.25,475.02,109085,5181766575000.0,,28555.0,0.2618
2007-01-25,APIL,EQ,477.25,480.65,486.9,477.95,483.9,482.35,482.25,167665,8085695145000.0,,46331.0,0.2763
2007-01-29,APIL,EQ,482.35,485.35,495.0,482.0,485.0,486.55,488.74,198935,9722832530000.0,,43455.0,0.2184
2007-01-31,APIL,EQ,486.55,483.25,489.95,467.7,475.1,472.85,475.17,260293,12368251755000.0,,74360.0,0.2857
2007-02-01,APIL,EQ,472.85,477.6,491.9,471.4,488.3,485.8,480.41,181258,8707758565000.001,,58042.0,0.32020000000000004
2007-02-02,APIL,EQ,485.8,478.0,500.0,478.0,487.6,492.1,494.74,328824,16268219535000.0,,113775.0,0.34600000000000003
2007-02-05,APIL,EQ,492.1,492.0,515.0,482.0,503.25,505.85,503.85,521463,26274124140000.0,,134511.0,0.2579
2007-02-06,APIL,EQ,505.85,508.7,511.0,493.1,495.0,497.55,502.22,219143,11005732135000.0,,65689.0,0.2998
2007-02-07,APIL,EQ,497.55,496.0,498.0,483.0,491.0,489.4,490.06,174094,8531641634999.999,,71915.0,0.4131
2007-02-08,APIL,EQ,489.4,548.9,548.9,481.05,500.0,496.65,494.87,196373,9717981135000.0,,73259.0,0.37310000000000004
2007-02-09,APIL,EQ,496.65,504.0,511.8,481.65,485.0,486.4,497.75,274495,13663024144999.998,,75197.0,0.27390000000000003
2007-02-12,APIL,EQ,486.4,486.0,486.45,447.55,449.9,450.9,461.36,215527,9943467380000.0,,89221.0,0.414
2007-02-13,APIL,EQ,450.9,451.0,473.0,438.1,468.7,460.65,462.6,369426,17089691285000.0,,111728.0,0.3024
2007-02-14,APIL,EQ,460.65,460.05,495.0,445.0,493.0,483.65,473.09,326614,15451812930000.002,,101843.0,0.3118
2007-02-15,APIL,EQ,483.65,495.0,509.0,492.0,502.05,504.15,501.8,335344,16827694319999.998,,122361.0,0.3649
2007-02-19,APIL,EQ,504.15,506.0,509.0,495.0,496.3,497.5,500.94,233950,11719479740000.0,,84366.0,0.36060000000000003
2007-02-20,APIL,EQ,497.5,500.0,500.0,480.0,482.45,481.3,488.01,137384,6704475715000.0,,52232.0,0.38020000000000004
2007-02-21,APIL,EQ,481.3,481.3,489.0,475.0,480.0,479.9,482.33,115992,5594651030000.0,,31992.0,0.2758
2007-02-22,APIL,EQ,479.9,480.0,483.5,470.3,472.9,472.6,477.77,101111,4830736820000.0,,32268.0,0.3191
2007-02-23,APIL,EQ,472.6,472.0,486.9,460.0,465.0,465.75,472.61,244996,11578696580000.0,,83899.0,0.3425
2007-02-26,APIL,EQ,465.75,470.0,476.7,464.0,473.0,472.45,470.58,125633,5912003565000.0,,37971.0,0.30219999999999997
2007-02-27,APIL,EQ,472.45,475.0,475.0,460.0,462.5,462.75,468.34,109101,5109679930000.0,,42215.0,0.38689999999999997
2007-02-28,APIL,EQ,462.75,438.0,474.25,425.0,471.0,469.35,457.56,284839,13033205410000.0,,109120.0,0.38310000000000005
2007-03-01,APIL,EQ,469.35,470.0,477.4,447.5,456.1,458.85,457.8,119288,5461020760000.0,,34395.0,0.2883
2007-03-02,APIL,EQ,458.85,461.0,471.05,446.1,448.0,449.85,462.24,97914,4526001545000.0,,29109.0,0.2973
2007-03-05,APIL,EQ,449.85,440.0,440.0,416.0,416.9,417.65,426.85,124174,5300363970000.0,,60765.0,0.4894
2007-03-06,APIL,EQ,417.65,425.0,445.0,400.0,417.0,415.4,418.3,110714,4631217790000.0,,33068.0,0.2987
2007-03-07,APIL,EQ,415.4,417.0,426.4,400.0,401.1,403.8,412.03,103278,4255398754999.9995,,34096.0,0.3301
2007-03-08,APIL,EQ,403.8,392.0,424.9,392.0,424.0,419.8,409.06,125397,5129436170000.0,,34803.0,0.2775
2007-03-09,APIL,EQ,419.8,420.0,424.0,406.05,407.85,408.5,415.25,108327,4498329680000.0,,30267.0,0.27940000000000004
2007-03-12,APIL,EQ,408.5,409.95,419.95,403.0,404.6,405.1,410.34,80046,3284593160000.0,,26724.0,0.33390000000000003
2007-03-13,APIL,EQ,405.1,410.0,414.9,404.1,412.5,410.15,409.31,102018,4175655520000.0005,,41614.0,0.4079
2007-03-14,APIL,EQ,410.15,395.5,402.5,388.15,392.15,393.25,395.75,90840,3595030740000.0,,37450.0,0.4123
2007-03-15,APIL,EQ,393.25,399.85,414.8,397.5,400.0,400.1,407.34,120415,4904985805000.0,,26633.0,0.2212
2007-03-16,APIL,EQ,400.1,403.9,407.0,390.25,391.0,393.15,396.91,76882,3051488600000.0,,21989.0,0.28600000000000003
2007-03-19,APIL,EQ,393.15,400.0,405.0,393.1,399.3,400.85,400.25,52861,2115770875000.0,,15108.0,0.2858
2007-03-20,APIL,EQ,400.85,405.0,410.0,399.9,401.7,401.55,405.01,60557,2452631440000.0,,15557.0,0.2569
2007-03-21,APIL,EQ,401.55,403.7,406.0,395.0,403.0,402.8,402.1,63234,2542611880000.0,,14237.0,0.22510000000000002
2007-03-22,APIL,EQ,402.8,407.9,423.9,406.25,411.2,411.8,414.69,208561,8648904925000.0,,88689.0,0.4252
2007-03-23,APIL,EQ,411.8,415.0,418.9,410.0,411.5,411.3,415.23,106968,4441654640000.0,,27101.0,0.2534
2007-03-26,APIL,EQ,411.3,414.75,414.75,400.5,401.5,402.0,406.43,45274,1840074510000.0002,,20788.0,0.45920000000000005
2007-03-28,APIL,EQ,402.0,395.25,400.05,391.05,393.0,392.95,394.78,63020,2487878065000.0,,30790.0,0.4886
2007-03-29,APIL,EQ,392.95,396.0,400.55,392.1,394.0,394.15,395.52,31786,1257211480000.0,,10295.0,0.3239
2007-03-30,APIL,EQ,394.15,393.0,404.0,393.0,398.0,397.75,399.17,75107,2998030165000.0,,37371.0,0.4976
2007-04-02,APIL,EQ,397.75,394.0,394.0,368.0,369.0,370.4,378.6,99308,3759753220000.0005,,58738.0,0.5915
2007-04-03,APIL,EQ,370.4,372.0,381.9,365.0,375.05,376.35,376.44,70684,2660833415000.0,,20328.0,0.2876
2007-04-04,APIL,EQ,376.35,383.8,396.4,380.0,389.5,389.0,389.06,121601,4730972925000.0,,32043.0,0.2635
2007-04-05,APIL,EQ,389.0,390.0,397.3,385.5,395.0,393.35,391.86,92384,3620118529999.9995,,35337.0,0.3825
2007-04-09,APIL,EQ,393.35,400.0,411.9,399.0,409.0,409.4,407.27,168733,6871917470000.0,,40940.0,0.2426
2007-04-10,APIL,EQ,409.4,415.8,419.2,406.25,409.75,411.0,412.5,86967,3587367420000.0005,,28349.0,0.326
2007-04-11,APIL,EQ,411.0,415.0,434.4,410.0,420.0,421.65,424.95,441438,18759049755000.0,,105619.0,0.2393
2007-04-12,APIL,EQ,421.65,414.05,424.4,410.2,412.0,412.4,417.82,145028,6059567960000.0,,55979.0,0.386
2007-04-13,APIL,EQ,412.4,415.0,432.0,415.0,432.0,429.95,424.97,241908,10280447505000.0,,128217.0,0.53
2007-04-16,APIL,EQ,429.95,414.0,445.5,414.0,438.05,438.2,439.82,163934,7210065055000.0,,55348.0,0.3376
2007-04-17,APIL,EQ,438.2,439.0,441.9,425.0,430.7,428.6,433.15,73430,3180619515000.0,,27403.0,0.37320000000000003
2007-04-18,APIL,EQ,428.6,432.0,459.4,429.0,454.6,453.4,449.15,261345,11738424295000.0,,86326.0,0.33030000000000004
2007-04-19,APIL,EQ,453.4,453.0,472.9,442.2,464.0,462.05,460.91,372625,17174734755000.002,,76910.0,0.2064
2007-04-20,APIL,EQ,462.05,469.95,478.5,462.0,473.0,472.65,469.6,167128,7848380025000.0,,55848.0,0.3342
2007-04-23,APIL,EQ,472.65,495.0,495.0,468.0,483.0,480.45,478.07,171310,8189736545000.0,,62250.0,0.36340000000000006
2007-04-24,APIL,EQ,480.45,482.0,482.0,469.05,480.0,477.05,475.06,100484,4773585190000.0,,37106.0,0.3693
2007-04-25,APIL,EQ,477.05,480.15,488.5,475.25,479.0,482.15,483.0,84554,4083949850000.0,,24624.0,0.2912
2007-04-26,APIL,EQ,482.15,483.05,489.9,470.55,478.25,477.25,478.54,62441,2988038500000.0,,23994.0,0.38430000000000003
2007-04-27,APIL,EQ,477.25,465.0,479.7,460.1,461.0,463.75,468.75,40247,1886582905000.0,,17965.0,0.4464
2007-04-30,APIL,EQ,463.75,490.0,490.0,463.05,473.05,474.65,476.53,139092,6628153985000.0,,62743.0,0.4511
2007-05-03,APIL,EQ,474.65,480.0,548.9,480.0,517.0,512.75,504.81,604273,30504418814999.996,,219589.0,0.36340000000000006
2007-05-04,APIL,EQ,512.75,519.4,524.4,505.55,506.05,508.2,516.19,369107,19053006645000.0,,129349.0,0.3504
2007-05-07,APIL,EQ,508.2,513.3,522.0,504.05,520.9,517.75,514.48,227033,11680416215000.0,,84865.0,0.3738
2007-05-08,APIL,EQ,517.75,519.9,532.5,495.2,503.0,503.2,520.45,288626,15021403090000.0,,84157.0,0.2916
2007-05-09,APIL,EQ,503.2,502.2,508.9,491.0,504.4,503.9,501.65,137449,6895120525000.0,,35982.0,0.2618
2007-05-10,APIL,EQ,503.9,509.4,532.0,509.4,524.5,523.65,525.65,377677,19852501145000.0,,122178.0,0.3235
2007-05-11,APIL,EQ,523.65,518.0,545.0,507.0,544.0,540.85,533.35,439790,23456023405000.0,,124978.0,0.2842
2007-05-14,APIL,EQ,540.85,549.45,558.35,540.0,545.0,545.15,548.01,704178,38589452625000.0,,364035.0,0.517
2007-05-15,APIL,EQ,545.15,544.25,557.95,539.1,543.0,544.75,548.84,293222,16093258800000.0,,105496.0,0.35979999999999995
2007-05-16,APIL,EQ,544.75,550.0,550.0,525.85,536.0,534.45,536.13,268886,14415758290000.0,,97843.0,0.3639
2007-05-17,APIL,EQ,534.45,540.0,559.75,529.3,543.0,544.4,549.41,372745,20478876100000.0,,85922.0,0.2305
2007-05-18,APIL,EQ,544.4,541.0,549.9,534.2,537.6,537.95,541.1,112703,6098347560000.0,,38411.0,0.3408
2007-05-21,APIL,EQ,537.95,543.3,553.2,538.0,550.55,546.55,545.87,194271,10604600560000.0,,85216.0,0.4386
2007-05-22,APIL,EQ,546.55,485.0,568.5,485.0,556.25,557.1,559.83,516942,28939812745000.0,,79022.0,0.1529
2007-05-23,APIL,EQ,557.1,559.0,566.0,542.0,551.0,549.85,556.84,214667,11953570830000.0,,72580.0,0.3381
2007-05-24,APIL,EQ,549.85,564.9,564.9,540.0,541.0,544.4,545.4,89378,4874687990000.0,,24074.0,0.26940000000000003
2007-05-25,APIL,EQ,544.4,535.0,553.85,525.0,546.95,545.6,545.08,126519,6896272380000.0,,26290.0,0.2078
2007-05-28,APIL,EQ,545.6,549.4,559.0,545.0,545.05,546.65,550.92,76275,4202126960000.0,,32307.0,0.4236
2007-05-29,APIL,EQ,546.65,547.05,551.85,545.0,546.95,547.3,548.07,55147,3022424910000.0,,16982.0,0.3079
2007-05-30,APIL,EQ,547.3,548.9,582.0,545.0,564.1,564.9,568.94,462385,26306788485000.0,,109846.0,0.23760000000000003
2007-05-31,APIL,EQ,564.9,571.8,581.7,565.0,575.0,575.45,572.83,240986,13804509005000.002,,39091.0,0.16219999999999998
2007-06-01,APIL,EQ,575.45,579.0,601.0,572.0,591.5,591.3,592.26,495620,29353687945000.0,,75215.0,0.1518
2007-06-04,APIL,EQ,591.3,596.0,606.3,581.0,584.0,582.95,592.5,403013,23878711110000.0,,193608.0,0.4804
2007-06-05,APIL,EQ,582.95,582.0,589.0,573.15,581.6,581.3,581.58,74794,4349833310000.0,,14872.0,0.1988
2007-06-06,APIL,EQ,581.3,565.0,593.5,565.0,569.2,569.45,583.0,259523,15130083310000.0,,99516.0,0.3835
2007-06-07,APIL,EQ,569.45,575.0,584.0,565.55,576.0,574.1,576.11,154033,8873972810000.0,,30318.0,0.1968
2007-06-08,APIL,EQ,574.1,564.0,591.0,564.0,579.0,578.6,581.76,220299,12816148595000.0,,40645.0,0.1845
2007-06-11,APIL,EQ,578.6,582.0,593.9,575.0,578.2,578.05,584.76,145302,8496634405000.0,,50068.0,0.3446
2007-06-12,APIL,EQ,578.05,560.0,585.0,540.0,566.0,564.1,562.34,169999,9559741130000.0,,29845.0,0.17559999999999998
2007-06-13,APIL,EQ,564.1,565.0,568.0,550.0,554.0,553.05,558.22,88376,4933334670000.0,,20778.0,0.23510000000000003
2007-06-14,APIL,EQ,553.05,560.0,609.0,557.05,608.0,600.35,588.25,554771,32634649625000.0,,105991.0,0.1911
2007-06-15,APIL,EQ,600.35,612.0,618.0,592.1,594.0,596.0,606.92,349349,21202557615000.0,,77781.0,0.22260000000000002
2007-06-18,APIL,EQ,596.0,665.0,665.0,591.0,611.5,609.45,614.84,540228,33215420230000.0,,92132.0,0.1705
2007-06-19,APIL,EQ,609.45,614.0,700.0,608.0,700.0,688.15,657.91,1197657,78795236485000.0,,165777.0,0.1384
2007-06-20,APIL,EQ,688.15,695.65,726.9,692.8,713.4,712.35,712.24,1286605,91637157065000.0,,113106.0,0.08789999999999999
2007-06-21,APIL,EQ,712.35,711.0,715.05,688.0,704.0,702.7,701.87,329187,23104807025000.0,,45522.0,0.1383
2007-06-22,APIL,EQ,702.7,704.2,742.0,690.0,722.0,723.25,725.85,892859,64808591990000.0,,103401.0,0.1158
2007-06-25,APIL,EQ,723.25,700.0,764.7,700.0,759.5,757.95,748.85,1032740,77336301260000.0,,191145.0,0.18510000000000001
2007-06-26,APIL,EQ,757.95,725.05,775.7,725.05,757.95,759.95,764.43,814304,62247571604999.99,,169059.0,0.2076
2007-06-27,APIL,EQ,759.95,762.0,798.0,752.2,772.05,776.35,781.27,1252978,97891027420000.0,,261359.0,0.2086
2007-06-28,APIL,EQ,776.35,783.6,836.9,780.0,815.3,814.0,812.57,1737829,141210746785000.0,,424857.0,0.2445
2007-06-29,APIL,EQ,814.0,819.0,824.9,800.65,803.15,806.4,812.63,661154,53727547465000.0,,149402.0,0.226
2007-07-02,APIL,EQ,806.4,809.7,822.9,804.0,805.0,808.2,815.07,341729,27853311639999.996,,53308.0,0.156
2007-07-03,APIL,EQ,808.2,805.1,818.3,793.0,798.0,799.85,806.56,185880,14992408390000.0,,37083.0,0.1995
2007-07-04,APIL,EQ,799.85,800.0,848.9,775.1,841.7,842.45,823.53,1023812,84313764740000.0,,122849.0,0.12
2007-07-05,APIL,EQ,842.45,845.0,852.65,802.0,821.0,825.25,824.96,640405,52830798935000.0,,78160.0,0.122
2007-07-06,APIL,EQ,825.25,824.1,845.95,818.1,830.0,835.0,835.05,385226,32168376389999.996,,80526.0,0.209
2007-07-09,APIL,EQ,835.0,837.0,844.7,826.6,836.0,836.55,838.76,361791,30345738370000.0,,101965.0,0.2818
2007-07-10,APIL,EQ,836.55,839.2,842.85,816.65,819.0,821.65,830.14,184038,15277800830000.002,,73172.0,0.3976
2007-07-11,APIL,EQ,821.65,820.0,838.4,815.5,824.85,824.4,827.05,133089,11007143545000.0,,33705.0,0.25329999999999997
2007-07-12,APIL,EQ,824.4,827.0,885.0,822.1,882.0,870.5,859.06,623187,53535362345000.0,,174171.0,0.2795
2007-07-13,APIL,EQ,870.5,880.0,902.0,850.1,858.0,858.5,887.05,907966,80541292805000.0,,229331.0,0.25260000000000005
2007-07-16,APIL,EQ,858.5,863.5,872.0,842.1,856.25,855.65,857.9,196686,16873746819999.998,,34579.0,0.17579999999999998
2007-07-17,APIL,EQ,855.65,861.0,866.9,835.0,837.0,838.8,852.16,132732,11310845425000.0,,30649.0,0.2309
2007-07-18,APIL,EQ,838.8,842.0,842.6,802.55,815.0,814.85,821.59,182750,15014604815000.0,,38868.0,0.2127
2007-07-19,APIL,EQ,814.85,814.0,858.0,813.0,853.4,851.5,843.14,327493,27612112535000.004,,48972.0,0.1495
2007-07-20,APIL,EQ,851.5,860.0,860.0,826.1,830.35,830.3,840.95,154656,13005798320000.0,,35952.0,0.2325
2007-07-23,APIL,EQ,830.3,805.2,856.0,802.0,839.2,842.9,844.3,245720,20746108050000.0,,61299.0,0.2495
2007-07-24,APIL,EQ,842.9,850.0,870.95,815.0,849.95,848.85,855.78,416383,35633418160000.0,,83183.0,0.1998
2007-07-25,APIL,EQ,848.85,845.0,862.0,813.05,829.1,829.1,834.91,465314,38849727325000.0,,61128.0,0.13140000000000002
2007-07-26,APIL,EQ,829.1,836.5,836.7,786.0,800.0,799.45,810.47,465882,37758539175000.0,,158251.0,0.3397
2007-07-27,APIL,EQ,799.45,698.0,792.4,698.0,756.95,752.4,763.6,426277,32550550520000.0,,196544.0,0.4611
2007-07-30,APIL,EQ,752.4,781.0,781.0,732.0,752.0,749.45,751.03,290562,21822074950000.0,,110726.0,0.3811
2007-07-31,APIL,EQ,749.45,750.0,781.0,733.95,780.0,776.6,764.25,487882,37286454940000.0,,162080.0,0.3322
2007-08-01,APIL,EQ,776.6,777.0,777.0,724.0,731.0,727.9,744.35,399560,29741403414999.996,,170874.0,0.4277
2007-08-02,APIL,EQ,727.9,737.9,746.5,700.1,717.0,720.7,730.81,263753,19275237770000.0,,61879.0,0.2346
2007-08-03,APIL,EQ,720.7,732.0,754.0,730.0,742.0,746.2,745.39,239634,17862198425000.0,,78831.0,0.329
2007-08-06,APIL,EQ,746.2,730.0,760.0,716.0,759.8,754.0,743.13,234567,17431332350000.0,,37002.0,0.1577
2007-08-07,APIL,EQ,754.0,760.0,784.95,755.0,767.0,772.75,774.53,237776,18416539245000.0,,57760.0,0.2429
2007-08-08,APIL,EQ,772.75,775.0,789.0,768.1,774.2,775.85,779.29,212082,16527271875000.0,,66465.0,0.3134
2007-08-09,APIL,EQ,775.85,784.7,793.7,740.0,747.0,745.8,773.83,210249,16269691235000.0,,46363.0,0.2205
2007-08-10,APIL,EQ,745.8,716.2,735.0,704.0,726.0,728.2,722.5,227419,16431053755000.002,,80938.0,0.35590000000000005
2007-08-13,APIL,EQ,728.2,740.0,743.7,728.0,729.15,730.75,735.32,155949,11467226605000.0,,32882.0,0.2109
2007-08-14,APIL,EQ,730.75,732.0,742.25,725.1,726.15,732.05,734.54,100095,7352344470000.0,,32438.0,0.3241
2007-08-16,APIL,EQ,732.05,715.0,715.0,685.0,705.5,702.2,702.55,197608,13882854505000.002,,108397.0,0.5485
2007-08-17,APIL,EQ,702.2,702.0,709.5,655.2,680.0,681.95,685.88,150533,10324758960000.0,,41613.0,0.27640000000000003
2007-08-20,APIL,EQ,681.95,701.0,727.0,680.15,680.7,685.45,697.51,104216,7269181200000.0,,33569.0,0.3221
2007-08-21,APIL,EQ,685.45,689.0,694.95,644.0,646.35,648.15,665.48,126468,8416211684999.999,,38231.0,0.3023
2007-08-22,APIL,EQ,648.15,656.0,675.0,610.05,666.5,665.8,645.47,273586,17659032105000.0,,72969.0,0.26670000000000005
2007-08-23,APIL,EQ,665.8,674.5,687.0,640.0,660.0,650.0,668.62,255167,17060947410000.0,,69528.0,0.2725
2007-08-24,APIL,EQ,650.0,664.0,683.75,648.0,679.0,677.85,666.05,106534,7095662205000.0,,23408.0,0.2197
2007-08-27,APIL,EQ,677.85,683.0,724.0,683.0,718.0,718.2,708.15,181219,12833095855000.0,,49736.0,0.2745
2007-08-28,APIL,EQ,718.2,728.0,738.8,713.0,735.0,734.85,730.61,151786,11089636090000.0,,28684.0,0.189
2007-08-29,APIL,EQ,734.85,721.0,743.9,705.95,735.0,736.2,731.44,148703,10876745490000.0,,44620.0,0.30010000000000003
2007-08-30,APIL,EQ,736.2,744.1,770.0,733.0,738.0,741.05,753.85,436816,32929539650000.0,,171789.0,0.3933
2007-08-31,APIL,EQ,741.05,745.0,763.5,745.0,750.0,751.65,755.03,181989,13740692250000.0,,29586.0,0.16260000000000002
2007-09-03,APIL,EQ,751.65,758.9,774.0,752.0,764.7,764.6,766.64,257656,19753059695000.0,,57850.0,0.2245
2007-09-04,APIL,EQ,764.6,773.95,773.95,755.0,758.0,760.7,763.18,148937,11366513240000.0,,51783.0,0.34770000000000006
2007-09-05,APIL,EQ,760.7,764.0,780.0,751.25,753.15,756.2,766.4,186403,14285929185000.0,,44775.0,0.2402
2007-09-06,APIL,EQ,756.2,751.0,764.95,748.5,757.0,757.85,757.61,80003,6061100075000.0,,13155.0,0.16440000000000002
2007-09-07,APIL,EQ,757.85,760.0,767.2,736.1,742.0,739.95,750.83,90395,6787086080000.0,,31412.0,0.34750000000000003
2007-09-10,APIL,EQ,739.95,741.0,764.8,728.0,762.5,758.3,748.99,136077,10191997665000.0,,31737.0,0.23320000000000002
2007-09-11,APIL,EQ,758.3,764.95,786.5,764.95,773.0,772.55,777.18,498980,38779506120000.0,,167320.0,0.33530000000000004
2007-09-12,APIL,EQ,772.55,779.0,793.9,775.05,779.95,780.5,784.08,283209,22205907820000.0,,107911.0,0.381
2007-09-13,APIL,EQ,780.5,780.5,795.0,780.0,788.3,787.75,787.59,264087,20799322025000.0,,77482.0,0.2934
2007-09-14,APIL,EQ,787.75,790.0,818.0,783.2,787.0,787.4,803.33,340139,27324481825000.0,,58619.0,0.1723
2007-09-17,APIL,EQ,787.4,790.0,806.9,785.0,785.0,786.8,795.25,165878,13191525485000.0,,35673.0,0.2151
2007-09-18,APIL,EQ,786.8,788.8,804.8,785.1,792.0,794.15,795.11,217885,17324290135000.0,,76048.0,0.349
2007-09-19,APIL,EQ,794.15,800.0,815.0,800.0,803.5,804.3,806.07,157390,12686785800000.0,,54713.0,0.34759999999999996
2007-09-20,APIL,EQ,804.3,810.0,822.4,798.0,803.0,803.05,809.84,197723,16012344444999.998,,38862.0,0.19649999999999998
2007-09-21,APIL,EQ,803.05,806.8,817.7,800.25,804.0,803.05,808.55,117919,9534323150000.0,,25295.0,0.2145
2007-09-24,APIL,EQ,803.05,805.0,814.8,796.1,798.9,799.25,803.09,132666,10654222625000.0,,60779.0,0.4581
2007-09-25,APIL,EQ,799.25,801.9,801.9,765.0,773.1,775.55,780.99,176800,13807884780000.002,,69239.0,0.39159999999999995
2007-09-26,APIL,EQ,775.55,777.0,800.0,770.25,771.5,772.75,782.5,117527,9196429970000.0,,38980.0,0.33170000000000005
2007-09-27,APIL,EQ,772.75,778.0,797.0,761.25,793.0,783.8,772.75,151144,11679608710000.0,,53680.0,0.3552
2007-09-28,APIL,EQ,783.8,796.0,842.0,792.0,827.6,831.9,821.35,502421,41266370620000.0,,152860.0,0.3042
2007-10-01,APIL,EQ,831.9,831.5,861.0,831.5,836.0,838.15,848.26,301373,25564210015000.0,,53076.0,0.1761
2007-10-03,APIL,EQ,838.15,845.0,859.5,797.0,824.0,823.9,832.43,287920,23967212280000.0,,91285.0,0.317
2007-10-04,APIL,EQ,823.9,825.0,889.0,806.0,873.0,872.55,854.55,459270,39246898175000.0,,133735.0,0.2912
2007-10-05,APIL,EQ,872.55,880.0,885.0,820.2,842.5,840.55,855.14,213350,18244504905000.0,,78646.0,0.3686
2007-10-08,APIL,EQ,840.55,845.0,856.7,786.5,820.0,819.9,810.1,249490,20211263670000.0,,139532.0,0.5593
2007-10-09,APIL,EQ,819.9,829.9,857.0,795.1,849.0,852.05,834.68,217121,18122625925000.0,,50254.0,0.23149999999999998
2007-10-10,APIL,EQ,852.05,860.0,874.7,832.0,861.0,857.3,856.64,224731,19251302935000.0,,70975.0,0.31579999999999997
2007-10-11,APIL,EQ,857.3,863.0,918.85,846.65,904.8,901.55,895.16,272159,24362691885000.0,,110154.0,0.4047
2007-10-12,APIL,EQ,901.55,894.0,939.8,885.0,914.4,910.3,922.08,584031,53852051785000.0,,175509.0,0.3005
2007-10-15,APIL,EQ,910.3,930.0,952.2,912.0,937.4,940.2,937.19,274920,25765235010000.0,,109187.0,0.3972
2007-10-16,APIL,EQ,940.2,943.0,1029.65,930.0,1002.0,1003.6,987.39,612049,60432924950000.0,,149345.0,0.244
2007-10-17,APIL,EQ,1003.6,950.0,991.0,840.0,964.0,963.45,937.72,349190,32744096250000.0,,128400.0,0.3677
2007-10-18,APIL,EQ,963.45,998.7,1015.0,855.55,885.5,905.1,984.32,215620,21224004255000.0,,93030.0,0.4315
2007-10-19,APIL,EQ,905.1,891.0,927.0,835.0,857.0,869.65,868.42,199121,17292114760000.0,,100672.0,0.5056
2007-10-22,APIL,EQ,869.65,863.0,885.0,817.0,870.0,865.45,861.78,116760,10062136405000.0,,37850.0,0.32420000000000004
2007-10-23,APIL,EQ,865.45,896.0,930.0,884.0,926.0,924.6,907.39,183796,16677454019999.998,,64440.0,0.3506
2007-10-24,APIL,EQ,924.6,938.05,947.0,861.1,925.0,931.1,933.51,121478,11340059335000.0,,47302.0,0.38939999999999997
2007-10-25,APIL,EQ,931.1,935.0,987.0,925.0,953.05,958.4,958.47,307995,29520432155000.0,,168652.0,0.5476
2007-10-26,APIL,EQ,958.4,971.25,1002.0,951.0,989.0,990.3,986.63,176196,17384019200000.0,,52724.0,0.2992
2007-10-29,APIL,EQ,990.3,999.9,1010.0,792.25,995.0,993.6,992.11,263751,26167097145000.0,,130137.0,0.49340000000000006
2007-10-30,APIL,EQ,993.6,1019.9,1029.0,930.0,935.05,941.5,980.9,298090,29239526635000.004,,94583.0,0.3173
2007-10-31,APIL,EQ,941.5,940.0,998.6,915.0,963.05,961.15,967.53,198829,19237218870000.0,,54292.0,0.2731
2007-11-01,APIL,EQ,961.15,990.0,994.8,915.0,919.5,921.55,944.74,96908,9155321230000.0,,43197.0,0.4458
2007-11-02,APIL,EQ,921.55,902.0,934.0,890.0,923.9,923.15,918.9,66412,6102612435000.0,,23297.0,0.3508
2007-11-05,APIL,EQ,923.15,922.0,979.0,920.0,959.6,959.45,961.64,209892,20184013075000.0,,94096.0,0.4483
2007-11-06,APIL,EQ,959.45,969.0,977.0,910.05,916.05,917.1,948.3,114536,10861426655000.0,,46423.0,0.4053
2007-11-07,APIL,EQ,917.1,947.0,990.0,895.0,915.5,915.85,916.11,100867,9240551285000.0,,31350.0,0.31079999999999997
2007-11-08,APIL,EQ,915.85,904.9,949.8,890.0,943.8,929.95,915.84,75445,6909544555000.0,,33689.0,0.4465
2007-11-09,APIL,EQ,929.95,939.0,971.0,910.65,910.65,919.45,926.33,10919,1011465155000.0001,,6745.0,0.6177
2007-11-12,APIL,EQ,919.45,919.45,919.45,875.5,893.55,894.1,891.01,89851,8005826859999.999,,52069.0,0.5795
2007-11-13,APIL,EQ,894.1,900.0,994.4,880.5,972.0,976.45,967.0,273306,26428717530000.0,,82316.0,0.3012
2007-11-14,APIL,EQ,976.45,997.95,1005.75,958.1,990.1,986.35,985.05,445095,43843993790000.0,,305540.0,0.6865000000000001
2007-11-15,APIL,EQ,986.35,999.9,1026.95,998.0,1006.0,1003.5,1011.48,370291,37454148985000.0,,190313.0,0.514
2007-11-16,APIL,EQ,1003.5,1005.0,1054.9,994.0,1025.0,1020.75,1034.14,250182,25872338655000.0,,76648.0,0.3064
2007-11-19,APIL,EQ,1020.75,1050.0,1199.0,1039.0,1041.0,1043.9,1054.23,203762,21481196920000.0,,111911.0,0.5492
2007-11-20,APIL,EQ,1043.9,1045.0,1045.0,995.0,1017.3,1010.75,1026.07,50533,5185054800000.0,,19792.0,0.39170000000000005
2007-11-21,APIL,EQ,1010.75,1010.0,1018.0,890.5,910.0,904.0,946.56,94051,8902489075000.0,,50275.0,0.5346000000000001
2007-11-22,APIL,EQ,904.0,928.0,936.0,870.0,922.0,921.5,908.84,112329,10208948265000.0,,37260.0,0.33170000000000005
2007-11-23,APIL,EQ,921.5,949.6,974.0,932.0,962.5,964.6,955.62,64326,6147090945000.0,,20961.0,0.3259
2007-11-26,APIL,EQ,964.6,980.0,984.0,936.0,978.05,970.1,968.32,50729,4912174315000.0,,21555.0,0.42490000000000006
2007-11-27,APIL,EQ,970.1,970.0,975.0,955.0,964.0,962.45,964.83,27917,2693518015000.0,,8672.0,0.3106
2007-11-28,APIL,EQ,962.45,878.0,984.0,878.0,936.1,943.35,965.03,24638,2377645865000.0,,7939.0,0.3222
2007-11-29,APIL,EQ,943.35,968.0,968.0,908.0,927.9,916.65,935.82,48646,4552405285000.0,,24256.0,0.4986
2007-11-30,APIL,EQ,916.65,925.0,949.0,890.6,948.4,941.75,938.73,18827,1767348285000.0002,,7175.0,0.3811
2007-12-03,APIL,EQ,941.75,961.0,990.0,950.0,978.75,976.4,975.8,56601,5523097855000.0,,21058.0,0.37200000000000005
2007-12-04,APIL,EQ,976.4,990.0,1048.4,981.0,1045.0,1034.9,1018.41,176568,17981853005000.0,,73782.0,0.4179
2007-12-05,APIL,EQ,1034.9,1050.0,1098.0,1045.0,1084.0,1085.95,1071.61,293856,31489899580000.0,,124406.0,0.42340000000000005
2007-12-06,APIL,EQ,1085.95,1095.0,1109.4,1060.0,1075.0,1064.95,1094.34,146927,16078742005000.002,,80163.0,0.5456000000000001
2007-12-07,APIL,EQ,1064.95,1069.4,1100.0,1038.6,1066.05,1079.15,1074.11,104233,11195773525000.0,,50857.0,0.4879
2007-12-10,APIL,EQ,1079.15,1074.4,1075.0,1042.0,1060.0,1060.5,1055.17,51061,5387809325000.0,,25956.0,0.5083
2007-12-11,APIL,EQ,1060.5,1065.2,1097.0,1050.0,1058.0,1057.85,1072.28,42941,4604490280000.0,,21315.0,0.4964
2007-12-12,APIL,EQ,1057.85,1050.0,1083.25,1040.0,1070.0,1066.7,1063.95,36844,3920028740000.0,,13266.0,0.3601
2007-12-13,APIL,EQ,1066.7,1078.0,1091.8,1045.1,1061.1,1053.55,1066.88,63965,6824320720000.0,,37863.0,0.5919
2007-12-14,APIL,EQ,1053.55,1060.0,1074.9,1017.0,1041.5,1042.6,1047.84,63765,6681565020000.0,,36947.0,0.5794
2007-12-17,APIL,EQ,1042.6,1040.0,1050.0,992.1,999.0,1001.65,1020.63,39920,4074364685000.0,,19630.0,0.4917
2007-12-18,APIL,EQ,1001.65,1005.0,1025.0,970.0,1020.0,998.95,988.23,62067,6133666140000.0,,40313.0,0.6495000000000001
2007-12-19,APIL,EQ,998.95,1020.0,1024.25,945.0,969.35,961.9,994.89,266406,26504552320000.0,,211621.0,0.7944
2007-12-20,APIL,EQ,961.9,950.0,976.8,950.0,960.0,958.45,962.0,29550,2842720685000.0,,15836.0,0.5359
2007-12-24,APIL,EQ,958.45,980.0,1009.8,960.1,1002.0,1002.35,986.98,48948,4831076870000.0,,25826.0,0.5276
2007-12-26,APIL,EQ,1002.35,1000.0,1040.0,995.0,1030.0,1020.3,1009.06,81890,8263155300000.0,,46677.0,0.5700000000000001
2007-12-27,APIL,EQ,1020.3,1015.05,1074.4,975.0,1070.0,1015.55,1013.52,175925,17830303610000.0,,119138.0,0.6772
2007-12-28,APIL,EQ,1015.55,1010.0,1034.0,991.1,997.9,999.2,1002.54,56777,5692118595000.0,,36681.0,0.6461
2007-12-31,APIL,EQ,999.2,1008.0,1024.7,998.0,1013.0,1006.35,1009.76,63666,6428732350000.0,,30565.0,0.48009999999999997
2008-01-01,APIL,EQ,1006.35,1025.0,1032.0,996.0,1001.0,1001.1,1013.43,63327,6417767640000.0,,29201.0,0.4611
2008-01-02,APIL,EQ,1001.1,1009.9,1049.0,995.0,1025.0,1026.75,1024.39,92740,9500236155000.0,,25139.0,0.2711
2008-01-03,APIL,EQ,1026.75,1028.0,1071.0,1010.0,1058.45,1055.45,1045.9,131940,13799576775000.0,,61247.0,0.4642
2008-01-04,APIL,EQ,1055.45,1086.6,1086.6,1031.0,1045.0,1040.7,1063.6,88156,9376236630000.0,,33960.0,0.38520000000000004
2008-01-07,APIL,EQ,1040.7,1030.0,1067.85,1015.0,1060.0,1050.0,1043.35,105394,10996320875000.0,,58463.0,0.5547
2008-01-08,APIL,EQ,1050.0,1070.0,1085.0,998.0,1016.1,1014.9,1017.19,122423,12452771455000.0,,71877.0,0.5871000000000001
2008-01-09,APIL,EQ,1014.9,1089.0,1089.0,990.0,995.2,998.6,1005.34,48884,4914521665000.0,,22561.0,0.4615
2008-01-10,APIL,EQ,998.6,991.1,1023.95,960.1,969.75,969.7,993.58,34794,3457067370000.0005,,15756.0,0.45280000000000004
2008-01-11,APIL,EQ,969.7,980.0,992.0,932.0,959.0,956.5,952.55,32629,3108073245000.0,,12702.0,0.3893
2008-01-14,APIL,EQ,956.5,970.0,984.9,950.0,973.0,969.9,962.6,27724,2668714555000.0,,15769.0,0.5688000000000001
2008-01-15,APIL,EQ,969.9,1040.0,1050.0,949.0,950.0,955.7,969.51,23795,2306955495000.0,,10915.0,0.4587
2008-01-16,APIL,EQ,955.7,940.1,965.0,905.05,957.45,956.25,939.63,83579,7853341655000.0,,40409.0,0.48350000000000004
2008-01-17,APIL,EQ,956.25,974.0,974.0,912.1,920.1,918.45,924.27,89102,8235400259999.999,,49378.0,0.5542
2008-01-18,APIL,EQ,918.45,919.0,939.0,885.0,900.0,907.05,914.79,73752,6746743720000.0,,41036.0,0.5564
2008-01-21,APIL,EQ,907.05,872.0,883.35,760.0,810.0,806.05,826.2,55369,4574560690000.0,,36921.0,0.6668000000000001
2008-01-22,APIL,EQ,806.05,710.0,789.7,580.0,769.9,746.75,696.35,107980,7519151590000.001,,88195.0,0.8168000000000001
2008-01-23,APIL,EQ,746.75,840.0,864.4,666.0,789.45,782.3,776.47,86515,6717640025000.0,,55551.0,0.6421
2008-01-24,APIL,EQ,782.3,828.0,828.0,663.0,715.0,714.8,716.43,83548,5985639675000.0,,38907.0,0.4657
2008-01-25,APIL,EQ,714.8,749.0,759.95,715.5,745.0,752.1,742.13,66191,4912229145000.0,,54176.0,0.8185
2008-01-28,APIL,EQ,752.1,733.8,753.5,706.0,750.0,750.0,737.93,70732,5219495385000.0,,47801.0,0.6758
2008-01-29,APIL,EQ,750.0,786.9,786.9,742.0,770.1,762.95,762.59,25412,1937890595000.0,,14563.0,0.5731
2008-01-30,APIL,EQ,762.95,760.0,770.0,720.0,770.0,761.3,751.36,52538,3947501395000.0005,,35727.0,0.68
2008-01-31,APIL,EQ,761.3,762.0,776.0,690.0,701.8,737.5,742.86,195442,14518586390000.0,,149103.0,0.7629000000000001
2008-02-01,APIL,EQ,737.5,749.8,749.8,705.0,727.2,734.8,724.02,109709,7943192295000.0,,59770.0,0.5448
2008-02-04,APIL,EQ,734.8,741.0,755.0,668.0,749.0,749.9,745.98,84480,6302005780000.0,,46203.0,0.5468999999999999
2008-02-05,APIL,EQ,749.9,768.8,787.0,739.0,773.4,774.4,769.56,125329,9644848175000.0,,57720.0,0.46049999999999996
2008-02-06,APIL,EQ,774.4,747.0,763.0,737.0,760.0,759.4,755.1,22126,1670745235000.0,,8921.0,0.4032
2008-02-07,APIL,EQ,759.4,760.0,781.0,740.1,754.45,748.9,764.14,33422,2553916560000.0,,16578.0,0.49600000000000005
2008-02-08,APIL,EQ,748.9,733.9,750.0,711.0,730.0,732.25,728.14,22522,1639921435000.0,,10275.0,0.4562
2008-02-11,APIL,EQ,732.25,740.0,740.0,660.0,695.0,705.25,686.76,201706,13852456035000.0,,150614.0,0.7467
2008-02-12,APIL,EQ,705.25,710.0,715.0,655.0,692.9,689.7,683.95,55288,3781447875000.0,,37974.0,0.6868000000000001
2008-02-13,APIL,EQ,689.7,700.0,725.0,686.0,725.0,716.75,710.72,34934,2482838365000.0,,20534.0,0.5878
2008-02-14,APIL,EQ,716.75,725.0,774.9,725.0,770.0,764.55,754.27,72676,5481733845000.0,,53987.0,0.7428
2008-02-15,APIL,EQ,764.55,750.0,768.0,742.0,742.2,748.6,754.82,33384,2519888925000.0,,13683.0,0.40990000000000004
2008-02-18,APIL,EQ,748.6,760.0,760.0,698.5,712.0,707.45,714.03,166965,11921799715000.0,,105652.0,0.6328
2008-02-19,APIL,EQ,707.45,726.9,726.9,708.0,714.9,711.3,718.9,21804,1567493680000.0,,9743.0,0.44680000000000003
2008-02-20,APIL,EQ,711.3,710.0,715.5,701.0,707.0,706.0,707.94,19849,1405182115000.0,,7026.0,0.354
2008-02-21,APIL,EQ,706.0,731.0,735.0,701.0,735.0,723.0,717.2,32850,2355997140000.0,,12834.0,0.3907
2008-02-22,APIL,EQ,723.0,728.0,753.0,719.1,730.0,725.2,737.54,64803,4779481600000.0,,18631.0,0.28750000000000003
2008-02-25,APIL,EQ,725.2,737.0,755.55,710.0,752.0,745.9,739.45,48448,3582497470000.0005,,31874.0,0.6579
2008-02-26,APIL,EQ,745.9,748.0,770.0,745.0,748.0,750.55,752.99,64198,4834027500000.0,,36901.0,0.5748
2008-02-27,APIL,EQ,750.55,752.0,763.0,740.25,755.0,752.65,754.32,56458,4258735960000.0,,33164.0,0.5874
2008-02-28,APIL,EQ,752.65,754.0,756.0,719.35,730.2,726.7,731.63,124888,9137167730000.0,,82360.0,0.6595000000000001
2008-02-29,APIL,EQ,726.7,716.0,742.0,712.0,734.0,732.3,729.62,31753,2316769580000.0,,10906.0,0.3435
2008-03-03,APIL,EQ,732.3,720.0,723.0,691.5,695.05,698.5,706.89,15640,1105569410000.0,,6830.0,0.43670000000000003
2008-03-04,APIL,EQ,698.5,705.0,706.0,663.0,681.0,681.1,680.61,38138,2595705520000.0,,18056.0,0.47340000000000004
2008-03-05,APIL,EQ,681.1,681.0,689.0,666.5,680.0,676.3,673.14,48614,3272398000000.0,,27139.0,0.5583
2008-03-07,APIL,EQ,676.3,665.0,678.0,615.0,666.15,672.8,649.69,51301,3332978980000.0,,19487.0,0.3799
2008-03-10,APIL,EQ,672.8,655.5,655.5,615.05,631.0,634.35,630.63,42403,2674057720000.0,,19360.0,0.45659999999999995
2008-03-11,APIL,EQ,634.35,635.0,689.0,622.0,679.0,679.55,668.71,67063,4484556720000.0,,33251.0,0.4958
2008-03-12,APIL,EQ,679.55,710.0,710.0,650.0,655.0,657.75,679.3,17499,1188699295000.0,,7444.0,0.4254
2008-03-13,APIL,EQ,657.75,650.0,650.0,581.0,595.0,588.75,610.44,47138,2877510925000.0,,25644.0,0.544
2008-03-14,APIL,EQ,588.75,590.0,614.95,585.0,605.2,604.45,599.51,32038,1920704085000.0002,,11420.0,0.3565
2008-03-17,APIL,EQ,604.45,600.0,600.0,496.0,511.0,507.6,531.92,49025,2607730975000.0,,28816.0,0.5878
2008-03-18,APIL,EQ,507.6,515.0,529.0,501.0,513.85,512.45,515.89,48842,2519727265000.0,,21989.0,0.45020000000000004
2008-03-19,APIL,EQ,512.45,537.8,543.9,480.0,492.1,494.05,526.83,86998,4583351180000.0,,59369.0,0.6824
2008-03-24,APIL,EQ,494.05,505.0,509.95,465.0,471.0,472.1,482.03,36868,1777129775000.0,,25146.0,0.6820999999999999
2008-03-25,APIL,EQ,472.1,485.0,525.0,485.0,522.0,515.95,506.74,64652,3276193830000.0,,20748.0,0.3209
2008-03-26,APIL,EQ,515.95,508.0,538.75,504.5,504.5,508.0,517.04,45678,2361746325000.0,,18268.0,0.39990000000000003
2008-03-27,APIL,EQ,508.0,515.0,517.9,502.2,508.0,508.05,508.15,129110,6560740860000.0,,86903.0,0.6731
2008-03-28,APIL,EQ,508.05,509.25,550.0,509.25,544.0,544.55,525.27,289182,15189748885000.0,,235795.0,0.8154000000000001
2008-03-31,APIL,EQ,544.55,529.0,592.9,529.0,578.0,580.95,569.85,129106,7357044655000.0,,44526.0,0.34490000000000004
2008-04-01,APIL,EQ,580.95,585.0,609.0,560.25,568.85,564.4,574.7,37080,2130972130000.0,,9373.0,0.2528
2008-04-02,APIL,EQ,564.4,590.0,599.0,575.25,585.0,585.1,584.49,52045,3041992995000.0,,39894.0,0.7665000000000001
2008-04-03,APIL,EQ,585.1,575.1,624.0,575.0,615.0,613.95,608.61,50943,3100448785000.0,,21769.0,0.42729999999999996
2008-04-04,APIL,EQ,613.95,620.0,620.0,560.1,569.9,569.95,593.99,68231,4052829090000.0,,46318.0,0.6788
2008-04-07,APIL,EQ,569.95,625.0,625.0,548.0,562.0,568.05,565.47,47193,2668624565000.0,,12345.0,0.2616
2008-04-08,APIL,EQ,568.05,570.0,596.0,555.0,582.6,580.95,573.56,55281,3170712195000.0,,10792.0,0.1952
2008-04-09,APIL,EQ,580.95,557.0,616.0,557.0,602.0,602.2,603.46,65219,3935685200000.0,,13978.0,0.2143
2008-04-10,APIL,EQ,602.2,605.1,623.0,602.5,606.0,605.2,614.18,40436,2483511650000.0,,7145.0,0.17670000000000002
2008-04-11,APIL,EQ,605.2,619.85,619.85,586.1,617.0,611.05,607.14,49543,3007954480000.0,,13632.0,0.2752
2008-04-15,APIL,EQ,611.05,610.0,652.7,604.0,640.05,642.75,638.17,88748,5663605500000.0,,16656.0,0.1877
2008-04-16,APIL,EQ,642.75,654.0,681.9,644.3,669.1,668.25,667.08,62063,4140071110000.0,,18169.0,0.2928
2008-04-17,APIL,EQ,668.25,677.0,699.25,670.0,682.0,684.4,687.21,48267,3316963610000.0,,10880.0,0.2254
2008-04-21,APIL,EQ,684.4,699.75,723.0,691.0,720.0,718.9,707.25,80997,5728526160000.0,,53024.0,0.6546
2008-04-22,APIL,EQ,718.9,721.9,724.9,710.0,722.05,716.7,716.34,36586,2620789940000.0,,18199.0,0.4974
2008-04-23,APIL,EQ,716.7,722.0,722.0,696.0,713.0,712.85,710.12,38447,2730213720000.0,,14026.0,0.36479999999999996
2008-04-24,APIL,EQ,712.85,720.0,730.0,709.0,720.1,725.2,722.0,71023,5127868730000.0,,33443.0,0.47090000000000004
2008-04-25,APIL,EQ,725.2,725.0,739.95,705.0,707.0,706.8,723.16,74571,5392710845000.0,,49649.0,0.6658
2008-04-28,APIL,EQ,706.8,720.0,720.0,686.0,692.0,689.2,695.32,25039,1741016010000.0002,,10263.0,0.40990000000000004
2008-04-29,APIL,EQ,689.2,698.95,700.0,670.0,674.0,672.25,679.98,53608,3645228395000.0005,,19386.0,0.3616
2008-04-30,APIL,EQ,672.25,650.0,650.0,609.0,610.0,614.7,624.48,203917,12734285885000.0,,109644.0,0.5377000000000001
2008-05-02,APIL,EQ,614.7,621.0,633.95,617.5,619.0,619.95,626.7,156233,9791087435000.0,,89865.0,0.5752
2008-05-05,APIL,EQ,619.95,620.0,639.0,601.8,630.0,624.25,622.1,148991,9268717880000.0,,41943.0,0.2815
2008-05-06,APIL,EQ,624.25,623.0,637.0,590.0,618.9,619.6,625.43,82142,5137445010000.0,,25305.0,0.3081
2008-05-07,APIL,EQ,619.6,618.0,624.0,601.05,616.95,615.35,612.5,58494,3582771450000.0,,11159.0,0.1908
2008-05-08,APIL,EQ,615.35,615.0,629.0,610.05,617.05,619.55,619.94,92586,5739744475000.0,,40181.0,0.434
2008-05-09,APIL,EQ,619.55,621.0,629.5,604.5,608.0,609.65,620.31,42563,2640218745000.0,,18403.0,0.4324
2008-05-12,APIL,EQ,609.65,604.0,611.0,584.0,595.0,593.95,592.18,61717,3654772660000.0,,22649.0,0.36700000000000005
2008-05-13,APIL,EQ,593.95,602.0,610.5,588.1,594.0,592.7,602.92,85167,5134918605000.0,,36136.0,0.4243
2008-05-14,APIL,EQ,592.7,590.05,597.0,584.0,592.0,592.85,590.26,44064,2600904095000.0,,19677.0,0.4466
2008-05-15,APIL,EQ,592.85,600.0,622.0,596.0,621.0,612.9,604.64,62235,3763004775000.0,,37685.0,0.6055
2008-05-16,APIL,EQ,612.9,620.0,634.35,604.0,606.2,608.6,614.76,100431,6174055410000.0,,56213.0,0.5597
2008-05-20,APIL,EQ,608.6,602.0,614.95,602.0,610.0,610.1,610.1,26807,1635496970000.0,,9314.0,0.34740000000000004
2008-05-21,APIL,EQ,610.1,595.2,635.0,595.0,633.0,628.7,624.46,94716,5914620610000.0,,27071.0,0.2858
2008-05-22,APIL,EQ,628.7,624.95,655.0,619.0,622.0,622.5,639.65,128743,8235016480000.0,,27442.0,0.2132
2008-05-23,APIL,EQ,622.5,629.0,637.9,608.0,613.95,614.0,621.9,35809,2226975875000.0,,13717.0,0.38310000000000005
2008-05-26,APIL,EQ,614.0,601.0,607.0,586.1,588.9,589.1,596.11,22193,1322938430000.0,,10338.0,0.4658
2008-05-27,APIL,EQ,589.1,593.1,599.0,560.55,560.55,565.95,578.93,61687,3571258445000.0005,,23729.0,0.3847
2008-05-28,APIL,EQ,565.95,568.05,568.05,530.05,536.0,537.05,542.89,150779,8185672675000.0,,94511.0,0.6268
2008-05-29,APIL,EQ,537.05,540.0,598.0,528.0,574.85,554.95,548.66,138134,7578845270000.0,,74983.0,0.5428000000000001
2008-05-30,APIL,EQ,554.95,558.0,579.7,539.0,542.0,543.7,560.63,58507,3280089145000.0,,24287.0,0.41509999999999997
2008-06-02,APIL,EQ,543.7,550.0,558.0,505.25,506.0,513.05,531.76,47398,2520449490000.0,,22651.0,0.4779
2008-06-03,APIL,EQ,513.05,500.0,509.75,490.0,507.0,505.1,500.94,37084,1857703160000.0002,,12760.0,0.34409999999999996
2008-06-04,APIL,EQ,505.1,518.4,523.0,493.0,494.1,495.45,507.72,45997,2335342480000.0,,16570.0,0.3602
2008-06-05,APIL,EQ,495.45,493.0,510.6,485.0,500.0,500.6,498.04,34699,1728131750000.0,,10861.0,0.313
2008-06-06,APIL,EQ,500.6,505.6,519.8,495.0,500.0,501.7,506.37,43895,2222718660000.0,,8655.0,0.1972
2008-06-09,APIL,EQ,501.7,476.0,485.55,446.0,466.5,461.95,464.89,60321,2804284990000.0,,22676.0,0.37590000000000007
2008-06-10,APIL,EQ,461.95,465.0,474.9,441.95,445.05,448.2,452.38,75985,3437442104999.9995,,50352.0,0.6627
2008-06-11,APIL,EQ,448.2,465.0,465.0,442.5,445.0,445.5,450.07,35750,1609009185000.0,,13583.0,0.3799
2008-06-12,APIL,EQ,445.5,440.0,451.0,420.0,445.05,447.3,439.68,30367,1335169015000.0,,9133.0,0.3008
2008-06-13,APIL,EQ,447.3,447.4,453.85,431.5,433.0,435.5,440.55,45247,1993338360000.0002,,23300.0,0.515
2008-06-16,APIL,EQ,435.5,444.0,460.0,436.1,438.0,439.15,446.34,46481,2074620580000.0,,15242.0,0.3279
2008-06-17,APIL,EQ,439.15,441.05,457.0,440.0,451.15,450.85,451.56,65253,2946595255000.0,,16282.0,0.2495
2008-06-18,APIL,EQ,450.85,456.95,471.25,440.1,444.1,447.7,461.84,117165,5411098670000.0,,26727.0,0.2281
2008-06-19,APIL,EQ,447.7,445.0,447.3,424.0,428.95,426.6,434.47,50817,2207841080000.0,,23731.0,0.467
2008-06-20,APIL,EQ,426.6,435.0,435.0,405.1,409.95,407.55,415.44,61304,2546791105000.0,,26466.0,0.43170000000000003
2008-06-23,APIL,EQ,407.55,400.0,407.95,369.1,371.3,371.0,380.46,80073,3046421335000.0,,37452.0,0.46770000000000006
2008-06-24,APIL,EQ,371.0,374.0,385.95,369.55,373.0,379.0,379.35,83511,3167973385000.0,,38028.0,0.4554
2008-06-25,APIL,EQ,379.0,378.0,384.0,366.1,377.0,378.25,379.01,55146,2090115525000.0,,22768.0,0.4129
2008-06-26,APIL,EQ,378.25,386.4,423.65,358.35,381.0,377.1,375.72,133601,5019611145000.0,,78878.0,0.5904
2008-06-27,APIL,EQ,377.1,360.3,385.0,355.0,361.8,361.95,372.67,82494,3074327475000.0,,20067.0,0.2433
2008-06-30,APIL,EQ,361.95,364.8,369.0,337.1,339.0,342.8,350.64,53717,1883548335000.0002,,23421.0,0.436
2008-07-01,APIL,EQ,342.8,348.9,349.0,321.1,321.55,323.3,330.45,54386,1797179560000.0002,,19621.0,0.3608
2008-07-02,APIL,EQ,323.3,328.4,338.95,308.25,333.0,332.3,322.42,113012,3643687240000.0,,49918.0,0.44170000000000004
2008-07-03,APIL,EQ,332.3,335.0,335.0,316.0,318.05,320.8,324.14,48678,1577854535000.0,,26024.0,0.5346000000000001
2008-07-04,APIL,EQ,320.8,318.0,365.0,318.0,364.0,362.9,343.88,213625,7346160925000.0,,69680.0,0.3262
2008-07-07,APIL,EQ,362.9,370.0,392.0,370.0,376.0,376.0,382.11,159773,6105098540000.0,,29962.0,0.1875
2008-07-08,APIL,EQ,376.0,370.0,412.0,359.0,404.0,404.0,395.08,313758,12395900065000.0,,47065.0,0.15
2008-07-09,APIL,EQ,404.0,415.6,443.45,415.6,440.1,439.2,434.05,369772,16050103569999.998,,86637.0,0.2343
2008-07-10,APIL,EQ,439.2,435.0,455.0,427.0,434.0,434.7,440.64,282229,12436278245000.0,,60254.0,0.21350000000000002
2008-07-11,APIL,EQ,434.7,440.0,444.0,401.65,403.1,407.05,420.5,132081,5554053800000.0,,34609.0,0.262
2008-07-14,APIL,EQ,407.05,400.1,408.75,387.05,401.95,399.25,399.99,217895,8715488534999.999,,24702.0,0.1134
2008-07-15,APIL,EQ,399.25,389.0,392.5,365.0,367.0,370.35,382.29,173181,6620472675000.0,,75861.0,0.438
2008-07-16,APIL,EQ,370.35,374.0,382.95,357.7,363.05,362.05,372.29,97104,3615060254999.9995,,16977.0,0.1748
2008-07-17,APIL,EQ,362.05,377.0,384.85,369.0,378.5,379.35,375.73,109927,4130297045000.0005,,21820.0,0.1985
2008-07-18,APIL,EQ,379.35,380.1,405.95,379.25,402.9,402.5,393.42,193072,7595812350000.0,,52601.0,0.2724
2008-07-21,APIL,EQ,402.5,409.0,412.0,385.45,393.0,393.05,395.28,106587,4213189095000.0005,,34499.0,0.3237
2008-07-22,APIL,EQ,393.05,398.0,427.0,391.0,426.7,422.3,417.39,298952,12477962025000.0,,66596.0,0.22280000000000003
2008-07-23,APIL,EQ,422.3,446.0,464.2,440.0,447.5,449.0,454.15,303609,13788399044999.998,,147781.0,0.4867
2008-07-24,APIL,EQ,449.0,453.0,461.9,428.0,436.0,436.95,442.12,184771,8169170934999.999,,51031.0,0.2762
2008-07-25,APIL,EQ,436.95,427.0,438.0,424.0,427.0,427.7,431.3,149493,6447616560000.0,,20979.0,0.1403
2008-07-28,APIL,EQ,427.7,429.0,429.0,412.0,416.0,418.35,419.0,76626,3210625450000.0,,24254.0,0.3165
2008-07-29,APIL,EQ,418.35,410.0,421.0,403.0,412.85,414.85,414.96,72260,2998499005000.0,,21832.0,0.30210000000000004
2008-07-30,APIL,EQ,414.85,418.0,428.85,411.5,413.0,414.4,420.38,97163,4084495265000.0,,36582.0,0.3765
2008-07-31,APIL,EQ,414.4,419.0,421.0,405.0,407.65,407.35,413.09,67153,2774014255000.0,,30078.0,0.4479
2008-08-01,APIL,EQ,407.35,404.0,420.0,396.25,412.45,411.7,412.33,124909,5150389230000.0,,62871.0,0.5033
2008-08-04,APIL,EQ,411.7,419.0,427.5,416.05,419.2,418.95,422.07,144033,6079263445000.0,,50533.0,0.3508
2008-08-05,APIL,EQ,418.95,418.0,437.9,418.0,428.3,429.05,431.27,154333,6655923575000.0,,33775.0,0.2188
2008-08-06,APIL,EQ,429.05,436.25,443.9,411.1,413.2,417.55,432.56,151937,6572215780000.0,,56398.0,0.3712
2008-08-07,APIL,EQ,417.55,412.2,427.0,412.2,414.75,414.95,419.43,62991,2642041645000.0,,19901.0,0.3159
2008-08-08,APIL,EQ,414.95,414.0,418.9,407.0,412.0,412.25,411.33,59816,2460401170000.0,,22458.0,0.3755
2008-08-11,APIL,EQ,412.25,421.0,429.8,410.0,428.0,426.95,421.95,111945,4723475790000.0,,47331.0,0.4228
2008-08-12,APIL,EQ,426.95,432.0,444.0,428.0,432.0,432.8,436.85,208698,9116958825000.0,,40397.0,0.1936
2008-08-13,APIL,EQ,432.8,430.0,449.0,429.0,439.25,438.9,443.21,237753,10537548665000.0,,44530.0,0.18730000000000002
2008-08-14,APIL,EQ,438.9,440.0,447.0,420.5,421.0,423.35,432.75,163997,7096899415000.001,,50651.0,0.3089
2008-08-18,APIL,EQ,423.35,421.05,429.5,415.1,416.5,416.85,421.53,55254,2329127120000.0,,20060.0,0.36310000000000003
2008-08-19,APIL,EQ,416.85,408.15,418.0,404.9,414.65,410.95,409.55,80249,3286620895000.0,,25515.0,0.3179
2008-08-20,APIL,EQ,410.95,414.05,427.8,410.0,423.35,422.45,418.8,119607,5009108025000.0,,24017.0,0.20079999999999998
2008-08-21,APIL,EQ,422.45,421.0,426.75,407.05,410.0,410.8,417.38,59468,2482052835000.0,,21607.0,0.3633
2008-08-22,APIL,EQ,410.8,403.2,414.0,377.85,412.25,412.0,408.9,81854,3347047790000.0,,38278.0,0.4676
2008-08-25,APIL,EQ,412.0,416.5,419.0,405.0,405.15,408.85,412.25,59900,2469361000000.0,,29476.0,0.49210000000000004
2008-08-26,APIL,EQ,408.85,406.9,408.9,396.5,402.0,402.35,402.08,56623,2276709885000.0,,17170.0,0.3032
2008-08-27,APIL,EQ,402.35,399.0,408.0,381.0,387.0,384.85,393.04,108905,4280404195000.0005,,68973.0,0.6333
2008-08-28,APIL,EQ,384.85,384.85,391.0,364.0,367.0,368.15,377.7,140543,5308289575000.0,,56962.0,0.4053
2008-08-29,APIL,EQ,368.15,376.0,382.95,373.05,380.0,379.85,378.95,125879,4770220165000.0,,44549.0,0.3539
2008-09-01,APIL,EQ,379.85,376.05,393.0,376.0,391.45,390.5,385.69,211707,8165429425000.0,,134376.0,0.6347
2008-09-02,APIL,EQ,390.5,392.5,403.3,392.5,400.95,399.8,399.12,101089,4034646700000.0,,28403.0,0.281
2008-09-04,APIL,EQ,399.8,401.0,401.0,388.3,394.0,393.85,394.64,80229,3166139360000.0,,18150.0,0.2262
2008-09-05,APIL,EQ,393.85,371.25,405.0,362.0,396.65,396.15,395.18,98976,3911294675000.0,,21155.0,0.2137
2008-09-08,APIL,EQ,396.15,422.2,470.0,420.1,423.0,422.45,429.74,376005,16158571869999.998,,174824.0,0.465
2008-09-09,APIL,EQ,422.45,424.0,424.0,410.0,416.3,416.5,418.29,92345,3862738985000.0,,22022.0,0.23850000000000002
2008-09-10,APIL,EQ,416.5,410.0,419.0,405.65,408.5,408.25,412.69,61274,2528689165000.0,,17030.0,0.2779
2008-09-11,APIL,EQ,408.25,400.0,419.9,400.0,413.7,415.7,413.37,119095,4922996740000.0,,30932.0,0.2597
2008-09-12,APIL,EQ,415.7,422.0,422.0,398.1,400.0,403.0,411.34,131663,5415781935000.0,,28838.0,0.219
2008-09-15,APIL,EQ,403.0,397.05,397.05,371.1,383.0,380.95,379.48,65330,2479140955000.0,,27799.0,0.4255
2008-09-16,APIL,EQ,380.95,370.0,385.0,362.0,382.1,379.3,371.4,67070,2491013210000.0,,21068.0,0.3141
2008-09-17,APIL,EQ,379.3,383.0,388.8,372.0,374.0,376.45,382.55,54668,2091305445000.0,,20120.0,0.368
2008-09-18,APIL,EQ,376.45,366.0,375.0,340.2,370.0,369.55,362.17,62354,2258266975000.0,,16769.0,0.26890000000000003
2008-09-19,APIL,EQ,369.55,390.5,393.8,378.05,389.15,389.45,387.53,108488,4204256054999.9995,,29485.0,0.2718
2008-09-22,APIL,EQ,389.45,395.0,397.0,385.0,388.0,387.65,391.67,60369,2364451300000.0,,18143.0,0.3005
2008-09-23,APIL,EQ,387.65,379.85,397.0,378.0,387.0,385.95,390.08,62725,2446765065000.0,,16491.0,0.2629
2008-09-24,APIL,EQ,385.95,390.0,398.0,390.0,397.9,394.65,394.23,58009,2286913410000.0,,13427.0,0.23149999999999998
2008-09-25,APIL,EQ,394.65,399.1,409.5,384.1,386.1,387.7,389.91,135780,5294250455000.0,,81643.0,0.6013000000000001
2008-09-26,APIL,EQ,387.7,391.0,391.0,365.4,368.1,371.85,380.07,41043,1559921395000.0,,14147.0,0.3447
2008-09-29,APIL,EQ,371.85,371.85,384.9,350.2,363.6,359.9,363.33,116453,4231068985000.0,,48249.0,0.4143
2008-09-30,APIL,EQ,359.9,345.0,371.0,336.0,369.0,364.25,354.65,94271,3343339020000.0,,25636.0,0.27190000000000003
2008-10-01,APIL,EQ,364.25,372.0,386.0,366.0,386.0,382.45,378.29,91029,3443502945000.0005,,26190.0,0.2877
2008-10-03,APIL,EQ,382.45,380.0,399.0,375.05,378.25,379.5,385.59,220532,8503568934999.999,,90377.0,0.4098
2008-10-06,APIL,EQ,379.5,365.0,371.5,330.1,348.95,347.85,348.0,138043,4803882260000.0,,69080.0,0.5004
2008-10-07,APIL,EQ,347.85,346.0,359.0,325.1,335.0,334.5,339.68,114979,3905562500000.0,,43720.0,0.38020000000000004
2008-10-08,APIL,EQ,334.5,312.05,320.0,288.0,302.2,305.65,302.75,87122,2637602555000.0,,27476.0,0.3154
2008-10-10,APIL,EQ,305.65,285.6,294.0,255.3,265.4,265.6,276.87,58035,1606803465000.0,,22285.0,0.384
2008-10-13,APIL,EQ,265.6,273.1,285.75,272.15,283.0,280.8,279.83,75833,2122044020000.0,,38585.0,0.5088
2008-10-14,APIL,EQ,280.8,298.0,300.0,255.1,261.95,268.4,287.0,70746,2030417350000.0,,30589.0,0.4324
2008-10-15,APIL,EQ,268.4,260.0,263.0,250.0,253.0,251.6,255.05,52824,1347258160000.0,,22594.0,0.4277
2008-10-16,APIL,EQ,251.6,240.0,249.0,233.1,243.95,243.3,241.69,46164,1115740080000.0,,16134.0,0.34950000000000003
2008-10-17,APIL,EQ,243.3,245.0,259.5,237.05,243.0,240.15,248.91,46747,1163596845000.0,,13907.0,0.2975
2008-10-20,APIL,EQ,240.15,245.0,251.0,226.0,232.35,230.55,237.58,49712,1181080660000.0,,15333.0,0.3084
2008-10-21,APIL,EQ,230.55,234.0,244.0,233.0,244.0,241.9,239.87,36754,881625915000.0,,14148.0,0.3849
2008-10-22,APIL,EQ,241.9,240.0,240.0,229.0,230.0,230.05,232.68,26595,618821060000.0,,11021.0,0.4144
2008-10-23,APIL,EQ,230.05,220.1,238.7,216.0,221.0,220.0,224.17,53778,1205539410000.0,,20825.0,0.3872
2008-10-24,APIL,EQ,220.0,224.0,224.0,200.1,213.9,210.5,208.28,102260,2129880489999.9998,,66264.0,0.648
2008-10-27,APIL,EQ,210.5,210.0,220.0,192.0,209.0,209.4,204.12,63799,1302267530000.0,,28008.0,0.439
2008-10-28,APIL,EQ,209.4,222.0,230.0,218.0,229.0,227.8,225.92,14890,336396950000.0,,9436.0,0.6337
2008-10-29,APIL,EQ,227.8,235.9,239.8,225.0,227.1,225.4,229.03,69842,1599593220000.0,,43798.0,0.6271
2008-10-31,APIL,EQ,225.4,231.0,260.1,226.0,237.4,233.2,233.35,40651,948578060000.0,,11003.0,0.2707
2008-11-03,APIL,EQ,233.2,240.0,249.4,237.5,247.0,245.55,244.56,70478,1723595360000.0002,,37538.0,0.5326
2008-11-04,APIL,EQ,245.55,241.0,266.9,238.2,265.0,265.25,256.37,110298,2827714925000.0,,38939.0,0.353
2008-11-05,APIL,EQ,265.25,270.05,275.0,256.0,261.0,260.9,263.4,74536,1963272100000.0,,28075.0,0.37670000000000003
2008-11-06,APIL,EQ,260.9,252.0,255.9,241.15,250.0,247.95,249.3,42270,1053798435000.0,,15609.0,0.3693
2008-11-07,APIL,EQ,247.95,244.0,265.0,243.5,263.0,257.55,254.38,38985,991687000000.0,,13600.0,0.3489
2008-11-10,APIL,EQ,257.55,265.0,288.2,263.5,286.0,285.4,279.67,122032,3412910579999.9995,,48038.0,0.3937
2008-11-11,APIL,EQ,285.4,281.0,301.0,275.0,286.0,283.75,289.04,116125,3356520100000.0,,28910.0,0.249
2008-11-12,APIL,EQ,283.75,280.0,282.0,268.1,273.0,271.5,275.1,65682,1806882495000.0,,14183.0,0.2159
2008-11-14,APIL,EQ,271.5,275.05,281.0,257.0,257.1,259.95,269.25,30702,826640000000.0,,13915.0,0.4532
2008-11-17,APIL,EQ,259.95,260.0,261.0,241.25,246.3,247.6,247.07,25825,638058720000.0,,9582.0,0.371
2008-11-18,APIL,EQ,247.6,242.0,245.1,232.05,235.0,235.8,238.57,29221,697130370000.0,,8841.0,0.30260000000000004
2008-11-19,APIL,EQ,235.8,237.6,242.0,225.2,229.0,228.0,234.9,20389,478937184999.99994,,9400.0,0.461
2008-11-20,APIL,EQ,228.0,217.95,221.9,210.0,218.0,218.35,216.99,19306,418913930000.0,,8213.0,0.4254
2008-11-21,APIL,EQ,218.35,215.0,235.0,215.0,230.6,229.25,227.64,37392,851187260000.0,,14775.0,0.3951
2008-11-24,APIL,EQ,229.25,229.25,237.7,222.0,228.5,229.05,229.59,25989,596677440000.0,,6336.0,0.2438
2008-11-25,APIL,EQ,229.05,235.0,237.75,222.0,223.1,225.3,231.99,17526,406590630000.0,,5522.0,0.31510000000000005
2008-11-26,APIL,EQ,225.3,227.4,227.85,220.0,222.5,224.3,223.65,17403,389215660000.0,,6312.0,0.3627
2008-11-28,APIL,EQ,224.3,222.0,229.9,218.35,229.9,226.85,224.24,16472,369374320000.0,,5816.0,0.3531
2008-12-01,APIL,EQ,226.85,224.55,234.0,220.0,220.5,220.85,227.6,20314,462349340000.00006,,10178.0,0.501
2008-12-02,APIL,EQ,220.85,212.0,222.95,212.0,222.95,222.05,218.93,10206,223441300000.0,,4706.0,0.4611
2008-12-03,APIL,EQ,222.05,220.1,227.0,220.1,222.5,224.5,224.41,8642,193937290000.0,,2846.0,0.3293
2008-12-04,APIL,EQ,224.5,225.0,249.0,225.0,247.5,243.0,236.89,37246,882307205000.0001,,19095.0,0.5127
2008-12-05,APIL,EQ,243.0,238.4,254.0,238.4,240.0,241.15,246.51,32896,810924425000.0,,11934.0,0.3628
2008-12-08,APIL,EQ,241.15,247.0,249.05,241.0,241.8,242.7,245.9,25526,627677315000.0,,8903.0,0.34880000000000005
2008-12-10,APIL,EQ,242.7,242.15,251.8,240.1,249.05,250.4,247.86,36847,913276515000.0,,13883.0,0.3768
2008-12-11,APIL,EQ,250.4,247.85,254.8,245.55,249.95,250.75,251.2,26616,668604750000.0,,9744.0,0.3661
2008-12-12,APIL,EQ,250.75,244.0,260.0,244.0,257.35,256.75,252.26,36917,931267894999.9999,,11791.0,0.3194
2008-12-15,APIL,EQ,256.75,258.05,270.0,258.05,261.5,261.95,265.28,58235,1544854825000.0,,25265.0,0.4338
2008-12-16,APIL,EQ,261.95,259.3,272.75,259.3,268.55,269.25,268.57,44542,1196261505000.0,,16793.0,0.37700000000000006
2008-12-17,APIL,EQ,269.25,273.0,273.7,251.2,251.2,254.4,266.27,32345,861248669999.9999,,11082.0,0.34259999999999996
2008-12-18,APIL,EQ,254.4,251.85,260.0,246.5,256.25,256.85,254.72,35991,916745025000.0,,12636.0,0.3511
2008-12-19,APIL,EQ,256.85,257.0,270.0,257.0,265.95,265.55,265.79,60282,1602217185000.0,,43968.0,0.7293999999999999
2008-12-22,APIL,EQ,265.55,268.9,272.4,253.0,253.0,254.7,262.09,42837,1122711585000.0,,20546.0,0.4796
2008-12-23,APIL,EQ,254.7,226.7,252.75,226.7,235.35,237.45,243.84,56881,1387006200000.0,,36594.0,0.6433
2008-12-24,APIL,EQ,237.45,223.0,237.0,223.0,229.0,227.15,230.1,65186,1499916760000.0,,35274.0,0.5411
2008-12-26,APIL,EQ,227.15,228.55,237.0,222.05,224.9,223.9,229.89,28084,645619115000.0,,11113.0,0.3957
2008-12-29,APIL,EQ,223.9,224.0,237.9,221.1,236.1,233.55,227.23,34360,780754830000.0,,12337.0,0.3591
2008-12-30,APIL,EQ,233.55,235.0,243.0,234.5,240.0,239.85,238.69,42015,1002871444999.9999,,12643.0,0.3009
2008-12-31,APIL,EQ,239.85,241.0,247.5,237.55,239.9,240.25,242.55,28459,690272240000.0,,8934.0,0.3139
2009-01-01,APIL,EQ,240.25,240.0,264.4,232.2,256.2,256.2,254.44,100724,2562794795000.0,,26868.0,0.26670000000000005
2009-01-02,APIL,EQ,256.2,260.0,269.0,259.05,263.0,263.1,264.79,113366,3001784580000.0,,27511.0,0.2427
2009-01-05,APIL,EQ,263.1,265.0,284.3,263.0,272.7,273.55,275.29,273227,7521664484999.999,,113684.0,0.4161
2009-01-06,APIL,EQ,273.55,275.0,283.0,266.5,267.2,269.95,275.44,132610,3652642354999.9995,,51537.0,0.3886
2009-01-07,APIL,EQ,269.95,273.0,274.5,238.0,240.05,241.45,252.25,59769,1507673480000.0,,27513.0,0.46030000000000004
2009-01-09,APIL,EQ,241.45,240.0,240.0,224.9,233.95,232.8,232.23,60729,1410314075000.0,,30227.0,0.49770000000000003
2009-01-12,APIL,EQ,232.8,235.0,240.0,229.0,231.8,229.9,231.8,25552,592301105000.0,,12389.0,0.48490000000000005
2009-01-13,APIL,EQ,229.9,231.0,235.95,222.25,228.2,224.7,229.51,26198,601261100000.0,,11892.0,0.4539
2009-01-14,APIL,EQ,224.7,229.8,236.5,229.8,236.0,234.0,233.19,18152,423289315000.00006,,7214.0,0.39740000000000003
2009-01-15,APIL,EQ,234.0,230.05,231.4,225.0,228.0,227.75,228.3,18395,419961705000.0,,7824.0,0.4253
2009-01-16,APIL,EQ,227.75,229.5,238.05,229.5,234.2,234.5,233.44,27897,651239315000.0,,10739.0,0.385
2009-01-19,APIL,EQ,234.5,235.5,249.0,235.5,248.0,247.15,244.54,64626,1580352490000.0,,20589.0,0.3186
2009-01-20,APIL,EQ,247.15,241.0,255.0,241.0,250.0,248.45,249.82,209302,5228812430000.0,,24186.0,0.11560000000000001
2009-01-21,APIL,EQ,248.45,248.45,248.95,233.55,240.4,239.2,239.66,57857,1386613810000.0,,19925.0,0.3444
2009-01-22,APIL,EQ,239.2,242.15,245.0,230.15,235.0,235.25,236.58,38785,917563700000.0,,19940.0,0.5141
2009-01-23,APIL,EQ,235.25,235.25,237.95,220.0,220.0,221.7,225.34,34234,771437680000.0,,15674.0,0.45780000000000004
2009-01-27,APIL,EQ,221.7,225.0,228.5,217.0,228.5,226.7,223.7,62400,1395914060000.0,,16857.0,0.2701
2009-01-28,APIL,EQ,226.7,228.0,235.4,225.35,230.05,229.35,231.13,56370,1302878955000.0,,26345.0,0.46740000000000004
2009-01-29,APIL,EQ,229.35,231.0,243.0,221.0,221.25,222.35,226.93,43933,996971915000.0,,26345.0,0.5997
2009-01-30,APIL,EQ,222.35,219.9,229.0,217.0,227.95,226.95,223.81,47005,1052005935000.0,,17043.0,0.3626
2009-02-02,APIL,EQ,226.95,223.4,238.75,223.0,226.9,226.1,232.07,75837,1759977060000.0002,,26634.0,0.35119999999999996
2009-02-03,APIL,EQ,226.1,227.0,233.0,225.0,226.0,227.15,228.9,22627,517936175000.0,,6421.0,0.2838
2009-02-04,APIL,EQ,227.15,229.0,232.0,228.1,229.6,229.7,229.81,20443,469793270000.0,,9296.0,0.4547
2009-02-05,APIL,EQ,229.7,230.0,231.55,221.0,231.5,229.45,226.73,58092,1317142595000.0,,11603.0,0.1997
2009-02-06,APIL,EQ,229.45,244.0,250.0,231.1,244.0,243.2,239.69,106734,2558274595000.0,,44125.0,0.41340000000000005
2009-02-09,APIL,EQ,243.2,249.0,283.8,246.0,277.95,275.8,266.67,630593,16816166080000.002,,95990.0,0.1522
2009-02-10,APIL,EQ,275.8,278.8,291.7,269.0,276.0,278.0,282.04,365219,10300787030000.0,,58637.0,0.1606
2009-02-11,APIL,EQ,278.0,270.1,295.8,270.1,292.1,292.65,284.91,290246,8269413350000.0,,44056.0,0.1518
2009-02-12,APIL,EQ,292.65,288.0,302.85,283.0,286.0,285.25,293.78,307539,9034866805000.0,,61235.0,0.1991
2009-02-13,APIL,EQ,285.25,294.95,296.0,284.0,285.2,286.55,290.47,103707,3012343370000.0,,20731.0,0.1999
2009-02-16,APIL,EQ,286.55,292.7,292.7,268.6,268.6,271.15,277.91,74059,2058199600000.0,,25834.0,0.34880000000000005
2009-02-17,APIL,EQ,271.15,265.0,266.0,256.05,260.15,259.4,262.4,53334,1399497435000.0,,26569.0,0.49820000000000003
2009-02-18,APIL,EQ,259.4,256.15,288.8,256.0,281.1,283.25,279.93,438034,12262009055000.0,,60915.0,0.1391
2009-02-19,APIL,EQ,283.25,285.0,302.0,281.1,301.9,296.95,292.9,628958,18422409760000.0,,67434.0,0.1072
2009-02-20,APIL,EQ,296.95,291.35,304.65,285.25,301.1,301.55,296.75,667191,19798922635000.0,,114281.0,0.17129999999999998
2009-02-24,APIL,EQ,301.55,295.5,328.0,292.15,325.8,325.05,314.12,1265986,39767268650000.0,,110411.0,0.08720000000000001
2009-02-25,APIL,EQ,325.05,329.0,336.0,308.5,309.0,311.6,319.38,895897,28612745970000.0,,69652.0,0.07769999999999999
2009-02-26,APIL,EQ,311.6,310.9,323.7,307.0,319.0,318.75,317.56,764604,24280848880000.0,,93484.0,0.1223
2009-02-27,APIL,EQ,318.75,319.0,324.3,310.05,312.0,312.35,315.97,206198,6515159685000.0,,26154.0,0.1268
2009-03-02,APIL,EQ,312.35,309.7,321.75,302.0,306.9,309.65,315.62,404962,12781507440000.0,,37516.0,0.0926
2009-03-03,APIL,EQ,309.65,309.0,317.7,288.0,288.0,297.7,308.99,310119,9582430240000.0,,63285.0,0.2041
2009-03-04,APIL,EQ,297.7,290.0,296.5,265.3,268.95,269.4,277.21,634059,17576508419999.998,,116744.0,0.1841
2009-03-05,APIL,EQ,269.4,269.0,275.8,247.1,247.5,251.2,264.08,503082,13285555595000.0,,62676.0,0.12460000000000002
2009-03-06,APIL,EQ,251.2,244.0,257.4,240.1,252.85,253.9,248.76,381221,9483218020000.0,,42474.0,0.11140000000000001
2009-03-09,APIL,EQ,253.9,250.0,255.0,238.55,245.55,247.9,247.18,272103,6725941230000.0,,21833.0,0.0802
2009-03-12,APIL,EQ,247.9,251.0,255.0,239.5,244.9,245.45,246.14,262072,6450575825000.0,,29210.0,0.1115
2009-03-13,APIL,EQ,245.45,251.75,255.95,248.05,251.25,251.55,252.52,157405,3974850395000.0005,,21865.0,0.1389
2009-03-16,APIL,EQ,251.55,255.0,264.0,250.6,258.0,259.6,258.57,237184,6132901010000.0,,46902.0,0.1977
2009-03-17,APIL,EQ,259.6,262.0,271.7,253.8,255.5,256.35,263.53,322679,8503516240000.001,,48253.0,0.1495
2009-03-18,APIL,EQ,256.35,260.0,264.95,257.0,258.0,258.05,261.88,118035,3091059100000.0,,32767.0,0.2776
2009-03-19,APIL,EQ,258.05,258.8,269.5,258.8,262.5,262.7,263.89,132896,3507021675000.0,,25171.0,0.1894
2009-03-20,APIL,EQ,262.7,260.0,266.25,259.0,260.45,261.0,262.97,83495,2195633900000.0,,16998.0,0.2036
2009-03-23,APIL,EQ,261.0,262.0,268.9,259.25,265.35,265.7,264.28,157798,4170308145000.0005,,38828.0,0.2461
2009-03-24,APIL,EQ,265.7,268.9,270.5,259.0,259.05,261.75,265.86,125884,3346793475000.0,,26933.0,0.214
2009-03-25,APIL,EQ,261.75,260.0,265.0,259.2,262.05,262.5,262.03,58516,1533288265000.0,,15672.0,0.26780000000000004
2009-03-26,APIL,EQ,262.5,264.9,277.45,263.55,273.55,272.7,271.94,265521,7220657970000.0,,84543.0,0.3184
2009-03-27,APIL,EQ,272.7,275.0,283.9,271.05,274.6,276.05,276.95,166477,4610630010000.0,,43872.0,0.2635
2009-03-30,APIL,EQ,276.05,267.0,283.0,260.55,282.0,275.9,273.27,185783,5076943800000.0,,99011.0,0.5329
2009-03-31,APIL,EQ,275.9,283.0,293.0,275.1,281.0,279.35,283.88,235891,6696462310000.0,,69065.0,0.2928
2009-04-01,APIL,EQ,279.35,282.0,292.7,278.0,282.0,282.2,285.55,117713,3361332735000.0,,24229.0,0.20579999999999998
2009-04-02,APIL,EQ,282.2,289.0,301.95,285.1,293.0,294.45,294.2,351315,10335689445000.0,,112707.0,0.3208
2009-04-06,APIL,EQ,294.45,304.9,311.0,295.0,300.0,300.65,303.65,207105,6288759990000.0,,51991.0,0.251
2009-04-08,APIL,EQ,300.65,296.1,312.0,292.0,306.05,307.3,304.92,167840,5117803380000.0,,44599.0,0.2657
2009-04-09,APIL,EQ,307.3,308.0,317.4,301.5,303.0,303.65,309.09,170959,5284203635000.0,,44118.0,0.2581
2009-04-13,APIL,EQ,303.65,307.65,329.2,306.0,324.0,324.1,320.16,345026,11046506470000.0,,104940.0,0.3042
2009-04-15,APIL,EQ,324.1,318.0,358.2,318.0,351.0,346.7,342.1,500828,17133181075000.0,,166449.0,0.3323
2009-04-16,APIL,EQ,346.7,350.0,372.8,325.0,325.0,328.7,353.68,489430,17309986310000.0,,100210.0,0.2047
2009-04-17,APIL,EQ,328.7,334.0,351.4,321.0,325.0,323.5,336.49,220981,7435685605000.0,,46879.0,0.2121
2009-04-20,APIL,EQ,323.5,326.1,350.0,322.0,343.0,341.85,341.29,274653,9373743060000.0,,91149.0,0.3319
2009-04-21,APIL,EQ,341.85,340.0,349.25,325.0,338.5,338.3,342.8,200962,6889026450000.0,,33561.0,0.167
2009-04-22,APIL,EQ,338.3,342.8,356.0,325.3,325.5,328.0,343.3,220485,7569167859999.999,,35342.0,0.16030000000000003
2009-04-23,APIL,EQ,328.0,331.0,333.0,314.6,325.0,324.8,322.55,140904,4544833400000.0,,39550.0,0.2807
2009-04-24,APIL,EQ,324.8,330.0,333.0,313.5,319.0,318.35,321.71,206719,6650307165000.0,,57428.0,0.2778
2009-04-27,APIL,EQ,318.35,318.45,332.8,316.4,322.0,321.05,326.02,189669,6183603605000.0,,78377.0,0.4132
2009-04-28,APIL,EQ,321.05,321.0,327.7,301.5,303.55,303.2,314.25,176330,5541210485000.0,,49334.0,0.2798
2009-04-29,APIL,EQ,303.2,314.75,341.6,302.05,329.5,326.35,322.76,615150,19854788615000.0,,169704.0,0.2759
2009-05-04,APIL,EQ,326.35,336.0,345.0,324.0,339.0,340.9,335.55,513378,17226283965000.0,,160916.0,0.3134
2009-05-05,APIL,EQ,340.9,343.7,357.7,338.0,343.85,343.8,348.22,387276,13485605055000.002,,107177.0,0.2767
2009-05-06,APIL,EQ,343.8,346.05,355.5,330.5,337.0,336.55,346.08,457194,15822755390000.0,,155909.0,0.341
2009-05-07,APIL,EQ,336.55,346.0,352.0,340.1,344.3,343.35,346.25,237817,8234438220000.0,,55654.0,0.23399999999999999
2009-05-08,APIL,EQ,343.35,345.1,348.5,331.2,335.5,335.8,340.3,123373,4198425075000.0,,32212.0,0.2611
2009-05-11,APIL,EQ,335.8,340.95,345.1,325.15,339.0,339.4,335.58,201422,6759353405000.0,,42752.0,0.21230000000000002
2009-05-12,APIL,EQ,339.4,334.8,341.45,330.0,334.0,335.6,335.11,147154,4931308660000.0,,48762.0,0.33140000000000003
2009-05-13,APIL,EQ,335.6,336.5,352.45,335.0,343.5,344.2,345.01,351747,12135620655000.0,,119993.0,0.3411
2009-05-14,APIL,EQ,344.2,335.0,353.5,335.0,344.0,343.65,343.32,199012,6832537490000.001,,31078.0,0.1562
2009-05-15,APIL,EQ,343.65,347.95,350.0,342.1,347.85,347.1,346.78,194684,6751320100000.0,,83853.0,0.4307
2009-05-18,APIL,EQ,347.1,300.0,406.5,300.0,385.1,391.35,376.77,3048,114839639999.99998,,3048.0,1.0
2009-05-19,APIL,EQ,391.35,388.0,427.7,355.0,400.0,400.3,399.31,485561,19388773760000.0,,132898.0,0.2737
2009-05-20,APIL,EQ,400.3,405.0,468.05,400.0,453.0,452.5,440.99,498151,21967885585000.0,,136693.0,0.27440000000000003
2009-05-21,APIL,EQ,452.5,450.0,468.0,430.0,435.25,435.2,451.0,183879,8292852730000.0,,57665.0,0.3136
2009-05-22,APIL,EQ,435.2,435.2,459.8,428.6,450.0,452.8,446.58,154760,6911304834999.999,,48568.0,0.3138
2009-05-25,APIL,EQ,452.8,453.0,468.95,442.0,452.0,454.4,458.16,137183,6285222570000.0,,37346.0,0.2722
2009-05-26,APIL,EQ,454.4,450.0,461.9,418.0,422.6,423.05,438.49,117707,5161301530000.0,,49657.0,0.4219
2009-05-27,APIL,EQ,423.05,435.0,458.05,430.0,455.0,450.85,443.73,90253,4004793335000.0,,39878.0,0.4418
2009-05-28,APIL,EQ,450.85,462.0,462.0,440.05,446.95,445.65,452.46,104987,4750237510000.0,,50397.0,0.48
2009-05-29,APIL,EQ,445.65,457.0,478.8,441.15,463.0,467.7,469.18,266155,12487529180000.0,,103653.0,0.38939999999999997
2009-06-01,APIL,EQ,467.7,472.0,486.0,460.05,486.0,479.25,473.59,149032,7058063109999.999,,59708.0,0.4006
2009-06-02,APIL,EQ,479.25,485.1,488.0,463.3,485.55,482.65,477.49,106301,5075800940000.0,,33215.0,0.3125
2009-06-03,APIL,EQ,482.65,483.9,517.0,483.9,499.85,498.5,505.3,423304,21389355430000.0,,171535.0,0.40520000000000006
2009-06-04,APIL,EQ,498.5,482.0,512.3,482.0,501.0,501.1,503.5,257115,12945673195000.0,,108511.0,0.42200000000000004
2009-06-05,APIL,EQ,501.1,507.0,529.9,485.0,502.05,504.7,514.49,507036,26086338670000.0,,210022.0,0.4142
2009-06-08,APIL,EQ,504.7,500.0,518.4,456.35,456.35,467.8,490.2,138871,6807507580000.0,,50050.0,0.3604
2009-06-09,APIL,EQ,467.8,460.0,481.4,440.05,478.0,477.05,465.48,112211,5223234495000.0,,34344.0,0.3061
2009-06-10,APIL,EQ,477.05,480.1,501.75,466.0,473.0,470.4,482.17,150918,7276853209999.999,,47919.0,0.3175
2009-06-11,APIL,EQ,470.4,475.0,490.0,466.65,474.05,473.4,477.45,108253,5168490140000.0,,25614.0,0.2366
2009-06-12,APIL,EQ,473.4,480.0,490.0,462.05,462.4,466.5,479.0,96446,4619771405000.0,,25225.0,0.2615
2009-06-15,APIL,EQ,466.5,463.95,468.0,431.1,441.3,438.6,448.26,90440,4054098760000.0,,41123.0,0.4547
2009-06-16,APIL,EQ,438.6,447.0,468.95,427.0,468.0,465.3,456.54,161437,7370261580000.0,,49779.0,0.30829999999999996
2009-06-17,APIL,EQ,465.3,465.3,466.0,435.55,444.0,442.0,452.08,113479,5130189480000.0,,50739.0,0.4471
2009-06-18,APIL,EQ,442.0,442.0,442.0,409.9,435.0,427.2,423.64,151626,6423471155000.0,,59221.0,0.39060000000000006
2009-06-19,APIL,EQ,427.2,435.0,452.0,423.0,450.0,446.95,442.41,170089,7524865100000.0,,66542.0,0.3912
2009-06-22,APIL,EQ,446.95,451.0,536.3,447.3,456.8,459.2,458.26,115387,5287705225000.0,,33052.0,0.2864
2009-06-23,APIL,EQ,459.2,457.0,493.0,442.5,490.1,488.8,474.8,428139,20328125005000.0,,77011.0,0.17989999999999998
2009-06-24,APIL,EQ,488.8,481.05,499.9,480.1,487.95,492.65,492.57,230096,11333864640000.0,,86336.0,0.37520000000000003
2009-06-25,APIL,EQ,492.65,487.25,502.7,480.0,488.0,491.1,491.75,234970,11554569825000.0,,91125.0,0.38780000000000003
2009-06-26,APIL,EQ,491.1,495.0,512.8,490.05,492.0,493.3,501.68,218783,10975876555000.0,,63326.0,0.28940000000000005
2009-06-29,APIL,EQ,493.3,497.0,529.85,492.0,520.95,520.95,514.83,339737,17490681460000.0,,133205.0,0.3921
2009-06-30,APIL,EQ,520.95,529.9,570.0,480.0,485.0,486.2,517.46,598467,30968196889999.996,,182384.0,0.3048
2009-07-01,APIL,EQ,486.2,496.0,505.4,475.0,485.95,485.8,489.39,253302,12396265230000.0,,54365.0,0.2146
2009-07-02,APIL,EQ,485.8,488.0,493.0,471.1,473.6,474.0,483.36,166107,8028953059999.999,,51816.0,0.3119
2009-07-03,APIL,EQ,474.0,470.1,484.45,466.0,475.5,476.9,478.25,122618,5864256230000.0,,35457.0,0.2892
2009-07-06,APIL,EQ,476.9,481.4,489.0,425.5,427.0,429.25,458.58,187890,8616265455000.0,,73854.0,0.3931
2009-07-07,APIL,EQ,429.25,430.0,449.4,430.0,443.1,444.3,440.98,176865,7799434630000.0,,41189.0,0.2329
2009-07-08,APIL,EQ,444.3,435.0,459.5,430.0,450.0,449.95,447.32,234310,10481169505000.0,,70643.0,0.3015
2009-07-09,APIL,EQ,449.95,455.0,512.0,452.0,502.45,505.55,490.13,750967,36807077255000.0,,175594.0,0.2338
2009-07-10,APIL,EQ,505.55,508.0,513.5,465.2,468.0,474.95,496.77,637423,31665012805000.0,,120888.0,0.18969999999999998
2009-07-13,APIL,EQ,474.95,470.0,470.1,434.0,449.1,449.6,447.32,256822,11488069530000.0,,94474.0,0.3679
2009-07-14,APIL,EQ,449.6,460.0,473.8,459.9,465.0,465.3,466.76,86362,4031073715000.0,,24104.0,0.2791
2009-07-15,APIL,EQ,465.3,470.0,482.0,468.0,478.0,478.0,476.81,239550,11421899380000.0,,119457.0,0.4987
2009-07-16,APIL,EQ,478.0,485.0,499.0,478.0,484.65,485.45,491.79,215116,10579244730000.0,,76779.0,0.3569
2009-07-17,APIL,EQ,485.45,490.0,493.95,475.0,490.0,489.5,487.47,157707,7687723959999.999,,81793.0,0.5186
2009-07-20,APIL,EQ,489.5,494.8,518.0,491.0,516.0,515.65,504.81,594212,29996200195000.0,,166121.0,0.2796
2009-07-21,APIL,EQ,515.65,518.0,534.5,511.0,512.95,514.75,523.74,635067,33261177750000.0,,138478.0,0.2181
2009-07-22,APIL,EQ,514.75,519.0,523.0,494.0,500.0,498.35,507.5,190697,9677892025000.0,,56428.0,0.2959
2009-07-23,APIL,EQ,498.35,506.9,527.9,505.0,526.0,520.9,516.65,332172,17161573880000.002,,142001.0,0.4275
2009-07-24,APIL,EQ,520.9,530.0,540.0,513.55,515.0,516.4,524.51,255624,13407787885000.0,,87532.0,0.34240000000000004
2009-07-27,APIL,EQ,516.4,520.0,530.0,514.0,520.7,520.35,520.88,246965,12864001135000.0,,98340.0,0.3982
2009-07-28,APIL,EQ,520.35,525.0,536.75,520.5,532.7,534.65,530.55,326150,17303897905000.002,,98866.0,0.3031
2009-07-29,APIL,EQ,534.65,535.0,549.0,494.05,518.0,519.3,527.88,504709,26642385275000.0,,133554.0,0.2646
2009-07-30,APIL,EQ,519.3,515.0,529.9,514.0,521.1,520.75,522.69,221901,11598471595000.0,,78627.0,0.3543
2009-07-31,APIL,EQ,520.75,529.5,533.9,523.25,528.0,528.65,528.59,154751,8179965884999.999,,56103.0,0.3625
2009-08-03,APIL,EQ,528.65,534.5,546.9,532.15,546.0,542.8,539.84,206350,11139672390000.0,,64014.0,0.3102
2009-08-04,APIL,EQ,542.8,549.9,565.7,546.1,552.0,553.05,556.83,444178,24733336955000.0,,106826.0,0.24050000000000002
2009-08-05,APIL,EQ,553.05,553.05,558.0,539.05,539.3,542.0,546.01,111246,6074175035000.0,,29203.0,0.2625
2009-08-06,APIL,EQ,542.0,535.0,541.5,520.0,523.0,522.7,532.74,97190,5177696895000.0,,26653.0,0.2742
2009-08-07,APIL,EQ,522.7,520.0,528.7,495.0,497.0,502.4,512.22,110880,5679539215000.0,,36494.0,0.32909999999999995
2009-08-10,APIL,EQ,502.4,510.0,513.9,486.5,486.5,490.5,497.93,80599,4013295915000.0,,23075.0,0.2863
2009-08-11,APIL,EQ,490.5,492.0,512.0,478.0,492.25,492.4,497.51,133333,6633447030000.0,,29540.0,0.22160000000000002
2009-08-12,APIL,EQ,492.4,487.95,504.0,486.1,503.0,498.75,491.86,87915,4324203650000.0,,26721.0,0.3039
2009-08-13,APIL,EQ,498.75,509.45,518.9,502.05,513.0,511.15,511.31,169599,8671765970000.0,,55861.0,0.32939999999999997
2009-08-14,APIL,EQ,511.15,515.0,528.0,510.1,511.0,513.4,519.08,293690,15244865250000.0,,126277.0,0.43
2009-08-17,APIL,EQ,513.4,509.0,510.0,490.0,490.5,492.3,500.91,85873,4301494154999.9995,,37515.0,0.4369
2009-08-18,APIL,EQ,492.3,486.0,506.2,486.0,501.95,499.35,499.26,85812,4284291404999.9995,,20084.0,0.23399999999999999
2009-08-19,APIL,EQ,499.35,504.0,509.5,494.2,501.0,499.3,503.37,67140,3379601065000.0,,19810.0,0.29510000000000003
2009-08-20,APIL,EQ,499.3,508.0,514.9,500.0,506.85,502.6,508.41,105703,5374081345000.0,,32067.0,0.3034
2009-08-21,APIL,EQ,502.6,505.0,511.0,498.0,510.1,508.7,507.16,67216,3408917979999.9995,,15062.0,0.2241
2009-08-24,APIL,EQ,508.7,514.0,525.25,512.2,518.1,518.1,518.93,282982,14684830360000.0,,199382.0,0.7046
2009-08-25,APIL,EQ,518.1,515.0,524.9,515.0,520.0,518.45,520.11,65399,3401446495000.0005,,22185.0,0.3392
2009-08-26,APIL,EQ,518.45,519.7,523.9,511.0,511.0,512.9,517.85,84619,4381975770000.0005,,46734.0,0.5523
2009-08-27,APIL,EQ,512.9,514.0,518.0,501.1,512.0,505.7,509.48,158294,8064740470000.0,,65840.0,0.41590000000000005
2009-08-28,APIL,EQ,505.7,506.1,532.9,506.1,519.05,519.45,520.83,287934,14996374380000.002,,109649.0,0.38079999999999997
2009-08-31,APIL,EQ,519.45,519.0,544.7,511.0,525.0,525.65,529.71,281749,14924563655000.002,,78614.0,0.27899999999999997
2009-09-01,APIL,EQ,525.65,529.0,534.7,515.0,515.45,518.75,525.57,186156,9783754745000.0,,62624.0,0.33640000000000003
2009-09-02,APIL,EQ,518.75,514.0,522.0,511.1,516.75,516.05,517.03,102890,5319680035000.0,,41785.0,0.4061
2009-09-03,APIL,EQ,516.05,517.0,526.9,505.0,506.45,509.9,518.89,100733,5226967805000.0,,29938.0,0.2972
2009-09-04,APIL,EQ,509.9,511.0,518.0,501.1,515.1,515.4,511.71,192055,9827674255000.0,,104004.0,0.5415
2009-09-07,APIL,EQ,515.4,519.5,524.0,511.5,519.0,519.25,518.3,105264,5455874595000.0,,61878.0,0.5878
2009-09-08,APIL,EQ,519.25,524.0,535.0,513.05,515.0,518.15,523.99,112348,5886879295000.0,,34472.0,0.3068
2009-09-09,APIL,EQ,518.15,515.0,540.0,515.0,539.0,535.8,530.77,431177,22885421390000.0,,137783.0,0.3196
2009-09-10,APIL,EQ,535.8,540.0,546.9,519.0,520.85,520.6,534.47,275265,14712100135000.0,,76400.0,0.2776
2009-09-11,APIL,EQ,520.6,524.9,529.5,513.15,519.0,519.0,520.02,171189,8902086465000.0,,64169.0,0.37479999999999997
2009-09-14,APIL,EQ,519.0,514.0,518.9,505.4,510.4,511.15,512.71,84927,4354308295000.0005,,36334.0,0.4278
2009-09-15,APIL,EQ,511.15,512.5,526.8,512.5,522.0,522.2,521.51,155046,8085853840000.001,,60625.0,0.391
2009-09-16,APIL,EQ,522.2,528.0,536.65,521.0,523.9,523.9,528.58,280594,14831709730000.002,,79172.0,0.2822
2009-09-17,APIL,EQ,523.9,528.0,549.9,528.0,543.0,545.05,541.02,849057,45935491165000.0,,220462.0,0.2597
2009-09-18,APIL,EQ,545.05,544.65,558.0,538.0,543.0,544.75,548.73,407139,22340906140000.0,,97310.0,0.239
2009-09-22,APIL,EQ,544.75,544.75,578.4,542.0,566.7,569.8,562.24,762755,42884849920000.0,,223025.0,0.2924
2009-09-23,APIL,EQ,569.8,573.7,574.8,542.1,545.5,547.25,560.87,353103,19804642720000.0,,123812.0,0.3506
2009-09-24,APIL,EQ,547.25,540.0,559.7,533.5,552.5,550.85,550.7,504668,27791954414999.996,,146162.0,0.2896
2009-09-25,APIL,EQ,550.85,560.0,563.0,540.0,556.0,556.35,553.1,245577,13582936094999.998,,111290.0,0.4532
2009-09-29,APIL,EQ,556.35,560.0,563.0,546.0,547.4,550.1,554.9,80762,4481498420000.0,,25808.0,0.3196
2009-09-30,APIL,EQ,550.1,548.0,565.5,548.0,552.9,552.35,556.63,225406,12546810925000.0,,81971.0,0.36369999999999997
2009-10-01,APIL,EQ,552.35,554.1,571.8,548.6,558.0,558.05,562.5,305069,17160127244999.998,,80663.0,0.2644
2009-10-05,APIL,EQ,558.05,553.5,558.0,535.0,538.0,538.55,548.32,94003,5154344580000.0,,30014.0,0.31930000000000003
2009-10-06,APIL,EQ,538.55,544.0,553.6,526.05,550.05,549.3,540.73,176169,9525908100000.0,,51732.0,0.2936
2009-10-07,APIL,EQ,549.3,550.7,563.8,550.0,551.0,553.4,559.3,291938,16328049110000.0,,110099.0,0.3771
2009-10-08,APIL,EQ,553.4,558.0,574.45,550.2,567.0,565.75,566.16,309157,17503233150000.0,,73855.0,0.2389
2009-10-09,APIL,EQ,565.75,570.0,573.95,548.15,549.0,551.7,565.5,190632,10780256570000.0,,55581.0,0.2916
2009-10-12,APIL,EQ,551.7,550.0,564.9,550.0,558.35,561.1,559.0,80916,4523219210000.0,,21609.0,0.2671
2009-10-14,APIL,EQ,561.1,565.0,579.3,558.5,560.0,561.8,564.6,147376,8320833134999.999,,65921.0,0.4473
2009-10-15,APIL,EQ,561.8,570.0,570.0,557.0,560.9,561.45,563.15,58407,3289210665000.0,,21263.0,0.364
2009-10-16,APIL,EQ,561.45,568.0,582.9,564.05,577.0,575.8,575.66,355057,20439057285000.0,,79899.0,0.225
2009-10-17,APIL,EQ,575.8,581.0,581.0,570.1,572.0,572.8,575.82,38061,2191628495000.0,,16031.0,0.42119999999999996
2009-10-20,APIL,EQ,572.8,576.75,608.0,571.25,607.0,601.8,592.19,513749,30423467060000.004,,113543.0,0.22100000000000003
2009-10-21,APIL,EQ,601.8,603.35,610.5,571.15,574.0,576.9,598.06,516020,30860888045000.0,,191138.0,0.3704
2009-10-22,APIL,EQ,576.9,570.0,588.7,563.5,568.0,569.35,576.1,255027,14692098655000.002,,75065.0,0.2943
2009-10-23,APIL,EQ,569.35,579.0,580.0,562.15,565.0,565.5,571.85,94354,5395602245000.0,,21716.0,0.2302
2009-10-26,APIL,EQ,565.5,569.0,574.8,553.2,571.0,568.35,564.87,112468,6353008155000.0,,40042.0,0.35600000000000004
2009-10-27,APIL,EQ,568.35,564.0,567.7,547.0,555.0,555.6,557.01,238138,13264594955000.0,,149483.0,0.6277
2009-10-28,APIL,EQ,555.6,550.05,562.9,540.7,553.3,552.9,552.54,198551,10970776430000.0,,89525.0,0.4509
2009-10-29,APIL,EQ,552.9,546.9,559.0,540.0,547.25,548.1,548.22,286078,15683368435000.0,,173360.0,0.606
2009-10-30,APIL,EQ,548.1,559.0,562.5,518.15,535.0,529.55,535.53,408288,21865225955000.0,,173705.0,0.4254
2009-11-03,APIL,EQ,529.55,524.0,549.0,507.0,510.0,510.1,523.58,133154,6971671180000.0,,52998.0,0.39799999999999996
2009-11-04,APIL,EQ,510.1,515.0,524.0,509.0,515.0,515.15,515.62,350768,18086307445000.0,,263339.0,0.7506999999999999
2009-11-05,APIL,EQ,515.15,518.05,522.8,511.2,519.8,516.25,516.11,236064,12183589710000.0,,156623.0,0.6635
2009-11-06,APIL,EQ,516.25,527.0,532.0,512.25,519.0,517.15,522.76,197292,10313634810000.0,,89452.0,0.4534
2009-11-09,APIL,EQ,517.15,520.0,528.95,518.15,522.0,521.75,524.29,209601,10989075470000.0,,125061.0,0.5967
2009-11-10,APIL,EQ,521.75,525.0,544.05,525.0,528.5,530.55,535.98,281295,15076827475000.0,,101996.0,0.3626
2009-11-11,APIL,EQ,530.55,532.9,537.0,526.3,529.15,530.0,531.59,150582,8004721855000.0,,73906.0,0.4908
2009-11-12,APIL,EQ,530.0,534.8,539.0,520.35,525.5,524.85,532.5,194449,10354463330000.0,,101715.0,0.5231
2009-11-13,APIL,EQ,524.85,525.0,540.2,521.1,537.15,537.1,535.53,214664,11495851670000.0,,94565.0,0.4405
2009-11-16,APIL,EQ,537.1,542.95,549.95,532.3,539.0,538.8,542.9,196463,10665968860000.0,,50229.0,0.2557
2009-11-17,APIL,EQ,538.8,540.75,545.5,533.0,540.0,539.5,541.39,167489,9067703675000.0,,88262.0,0.527
2009-11-18,APIL,EQ,539.5,540.0,543.9,536.0,536.45,538.5,540.38,152710,8252116465000.001,,119794.0,0.7845000000000001
2009-11-19,APIL,EQ,538.5,537.1,540.95,523.4,526.0,526.15,530.0,68274,3618492850000.0,,37612.0,0.5509000000000001
2009-11-20,APIL,EQ,526.15,519.1,529.0,517.0,524.8,524.55,520.77,121773,6341631295000.0,,70895.0,0.5822
2009-11-23,APIL,EQ,524.55,530.85,534.6,525.2,527.0,527.1,528.06,105410,5566298505000.0,,69965.0,0.6637000000000001
2009-11-24,APIL,EQ,527.1,528.1,534.8,505.0,529.0,528.4,527.7,83306,4396091429999.9995,,49367.0,0.5926
2009-11-25,APIL,EQ,528.4,528.4,545.4,525.25,528.0,527.5,530.92,96899,5144582470000.0,,36480.0,0.3765
2009-11-26,APIL,EQ,527.5,525.0,541.6,525.0,528.0,528.45,530.11,381540,20225731385000.0,,232841.0,0.6103000000000001
2009-11-27,APIL,EQ,528.45,528.0,528.0,508.1,521.5,520.8,517.82,686596,35553588060000.0,,622478.0,0.9066
2009-11-30,APIL,EQ,520.8,525.0,534.0,523.5,531.0,529.6,529.87,112588,5965649260000.0,,47707.0,0.42369999999999997
2009-12-01,APIL,EQ,529.6,535.7,549.0,534.25,539.0,538.9,541.34,177520,9609815600000.0,,50681.0,0.28550000000000003
2009-12-02,APIL,EQ,538.9,546.0,548.0,535.15,537.1,537.85,542.02,274371,14871434830000.002,,227807.0,0.8303
2009-12-03,APIL,EQ,537.85,540.0,544.5,534.0,535.0,536.05,539.05,65940,3554518325000.0,,31728.0,0.48119999999999996
2009-12-04,APIL,EQ,536.05,538.0,545.95,530.5,539.0,538.05,540.26,61161,3304285195000.0,,20960.0,0.34270000000000006
2009-12-07,APIL,EQ,538.05,541.0,555.9,538.25,539.15,540.3,548.9,245631,13482678515000.0,,65667.0,0.26730000000000004
2009-12-08,APIL,EQ,540.3,540.0,546.25,537.0,544.5,544.65,542.84,92574,5025245890000.0,,36810.0,0.3976
2009-12-09,APIL,EQ,544.65,537.0,551.95,513.7,544.0,541.4,545.36,67743,3694422670000.0005,,22061.0,0.3257
2009-12-10,APIL,EQ,541.4,540.2,547.0,539.0,545.0,543.3,542.91,39249,2130863305000.0,,13829.0,0.3523
2009-12-11,APIL,EQ,543.3,545.0,582.4,543.0,571.5,575.8,570.06,866915,49419335365000.0,,178135.0,0.20550000000000002
2009-12-14,APIL,EQ,575.8,575.0,575.9,559.15,561.0,561.35,568.68,305609,17379335319999.998,,63310.0,0.2072
2009-12-15,APIL,EQ,561.35,564.65,573.0,548.0,548.25,550.45,562.54,155343,8738680684999.999,,37868.0,0.2438
2009-12-16,APIL,EQ,550.45,553.9,561.8,547.1,554.4,553.95,553.92,121206,6713829990000.001,,23773.0,0.1961
2009-12-17,APIL,EQ,553.95,557.8,571.0,552.3,565.0,565.2,564.82,212814,12020266125000.0,,78591.0,0.3693
2009-12-18,APIL,EQ,565.2,598.7,598.7,552.2,554.0,554.45,564.45,186059,10502080600000.0,,58902.0,0.3166
2009-12-21,APIL,EQ,554.45,557.0,563.0,542.25,544.0,544.75,552.08,73157,4038886465000.0,,22544.0,0.30820000000000003
2009-12-22,APIL,EQ,544.75,545.0,566.1,545.0,552.1,551.25,551.15,42248,2328481235000.0,,10820.0,0.2561
2009-12-23,APIL,EQ,551.25,548.0,568.8,548.0,565.25,564.35,560.43,84741,4749158260000.0,,30617.0,0.3613
2009-12-24,APIL,EQ,564.35,566.0,569.85,561.0,562.15,564.0,564.94,74870,4229729950000.0,,23198.0,0.3098
2009-12-29,APIL,EQ,564.0,567.5,580.0,564.0,569.9,571.65,572.83,181724,10409755330000.0,,82299.0,0.4529
2009-12-30,APIL,EQ,571.65,574.0,576.8,565.5,572.0,571.8,571.27,147595,8431599225000.0,,76765.0,0.5201
2009-12-31,APIL,EQ,571.8,575.0,577.0,563.05,570.0,568.3,568.43,231604,13165038755000.0,,118248.0,0.5106
2010-01-04,APIL,EQ,568.3,570.5,583.8,568.5,578.5,577.95,578.07,183643,10615812565000.0,,56845.0,0.3095
2010-01-05,APIL,EQ,577.95,581.2,590.6,575.75,579.0,580.1,582.99,161215,9398619270000.0,,33486.0,0.2077
2010-01-06,APIL,EQ,580.1,584.1,588.35,576.1,577.6,578.2,581.73,61132,3556235210000.0,,16845.0,0.2756
2010-01-07,APIL,EQ,578.2,583.8,593.4,575.25,591.1,588.75,584.49,140114,8189459590000.001,,48716.0,0.34770000000000006
2010-01-08,APIL,EQ,588.75,595.5,599.5,584.1,585.95,588.95,590.95,281255,16620650025000.0,,123211.0,0.43810000000000004
2010-01-11,APIL,EQ,588.95,591.0,594.3,586.65,590.0,590.4,590.62,73736,4355019185000.0,,23778.0,0.3225
2010-01-12,APIL,EQ,590.4,592.95,593.0,570.95,580.0,578.05,581.35,116370,6765172620000.0,,48037.0,0.4128
2010-01-13,APIL,EQ,578.05,570.0,584.0,570.0,584.0,581.8,580.06,81633,4735202595000.0,,25682.0,0.3146
2010-01-14,APIL,EQ,581.8,586.8,592.0,583.35,592.0,588.8,588.68,86879,5114370700000.0,,41521.0,0.4779
2010-01-15,APIL,EQ,588.8,592.0,614.9,591.0,607.65,606.7,607.09,421604,25595316715000.0,,106278.0,0.2521
2010-01-18,APIL,EQ,606.7,608.5,621.1,602.6,605.1,607.15,614.74,454282,27926737505000.0,,85885.0,0.18910000000000002
2010-01-19,APIL,EQ,607.15,607.7,607.7,593.15,599.05,597.6,599.17,141545,8480936170000.0,,63120.0,0.4459
2010-01-20,APIL,EQ,597.6,600.0,606.95,585.6,588.1,588.85,595.93,72570,4324687029999.9995,,20791.0,0.2865
2010-01-21,APIL,EQ,588.85,594.0,595.0,565.1,567.0,569.1,580.34,136764,7936942215000.001,,50971.0,0.37270000000000003
2010-01-22,APIL,EQ,569.1,566.0,566.0,538.65,559.5,559.5,553.84,126937,7030219459999.999,,54096.0,0.42619999999999997
2010-01-25,APIL,EQ,559.5,561.45,565.7,543.0,559.0,559.35,556.3,75063,4175755179999.9995,,38603.0,0.5143
2010-01-27,APIL,EQ,559.35,554.9,564.0,545.55,552.1,551.7,553.39,213045,11789788650000.0,,154852.0,0.7269
2010-01-28,APIL,EQ,551.7,560.0,563.0,525.2,533.7,529.7,540.03,200888,10848647940000.0,,99481.0,0.49520000000000003
2010-01-29,APIL,EQ,529.7,531.5,531.9,504.0,525.35,526.45,517.4,117270,6067588610000.0,,35125.0,0.2995
2010-02-01,APIL,EQ,526.45,530.0,532.45,515.0,526.95,524.8,522.29,158753,8291531655000.0,,65543.0,0.4129
2010-02-02,APIL,EQ,524.8,532.8,541.75,518.25,520.6,522.15,532.14,134607,7162944275000.0,,19503.0,0.1449
2010-02-03,APIL,EQ,522.15,526.8,539.0,522.2,530.0,530.55,531.12,97669,5187351000000.0,,15872.0,0.1625
2010-02-04,APIL,EQ,530.55,533.0,533.05,523.3,528.9,527.25,527.91,112201,5923241505000.0,,64998.0,0.5793
2010-02-05,APIL,EQ,527.25,520.0,521.8,510.1,517.8,515.85,515.57,63536,3275755535000.0,,19923.0,0.3136
2010-02-06,APIL,EQ,515.85,518.0,521.45,515.0,520.95,518.6,517.57,8066,417471060000.0,,2194.0,0.272
2010-02-08,APIL,EQ,518.6,520.0,529.6,515.0,523.5,525.2,521.97,53825,2809498550000.0,,15324.0,0.2847
2010-02-09,APIL,EQ,525.2,523.0,534.0,519.4,532.0,531.0,528.58,54197,2864749470000.0,,11101.0,0.2048
2010-02-10,APIL,EQ,531.0,538.0,540.0,518.0,520.9,522.1,530.69,47174,2503472570000.0,,10385.0,0.22010000000000002
2010-02-11,APIL,EQ,522.1,521.4,529.95,518.0,526.2,527.15,525.91,51545,2710781945000.0,,8711.0,0.16899999999999998
2010-02-15,APIL,EQ,527.15,528.0,531.0,524.0,529.5,528.1,528.73,12045,636849410000.0,,4351.0,0.36119999999999997
2010-02-16,APIL,EQ,528.1,533.9,540.0,526.25,540.0,536.1,532.06,28065,1493221290000.0,,13208.0,0.4706
2010-02-17,APIL,EQ,536.1,540.0,549.9,536.0,539.3,539.75,543.8,89843,4885629615000.0,,23206.0,0.2583
2010-02-18,APIL,EQ,539.75,540.2,543.4,530.15,532.0,531.7,537.08,22231,1193971785000.0,,7890.0,0.35490000000000005
2010-02-19,APIL,EQ,531.7,530.15,533.0,522.0,528.9,526.35,523.17,94788,4959023650000.0,,84662.0,0.8932
2010-02-22,APIL,EQ,526.35,529.5,535.5,528.0,532.9,531.7,531.04,61549,3268488190000.0,,42701.0,0.6938
2010-02-23,APIL,EQ,531.7,529.5,534.0,521.1,531.45,529.5,529.01,23629,1249990175000.0,,7585.0,0.321
2010-02-24,APIL,EQ,529.5,531.9,531.9,521.3,527.25,526.35,524.17,57464,3012090065000.0,,32964.0,0.5736
2010-02-25,APIL,EQ,526.35,522.0,534.0,518.25,530.1,528.55,524.01,96483,5055761140000.0,,34706.0,0.3597
2010-02-26,APIL,EQ,528.55,541.0,541.0,523.0,537.0,534.25,534.63,36416,1946903010000.0002,,10478.0,0.2877
2010-03-02,APIL,EQ,534.25,542.0,542.0,530.15,535.4,534.4,534.92,35937,1922340164999.9998,,15535.0,0.43229999999999996
2010-03-03,APIL,EQ,534.4,536.05,553.9,535.55,548.55,550.0,547.69,57553,3152133830000.0,,21531.0,0.3741
2010-03-04,APIL,EQ,550.0,552.0,560.0,547.3,555.85,554.4,555.0,65559,3638501604999.9995,,18004.0,0.2746
2010-03-05,APIL,EQ,554.4,564.0,665.25,557.0,560.0,561.1,565.19,130209,7359239834999.999,,24271.0,0.1864
2010-03-08,APIL,EQ,561.1,567.7,576.8,555.3,563.9,564.45,568.91,89580,5096316295000.0,,14518.0,0.16210000000000002
2010-03-09,APIL,EQ,564.45,566.05,572.0,557.0,563.75,564.7,565.55,61004,3450091445000.0005,,26677.0,0.43729999999999997
2010-03-10,APIL,EQ,564.7,562.0,576.0,557.95,573.9,570.9,566.88,77425,4389074985000.0,,40370.0,0.5214
2010-03-11,APIL,EQ,570.9,571.2,586.0,570.0,584.0,581.1,577.94,101346,5857196230000.0,,56572.0,0.5582
2010-03-12,APIL,EQ,581.1,584.4,587.0,578.0,582.0,584.45,582.76,88730,5170862680000.0,,50530.0,0.5695
2010-03-15,APIL,EQ,584.45,580.1,588.0,571.2,580.2,585.0,578.29,126272,7302154115000.001,,92202.0,0.7302
2010-03-16,APIL,EQ,585.0,583.0,586.75,578.0,581.0,581.65,582.37,24599,1432563420000.0,,9916.0,0.4031
2010-03-17,APIL,EQ,581.65,582.75,586.95,578.0,584.0,582.85,581.71,57524,3346232130000.0,,32653.0,0.5676
2010-03-18,APIL,EQ,582.85,581.4,594.45,578.0,583.55,584.7,587.48,104719,6152004465000.0,,28639.0,0.2735
2010-03-19,APIL,EQ,584.7,584.0,596.0,580.0,588.9,590.8,587.84,47517,2793222370000.0,,25749.0,0.5418999999999999
2010-03-22,APIL,EQ,590.8,584.0,594.0,580.5,581.3,585.2,587.49,147023,8637383490000.001,,82569.0,0.5616
2010-03-23,APIL,EQ,585.2,596.15,610.0,585.2,608.0,606.5,598.42,137474,8226748040000.001,,51485.0,0.37450000000000006
2010-03-25,APIL,EQ,606.5,608.0,619.7,608.0,611.0,613.5,613.81,200744,12321960800000.0,,42412.0,0.2113
2010-03-26,APIL,EQ,613.5,614.5,631.5,608.5,625.5,626.55,625.54,282281,17657898485000.0,,57493.0,0.20370000000000002
2010-03-29,APIL,EQ,626.55,628.65,636.8,625.0,625.0,627.75,631.64,124278,7849928695000.0,,45902.0,0.3693
2010-03-30,APIL,EQ,627.75,628.55,633.45,621.1,623.8,625.25,626.52,60861,3813066485000.0,,22476.0,0.3693
2010-03-31,APIL,EQ,625.25,630.0,631.0,615.15,631.0,624.65,621.53,103318,6421523720000.0,,67225.0,0.6507
2010-04-01,APIL,EQ,624.65,629.95,630.0,617.0,618.0,621.65,623.63,28120,1753660050000.0,,11133.0,0.39590000000000003
2010-04-05,APIL,EQ,621.65,619.15,636.0,619.15,632.0,630.65,625.29,161260,10083464185000.0,,116505.0,0.7225
2010-04-06,APIL,EQ,630.65,631.65,642.8,626.05,626.05,629.0,635.79,117541,7473169359999.999,,27628.0,0.23500000000000001
2010-04-07,APIL,EQ,629.0,632.0,634.7,623.0,632.0,631.8,630.3,41088,2589774590000.0,,12316.0,0.2997
2010-04-08,APIL,EQ,631.8,633.25,636.7,618.1,620.0,620.05,622.94,40738,2537719665000.0,,19272.0,0.4731
2010-04-09,APIL,EQ,620.05,624.55,629.55,616.5,618.3,620.4,623.21,46537,2900250835000.0,,20703.0,0.4449
2010-04-12,APIL,EQ,620.4,623.0,629.0,616.0,617.3,620.3,622.14,45640,2839466485000.0,,11947.0,0.2618
2010-04-13,APIL,EQ,620.3,619.7,629.6,615.0,628.15,627.25,622.27,66632,4146282335000.0,,19369.0,0.2907
2010-04-15,APIL,EQ,627.25,628.0,639.45,616.1,616.1,621.1,631.09,258506,16314183580000.002,,32547.0,0.1259
2010-04-16,APIL,EQ,621.1,618.0,623.95,612.0,615.5,619.9,616.86,41517,2561023285000.0,,15899.0,0.383
2010-04-19,APIL,EQ,619.9,614.7,614.7,598.1,608.2,606.15,605.22,30441,1842353280000.0,,12260.0,0.40270000000000006
2010-04-20,APIL,EQ,606.15,607.1,620.0,607.1,618.35,617.7,614.49,30270,1860075445000.0,,10919.0,0.3607
2010-04-21,APIL,EQ,617.7,620.0,625.3,617.0,622.0,622.25,621.89,30064,1869646445000.0,,10873.0,0.3617
2010-04-22,APIL,EQ,622.25,620.0,628.0,615.2,616.5,621.65,622.01,146583,9117654810000.0,,110601.0,0.7545000000000001
2010-04-23,APIL,EQ,621.65,621.95,622.5,613.1,613.15,615.95,617.81,14003,865115735000.0,,4288.0,0.3062
2010-04-26,APIL,EQ,615.95,610.15,619.0,608.0,609.0,611.95,612.44,26584,1628117820000.0,,12541.0,0.4717
2010-04-27,APIL,EQ,611.95,610.0,613.2,602.2,605.0,604.75,606.68,21223,1287553065000.0,,6068.0,0.2859
2010-04-28,APIL,EQ,604.75,592.0,622.9,592.0,608.65,609.85,613.84,145774,8948156230000.0,,32256.0,0.2213
2010-04-29,APIL,EQ,609.85,606.0,618.9,605.5,608.5,608.4,612.47,104617,6407447745000.0,,21175.0,0.2024
2010-04-30,APIL,EQ,608.4,616.0,621.0,608.0,609.85,615.1,614.67,56743,3487802910000.0,,22957.0,0.4046
2010-05-03,APIL,EQ,615.1,608.5,618.5,605.0,606.25,605.8,611.45,70566,4314754865000.0,,18816.0,0.2666
2010-05-04,APIL,EQ,605.8,609.9,609.9,583.05,586.0,588.3,596.49,60880,3631457740000.0,,38531.0,0.6329
2010-05-05,APIL,EQ,588.3,579.0,601.6,562.1,594.0,596.5,588.54,324447,19094867405000.0,,249406.0,0.7687
2010-05-06,APIL,EQ,596.5,588.0,599.95,583.55,597.0,594.3,591.04,30480,1801493485000.0002,,10351.0,0.3396
2010-05-07,APIL,EQ,594.3,588.0,590.0,572.2,573.0,577.2,579.22,80876,4684522880000.0,,63813.0,0.789
2010-05-10,APIL,EQ,577.2,577.0,586.2,575.1,577.0,577.85,578.74,66137,3827619945000.0005,,37924.0,0.5734
2010-05-11,APIL,EQ,577.85,587.0,587.0,569.0,569.0,571.65,575.73,46136,2656175650000.0,,23985.0,0.5199
2010-05-12,APIL,EQ,571.65,573.9,581.4,561.0,576.45,576.45,569.67,39825,2268717900000.0,,12985.0,0.3261
2010-05-13,APIL,EQ,576.45,580.7,595.0,577.0,590.05,591.9,588.35,80183,4717562150000.0,,34061.0,0.42479999999999996
2010-05-14,APIL,EQ,591.9,583.0,591.5,583.0,585.95,587.45,587.96,57208,3363607390000.0,,22476.0,0.3929
2010-05-17,APIL,EQ,587.45,580.0,584.0,575.0,579.0,579.8,579.38,22828,1322618040000.0,,9567.0,0.4191
2010-05-18,APIL,EQ,579.8,589.0,598.0,583.1,597.0,592.9,590.76,34564,2041913410000.0002,,13570.0,0.3926
2010-05-19,APIL,EQ,592.9,590.0,592.75,571.3,571.5,578.2,583.45,27084,1580218790000.0,,13662.0,0.5044
2010-05-20,APIL,EQ,578.2,572.0,582.9,568.65,581.0,575.9,574.57,24303,1396381330000.0,,10119.0,0.4164
2010-05-21,APIL,EQ,575.9,569.0,582.0,555.05,582.0,575.85,567.99,40580,2304912545000.0,,16002.0,0.3943
2010-05-24,APIL,EQ,575.85,583.15,595.0,574.0,578.5,578.7,584.01,38045,2221855760000.0,,15093.0,0.39670000000000005
2010-05-25,APIL,EQ,578.7,575.0,575.0,550.0,550.55,556.05,562.38,59878,3367438625000.0,,27206.0,0.45439999999999997
2010-05-26,APIL,EQ,556.05,555.25,567.0,550.0,564.85,563.15,556.46,84151,4682705690000.0,,38050.0,0.4522
2010-05-27,APIL,EQ,563.15,560.05,574.0,560.05,572.0,571.45,567.78,79135,4493108240000.0,,34292.0,0.4333
2010-05-28,APIL,EQ,571.45,584.0,594.45,577.25,590.0,588.7,585.48,52312,3062781450000.0,,36466.0,0.6970999999999999
2010-05-31,APIL,EQ,588.7,594.0,606.0,583.0,583.45,586.7,594.31,106806,6347610650000.0,,39610.0,0.37090000000000006
2010-06-01,APIL,EQ,586.7,587.0,588.5,578.2,579.1,581.6,581.96,25316,1473294595000.0,,14419.0,0.5696
2010-06-02,APIL,EQ,581.6,582.0,590.95,578.0,590.0,587.5,584.01,29067,1697532085000.0002,,12813.0,0.44079999999999997
2010-06-03,APIL,EQ,587.5,590.15,615.8,590.15,603.05,604.95,605.51,210848,12767093585000.0,,47073.0,0.2233
2010-06-04,APIL,EQ,604.95,606.1,614.0,602.15,605.0,607.95,609.85,105528,6435626435000.0,,36854.0,0.3492
2010-06-07,APIL,EQ,607.95,500.0,600.95,500.0,596.0,596.8,595.08,42048,2502208585000.0,,14764.0,0.3511
2010-06-08,APIL,EQ,596.8,599.0,614.9,593.25,604.0,603.3,605.44,93325,5650239390000.0,,29535.0,0.3165
2010-06-09,APIL,EQ,603.3,601.0,610.0,598.0,605.0,605.35,602.91,53574,3230039400000.0,,21305.0,0.39770000000000005
2010-06-10,APIL,EQ,605.35,606.0,612.0,600.0,604.0,604.65,605.04,40680,2461294655000.0,,30041.0,0.7384999999999999
2010-06-11,APIL,EQ,604.65,609.7,609.7,593.1,595.0,595.8,601.41,60970,3666802915000.0,,32100.0,0.5265
2010-06-14,APIL,EQ,595.8,602.9,602.9,594.0,595.95,597.85,597.81,36888,2205212015000.0,,21024.0,0.5699000000000001
2010-06-15,APIL,EQ,597.85,605.0,613.0,597.5,598.95,599.25,606.15,134176,8133049820000.0,,50330.0,0.3751
2010-06-16,APIL,EQ,599.25,605.0,605.0,592.5,595.3,597.45,598.53,39436,2360356585000.0,,17114.0,0.434
2010-06-17,APIL,EQ,597.45,596.0,605.05,590.2,597.0,600.1,597.23,34760,2075958620000.0,,13701.0,0.39420000000000005
2010-06-18,APIL,EQ,600.1,607.0,607.0,590.5,590.5,591.9,597.64,37892,2264585265000.0,,13834.0,0.3651
2010-06-21,APIL,EQ,591.9,591.1,611.0,591.1,609.3,607.2,605.54,122273,7404154520000.0,,47168.0,0.3858
2010-06-22,APIL,EQ,607.2,607.95,624.0,604.25,614.55,614.8,617.38,167486,10340272730000.0,,49349.0,0.29460000000000003
2010-06-23,APIL,EQ,614.8,613.35,633.7,613.35,628.25,627.65,628.1,160398,10074544625000.0,,51982.0,0.3241
2010-06-24,APIL,EQ,627.65,629.5,636.5,621.35,631.0,630.4,630.88,97353,6141802235000.0,,32790.0,0.3368
2010-06-25,APIL,EQ,630.4,635.0,679.9,631.0,665.0,662.75,665.97,677025,45087629620000.0,,126011.0,0.1861
2010-06-28,APIL,EQ,662.75,669.0,669.4,655.1,658.35,659.5,661.99,110102,7288690034999.999,,48047.0,0.4364
2010-06-29,APIL,EQ,659.5,655.3,659.5,645.6,651.0,650.5,651.21,50975,3319549810000.0,,24066.0,0.4721
2010-06-30,APIL,EQ,650.5,647.95,678.0,645.0,670.1,671.55,670.27,243991,16353891775000.0,,60594.0,0.2483
2010-07-01,APIL,EQ,671.55,670.6,672.0,657.0,660.9,659.55,663.06,36325,2408559525000.0,,7583.0,0.20879999999999999
2010-07-02,APIL,EQ,659.55,660.4,672.0,655.65,658.15,660.35,664.86,45999,3058268055000.0,,13598.0,0.2956
2010-07-05,APIL,EQ,660.35,660.0,667.0,653.25,654.05,657.3,661.39,33597,2222063285000.0,,13006.0,0.3871
2010-07-06,APIL,EQ,657.3,657.5,661.9,654.0,660.0,659.85,659.66,46881,3092574740000.0,,24922.0,0.5316
2010-07-07,APIL,EQ,659.85,666.4,666.4,651.0,651.0,653.5,658.27,29914,1969159475000.0,,11014.0,0.3682
2010-07-08,APIL,EQ,653.5,657.0,669.0,655.05,658.0,656.95,659.82,76821,5068774660000.0,,35078.0,0.45659999999999995
2010-07-09,APIL,EQ,656.95,657.8,659.9,642.0,657.9,655.65,651.93,96103,6265243790000.0,,35092.0,0.3651
2010-07-12,APIL,EQ,655.65,662.0,663.5,649.5,650.35,650.45,654.91,52834,3460146465000.0,,20941.0,0.39640000000000003
2010-07-13,APIL,EQ,650.45,647.0,657.85,641.25,647.0,645.7,647.73,110904,7183543490000.001,,55457.0,0.5
2010-07-14,APIL,EQ,645.7,652.8,652.8,644.05,644.15,646.95,648.19,28983,1878662310000.0002,,9766.0,0.337
2010-07-15,APIL,EQ,646.95,650.9,651.0,636.6,643.0,642.5,642.2,38990,2503949230000.0,,13314.0,0.34149999999999997
2010-07-16,APIL,EQ,642.5,646.0,673.6,634.0,640.0,638.15,641.93,38314,2459478225000.0,,14563.0,0.3801
2010-07-19,APIL,EQ,638.15,635.0,644.0,632.0,640.8,639.4,639.07,31366,2004493430000.0,,9716.0,0.3098
2010-07-20,APIL,EQ,639.4,645.0,645.0,616.85,632.85,629.6,628.55,146533,9210278675000.0,,67055.0,0.4576
2010-07-21,APIL,EQ,629.6,634.0,639.9,617.0,639.5,635.35,626.99,225719,14152315835000.0,,53472.0,0.23690000000000003
2010-07-22,APIL,EQ,635.35,637.4,650.0,633.0,649.0,648.4,646.42,138549,8956145775000.0,,22136.0,0.1598
2010-07-23,APIL,EQ,648.4,655.85,712.0,652.05,700.0,704.4,690.69,1226329,84700747885000.0,,261485.0,0.2132
2010-07-26,APIL,EQ,704.4,709.0,709.0,679.05,681.1,682.4,689.5,190591,13141211075000.0,,39136.0,0.2053
2010-07-27,APIL,EQ,682.4,687.9,708.7,673.2,689.65,691.4,693.54,207445,14387211140000.0,,32772.0,0.158
2010-07-28,APIL,EQ,691.4,696.6,704.9,683.0,685.2,684.95,691.85,139255,9634349140000.0,,43444.0,0.312
2010-07-29,APIL,EQ,684.95,684.95,702.0,683.35,694.0,694.15,695.39,124265,8641271270000.0,,35893.0,0.2888
2010-07-30,APIL,EQ,694.15,695.9,722.5,691.1,702.9,703.05,712.42,449236,32004347810000.004,,110966.0,0.247
2010-08-02,APIL,EQ,703.05,710.35,715.0,701.65,711.0,708.55,709.52,97941,6949115550000.0,,18377.0,0.18760000000000002
2010-08-03,APIL,EQ,708.55,713.9,713.9,704.0,710.0,710.15,709.47,64138,4550425720000.0,,37322.0,0.5819
2010-08-04,APIL,EQ,710.15,710.0,731.0,705.6,729.7,728.5,722.47,283165,20457831150000.0,,96649.0,0.34130000000000005
2010-08-05,APIL,EQ,728.5,733.0,737.9,720.1,722.0,723.0,731.49,200691,14680442715000.0,,63763.0,0.3177
2010-08-06,APIL,EQ,723.0,724.0,736.5,724.0,728.2,729.6,731.13,116306,8503471275000.0,,55636.0,0.47840000000000005
2010-08-09,APIL,EQ,729.6,728.05,754.0,728.0,753.95,749.35,744.13,181761,13525296994999.998,,77037.0,0.4238
2010-08-10,APIL,EQ,749.35,705.0,764.5,705.0,760.0,759.85,755.74,153425,11594977165000.0,,51195.0,0.3337
2010-08-11,APIL,EQ,759.85,759.85,773.0,753.0,753.0,755.7,763.28,141080,10768386755000.0,,65986.0,0.46770000000000006
2010-08-12,APIL,EQ,755.7,748.0,758.8,735.0,735.0,738.1,742.2,121022,8982200350000.0,,51537.0,0.4258
2010-08-13,APIL,EQ,738.1,743.95,755.2,731.25,737.5,739.75,747.72,208350,15578796725000.0,,78840.0,0.37840000000000007
2010-08-16,APIL,EQ,739.75,739.0,749.8,721.0,723.0,727.9,734.52,51584,3788959340000.0,,22753.0,0.4411
2010-08-17,APIL,EQ,727.9,727.9,740.0,724.0,740.0,738.0,735.98,36947,2719241325000.0,,16637.0,0.45030000000000003
2010-08-18,APIL,EQ,738.0,740.0,743.95,731.0,735.0,738.05,737.97,32307,2384167445000.0,,12704.0,0.3932
2010-08-19,APIL,EQ,738.05,743.0,743.0,730.0,733.6,734.45,734.8,31749,2332900760000.0,,16749.0,0.5275
2010-08-20,APIL,EQ,734.45,734.0,750.0,725.1,742.5,741.05,743.82,110983,8255133795000.0,,29344.0,0.2644
2010-08-23,APIL,EQ,741.05,745.0,764.0,734.3,745.0,750.25,752.88,188550,14195489869999.998,,43404.0,0.2302
2010-08-24,APIL,EQ,750.25,748.2,752.9,732.2,733.1,734.8,739.23,33553,2480345380000.0,,12910.0,0.3848
2010-08-25,APIL,EQ,734.8,733.0,742.95,720.05,735.0,735.2,733.37,121334,8898300880000.0,,62699.0,0.5167
2010-08-26,APIL,EQ,735.2,736.0,746.8,736.0,746.4,744.0,742.26,115911,8603561165000.001,,71069.0,0.6131000000000001
2010-08-27,APIL,EQ,744.0,776.0,776.0,720.0,720.0,725.25,742.25,44946,3336122285000.0,,12673.0,0.282
2010-08-30,APIL,EQ,725.25,729.05,740.0,716.1,719.0,719.45,727.36,47336,3443009625000.0,,11865.0,0.25070000000000003
2010-08-31,APIL,EQ,719.45,719.0,719.0,701.6,707.0,709.15,710.03,46230,3282483675000.0,,14328.0,0.3099
2010-09-01,APIL,EQ,709.15,710.15,716.9,704.0,707.0,709.6,710.67,43988,3126100590000.0,,14225.0,0.3234
2010-09-02,APIL,EQ,709.6,711.1,717.0,706.3,707.5,708.45,711.31,30557,2173538595000.0,,9961.0,0.326
2010-09-03,APIL,EQ,708.45,710.0,713.0,697.5,704.2,704.2,706.32,43688,3085772950000.0,,16312.0,0.37340000000000007
2010-09-06,APIL,EQ,704.2,709.4,724.8,707.0,718.0,718.2,716.01,69313,4962892445000.0,,31228.0,0.45049999999999996
2010-09-07,APIL,EQ,718.2,723.2,735.6,721.55,726.05,726.75,729.99,108580,7926211090000.001,,33894.0,0.3122
2010-09-08,APIL,EQ,726.75,728.0,735.5,714.0,718.2,721.5,725.86,84390,6125537695000.0,,30154.0,0.35729999999999995
2010-09-09,APIL,EQ,721.5,724.7,732.4,716.65,722.0,721.9,725.21,79440,5761101625000.0,,23265.0,0.2929
2010-09-13,APIL,EQ,721.9,733.15,754.0,733.15,739.05,737.6,740.1,128842,9535574980000.0,,39878.0,0.3095
2010-09-14,APIL,EQ,737.6,743.85,745.0,726.0,730.0,727.8,733.66,55957,4105326240000.0,,18815.0,0.3362
2010-09-15,APIL,EQ,727.8,732.0,741.0,727.0,735.0,731.55,734.42,64901,4766449320000.0,,17765.0,0.2737
2010-09-16,APIL,EQ,731.55,738.95,804.95,735.0,778.0,776.0,790.44,1982031,156668040705000.0,,338364.0,0.17070000000000002
2010-09-17,APIL,EQ,776.0,793.8,793.8,766.3,770.0,771.3,780.2,276176,21547162020000.0,,49656.0,0.17980000000000002
2010-09-20,APIL,EQ,771.3,774.05,778.75,758.0,763.7,762.35,766.39,107478,8237031865000.001,,36010.0,0.335
2010-09-21,APIL,EQ,762.35,764.0,769.85,748.45,753.0,754.05,755.83,203008,15343890044999.998,,85079.0,0.4191
2010-09-22,APIL,EQ,754.05,752.95,763.0,747.0,751.05,753.7,755.46,120602,9110961990000.0,,45277.0,0.3754
2010-09-23,APIL,EQ,753.7,754.75,774.9,752.0,760.0,759.85,764.11,215854,16493579235000.0,,37755.0,0.1749
2010-09-24,APIL,EQ,759.85,769.8,770.95,758.0,760.15,760.95,764.77,83175,6360978880000.0,,29332.0,0.3527
2010-09-27,APIL,EQ,760.95,763.1,776.3,740.0,766.0,766.05,767.63,195853,15034341090000.0,,41432.0,0.2115
2010-09-28,APIL,EQ,766.05,769.0,784.0,762.0,782.15,780.25,775.87,194448,15086703380000.002,,44627.0,0.2295
2010-09-29,APIL,EQ,780.25,784.4,815.05,784.0,809.0,810.75,803.69,526878,42344649625000.0,,187471.0,0.3558
2010-09-30,APIL,EQ,810.75,815.5,830.0,791.0,820.0,815.2,809.11,313937,25401065175000.0,,182683.0,0.5819
2010-10-01,APIL,EQ,815.2,818.05,833.35,818.05,826.2,827.6,825.9,123961,10237962615000.0,,45711.0,0.3688
2010-10-04,APIL,EQ,827.6,836.0,866.5,826.0,858.0,858.0,847.84,262715,22274145945000.0,,73299.0,0.27899999999999997
2010-10-05,APIL,EQ,858.0,858.0,863.0,839.0,841.95,840.55,849.23,144006,12229486940000.0,,49676.0,0.34500000000000003
2010-10-06,APIL,EQ,840.55,845.15,868.05,843.85,857.9,855.4,857.16,166666,14285969625000.0,,69386.0,0.41630000000000006
2010-10-07,APIL,EQ,855.4,858.0,875.0,841.5,844.0,845.7,863.37,90502,7813648575000.0,,18897.0,0.20879999999999999
2010-10-08,APIL,EQ,845.7,850.05,862.05,834.0,844.9,847.75,850.32,76191,6478701270000.0,,21595.0,0.2834
2010-10-11,APIL,EQ,847.75,850.3,858.0,847.9,852.0,849.7,853.47,30248,2581575760000.0,,11670.0,0.3858
2010-10-12,APIL,EQ,849.7,899.0,899.0,826.7,833.3,836.2,834.48,46738,3900210890000.0,,12562.0,0.2688
2010-10-13,APIL,EQ,836.2,837.0,857.9,836.55,850.25,851.75,852.6,88967,7585323055000.0,,38732.0,0.4354
2010-10-14,APIL,EQ,851.75,854.3,862.0,838.0,843.9,841.85,850.98,63694,5420218490000.0,,25178.0,0.39530000000000004
2010-10-15,APIL,EQ,841.85,844.4,851.85,820.15,823.0,825.35,834.2,51782,4319635125000.0,,20365.0,0.3933
2010-10-18,APIL,EQ,825.35,822.9,853.0,800.15,851.0,849.3,834.78,86627,7231436325000.0,,25778.0,0.29760000000000003
2010-10-19,APIL,EQ,849.3,853.6,856.9,818.0,820.5,820.6,837.38,52402,4388042054999.9995,,17551.0,0.33490000000000003
2010-10-20,APIL,EQ,820.6,823.0,838.8,805.0,823.3,823.3,825.13,65225,5381879805000.0,,13631.0,0.209
2010-10-21,APIL,EQ,823.3,825.8,830.9,793.0,796.3,799.4,803.1,262001,21041220605000.0,,73519.0,0.2806
2010-10-22,APIL,EQ,799.4,799.5,801.25,785.1,785.5,789.45,790.56,67904,5368196880000.0,,17735.0,0.2612
2010-10-25,APIL,EQ,789.45,792.0,809.3,789.95,799.9,799.3,802.68,66740,5357089230000.0,,23135.0,0.34659999999999996
2010-10-26,APIL,EQ,799.3,801.0,802.5,782.0,784.0,787.15,792.82,54201,4297167679999.9995,,30504.0,0.5628000000000001
2010-10-27,APIL,EQ,787.15,790.1,790.1,771.1,775.0,778.55,778.97,47280,3682960145000.0005,,24065.0,0.509
2010-10-28,APIL,EQ,778.55,777.75,792.0,760.0,777.7,778.65,779.07,408337,31812304339999.996,,247487.0,0.6061
2010-10-29,APIL,EQ,778.65,778.0,784.0,736.6,761.0,756.95,757.2,94642,7166256859999.999,,39666.0,0.4191
2010-11-01,APIL,EQ,756.95,760.35,784.8,760.35,768.25,767.4,768.83,60292,4635430020000.0,,25343.0,0.4203
2010-11-02,APIL,EQ,767.4,768.9,785.0,765.5,780.0,779.45,776.89,188914,14676568010000.0,,122346.0,0.6476000000000001
2010-11-03,APIL,EQ,779.45,781.8,801.7,781.8,794.3,791.15,793.75,102678,8150019950000.0,,33257.0,0.3239
2010-11-04,APIL,EQ,791.15,799.9,806.0,791.15,793.85,795.45,795.21,39619,3150554155000.0,,17651.0,0.4455
2010-11-05,APIL,EQ,795.45,795.1,800.0,793.0,794.1,795.35,796.12,7033,559913530000.0,,3982.0,0.5662
2010-11-08,APIL,EQ,795.35,798.05,799.8,778.5,788.7,788.35,785.13,19745,1550242255000.0,,4829.0,0.2446
2010-11-09,APIL,EQ,788.35,800.0,805.0,770.0,775.8,775.65,780.34,41112,3208115795000.0,,21671.0,0.5271
2010-11-10,APIL,EQ,775.65,777.0,779.55,755.55,760.0,762.95,766.04,45632,3495593340000.0,,19683.0,0.4313
2010-11-11,APIL,EQ,762.95,768.0,778.0,750.0,754.65,752.45,763.39,46909,3580990260000.0,,13720.0,0.2925
2010-11-12,APIL,EQ,752.45,752.45,752.5,723.0,726.1,731.15,737.58,60780,4483013775000.0,,18708.0,0.3078
2010-11-15,APIL,EQ,731.15,733.5,734.9,707.1,726.0,726.1,726.55,32060,2329331555000.0,,13123.0,0.4093
2010-11-16,APIL,EQ,726.1,824.0,824.0,712.65,712.65,716.35,729.38,53731,3919036795000.0005,,19158.0,0.3566
2010-11-18,APIL,EQ,716.35,722.0,725.0,683.3,705.0,703.75,701.07,60999,4276463154999.9995,,21220.0,0.3479
2010-11-19,APIL,EQ,703.75,706.0,722.85,680.1,681.0,686.45,695.57,35863,2494531905000.0,,15774.0,0.43979999999999997
2010-11-22,APIL,EQ,686.45,687.0,710.95,687.0,706.5,704.3,699.13,68726,4804845755000.0,,20086.0,0.2923
2010-11-23,APIL,EQ,704.3,701.0,701.0,655.0,685.0,683.1,680.38,90413,6151494265000.0,,53145.0,0.5878
2010-11-24,APIL,EQ,683.1,692.0,698.5,680.05,683.0,683.95,689.18,32867,2265115290000.0,,9138.0,0.278
2010-11-25,APIL,EQ,683.95,687.0,695.0,622.85,645.0,640.25,646.9,140472,9087106460000.0,,75791.0,0.5395000000000001
2010-11-26,APIL,EQ,640.25,652.9,657.0,581.0,629.7,626.0,618.46,89766,5551701165000.0,,46099.0,0.5135000000000001
2010-11-29,APIL,EQ,626.0,630.0,663.0,627.3,659.85,655.85,646.55,86212,5574019180000.0,,43348.0,0.5028
2010-11-30,APIL,EQ,655.85,665.0,694.0,646.25,691.8,688.0,674.88,122938,8296809125000.0,,58542.0,0.47619999999999996
2010-12-01,APIL,EQ,688.0,695.0,711.9,690.05,703.05,704.95,705.18,46827,3302143885000.0,,10963.0,0.2341
2010-12-02,APIL,EQ,704.95,724.4,727.0,705.0,705.0,710.4,715.79,54188,3878716245000.0005,,17772.0,0.32799999999999996
2010-12-03,APIL,EQ,710.4,700.0,702.0,671.0,675.2,679.0,683.23,59298,4051401490000.0,,24646.0,0.4156
2010-12-06,APIL,EQ,679.0,715.0,715.0,685.3,691.7,690.75,692.61,56645,3923297579999.9995,,19475.0,0.34380000000000005
2010-12-07,APIL,EQ,690.75,688.5,697.85,683.65,684.0,685.9,689.34,24795,1709227055000.0,,5852.0,0.23600000000000002
2010-12-08,APIL,EQ,685.9,687.0,696.45,674.05,688.5,689.65,683.9,43839,2998162695000.0,,19590.0,0.44689999999999996
2010-12-09,APIL,EQ,689.65,720.0,720.0,644.0,659.9,654.15,673.01,70200,4724535650000.0,,37021.0,0.5274
2010-12-10,APIL,EQ,654.15,650.0,673.0,645.0,664.8,664.65,661.67,40997,2712639265000.0,,14562.0,0.3552
2010-12-13,APIL,EQ,664.65,669.8,704.5,661.25,703.35,701.25,689.38,71083,4900323875000.0,,17458.0,0.24559999999999998
2010-12-14,APIL,EQ,701.25,703.0,723.0,695.05,707.05,709.35,710.5,139949,9943309910000.0,,72929.0,0.5211
2010-12-15,APIL,EQ,709.35,710.0,716.1,688.0,694.95,692.9,702.7,58984,4144818785000.0,,16577.0,0.281
2010-12-16,APIL,EQ,692.9,698.95,701.85,680.7,690.65,690.2,689.74,33580,2316154550000.0,,13428.0,0.39990000000000003
2010-12-20,APIL,EQ,690.2,690.0,698.5,683.0,694.0,694.0,693.38,14329,993542705000.0001,,5660.0,0.395
2010-12-21,APIL,EQ,694.0,698.0,704.0,690.65,694.0,697.6,696.87,51686,3601823485000.0,,26296.0,0.5088
2010-12-22,APIL,EQ,697.6,695.6,701.85,686.1,686.1,689.8,695.44,15218,1058319055000.0001,,5133.0,0.3373
2010-12-23,APIL,EQ,689.8,681.25,693.95,672.0,672.05,674.6,683.51,41690,2849539465000.0,,20450.0,0.4905
2010-12-24,APIL,EQ,674.6,673.3,678.0,661.1,675.0,675.3,674.14,24614,1659320295000.0,,6481.0,0.2633
2010-12-27,APIL,EQ,675.3,679.4,703.45,666.6,684.95,685.6,692.96,59275,4107505960000.0,,14124.0,0.23829999999999998
2010-12-28,APIL,EQ,685.6,688.0,699.0,682.15,683.25,686.35,688.07,20179,1388458410000.0,,7122.0,0.3529
2010-12-29,APIL,EQ,686.35,688.0,699.0,687.25,691.5,691.2,693.86,32287,2240256135000.0,,10791.0,0.3342
2010-12-30,APIL,EQ,691.2,692.6,701.0,675.25,682.85,680.25,687.85,52667,3622698954999.9995,,26892.0,0.5106
2010-12-31,APIL,EQ,680.25,692.95,696.5,683.05,689.0,686.85,689.02,24587,1694094020000.0,,5691.0,0.23149999999999998
2011-01-03,APIL,EQ,686.85,690.0,709.0,689.5,702.0,700.8,701.45,116135,8146293265000.001,,27690.0,0.2384
2011-01-04,APIL,EQ,700.8,706.0,729.9,698.15,724.0,724.25,718.6,226296,16261727215000.0,,40342.0,0.1783
2011-01-05,APIL,EQ,724.25,728.4,746.0,726.6,726.7,730.8,738.9,203797,15058548700000.0,,44727.0,0.2195
2011-01-06,APIL,EQ,730.8,731.15,736.0,710.15,715.0,714.4,720.28,74944,5398080580000.0,,24971.0,0.3332
2011-01-07,APIL,EQ,714.4,717.55,723.0,682.5,688.1,695.75,709.27,74046,5251834950000.0,,34547.0,0.46659999999999996
2011-01-10,APIL,EQ,695.75,696.0,696.0,657.05,658.0,667.65,675.26,88164,5953390660000.0,,32955.0,0.3738
2011-01-11,APIL,EQ,667.65,668.5,671.9,640.0,653.0,646.35,658.05,40451,2661897780000.0,,13420.0,0.3318
2011-01-12,APIL,EQ,646.35,650.3,669.0,643.35,667.05,667.95,657.89,60920,4007894015000.0,,14295.0,0.2347
2011-01-13,APIL,EQ,667.95,668.0,684.0,660.05,666.0,664.3,671.48,44096,2960948050000.0,,6662.0,0.15109999999999998
2011-01-14,APIL,EQ,664.3,665.05,668.8,645.15,647.0,655.75,661.04,58487,3866222654999.9995,,33167.0,0.5671
2011-01-17,APIL,EQ,655.75,658.0,660.0,636.1,640.0,639.75,642.49,30920,1986588489999.9998,,13434.0,0.43450000000000005
2011-01-18,APIL,EQ,639.75,640.15,649.7,634.1,641.7,640.3,641.75,28568,1833360435000.0002,,7093.0,0.2483
2011-01-19,APIL,EQ,640.3,644.15,656.0,632.0,637.0,637.4,644.14,34357,2213073310000.0,,11559.0,0.33640000000000003
2011-01-20,APIL,EQ,637.4,631.0,634.9,617.0,622.8,623.35,624.5,87884,5488383355000.0,,44457.0,0.5059
2011-01-21,APIL,EQ,623.35,623.0,630.4,609.0,611.3,612.5,619.8,98240,6088945260000.0,,38890.0,0.39590000000000003
2011-01-24,APIL,EQ,612.5,618.4,618.4,600.3,608.95,609.25,609.14,52965,3226309150000.0,,9882.0,0.18660000000000002
2011-01-25,APIL,EQ,609.25,608.0,609.9,589.5,606.0,602.2,598.99,180352,10802859205000.0,,33468.0,0.1856
2011-01-27,APIL,EQ,602.2,602.0,602.0,579.95,584.95,587.9,590.0,223923,13211432890000.0,,122786.0,0.5483
2011-01-28,APIL,EQ,587.9,588.0,589.0,560.5,570.0,568.55,571.5,59939,3425494310000.0,,20223.0,0.33740000000000003
2011-01-31,APIL,EQ,568.55,560.15,588.95,540.5,585.95,580.65,565.91,79188,4481320155000.0,,24887.0,0.3143
2011-02-01,APIL,EQ,580.65,584.0,598.1,571.0,578.55,578.65,584.49,89357,5222786685000.0,,29082.0,0.32549999999999996
2011-02-02,APIL,EQ,578.65,577.0,588.9,567.4,580.0,584.4,581.02,73412,4265361479999.9995,,22815.0,0.31079999999999997
2011-02-03,APIL,EQ,584.4,585.0,585.0,572.0,578.05,580.05,580.48,48116,2793021370000.0,,30424.0,0.6323
2011-02-04,APIL,EQ,580.05,581.05,597.0,571.7,578.0,582.25,586.89,78096,4583403910000.0,,37016.0,0.474
2011-02-07,APIL,EQ,582.25,583.0,583.0,563.0,571.0,568.1,571.23,31434,1795597560000.0002,,10422.0,0.33159999999999995
2011-02-08,APIL,EQ,568.1,570.05,576.95,545.2,553.0,558.2,556.01,67471,3751475565000.0,,24438.0,0.3622
2011-02-09,APIL,EQ,558.2,552.3,556.85,516.6,524.5,528.85,541.75,55681,3016544050000.0,,24898.0,0.4472
2011-02-10,APIL,EQ,528.85,550.0,550.0,506.0,529.0,527.05,518.16,36292,1880488789999.9998,,8276.0,0.228
2011-02-11,APIL,EQ,527.05,528.0,547.75,517.05,542.25,542.9,531.93,35138,1869104745000.0,,8884.0,0.2528
2011-02-14,APIL,EQ,542.9,549.0,580.05,545.1,570.1,573.4,564.02,59625,3362990840000.0,,14302.0,0.2399
2011-02-15,APIL,EQ,573.4,575.0,584.9,565.25,575.0,577.7,574.81,72724,4180260660000.0,,27835.0,0.38270000000000004
2011-02-16,APIL,EQ,577.7,573.0,577.5,563.0,564.5,568.05,569.17,43511,2476503175000.0,,16661.0,0.3829
2011-02-17,APIL,EQ,568.05,565.0,576.85,562.25,572.0,574.0,570.23,64874,3699310190000.0,,25417.0,0.3918
2011-02-18,APIL,EQ,574.0,577.9,596.9,559.0,560.0,565.8,584.41,124121,7253816084999.999,,18106.0,0.1459
2011-02-21,APIL,EQ,565.8,565.0,573.5,548.15,570.8,566.75,559.79,67349,3770153375000.0,,21670.0,0.32180000000000003
2011-02-22,APIL,EQ,566.75,584.5,584.5,555.05,561.2,563.7,564.06,50081,2824877130000.0,,20655.0,0.41240000000000004
2011-02-23,APIL,EQ,563.7,561.1,565.0,555.0,559.0,558.15,559.95,18725,1048497925000.0,,6047.0,0.3229
2011-02-24,APIL,EQ,558.15,568.0,568.0,506.0,512.0,517.7,526.82,136521,7192153259999.999,,78929.0,0.5781000000000001
2011-02-25,APIL,EQ,517.7,511.15,522.0,503.1,516.0,515.15,513.63,58277,2993282415000.0,,19284.0,0.3309
2011-02-28,APIL,EQ,515.15,520.05,526.0,506.0,508.05,508.7,517.02,47770,2469809180000.0,,14160.0,0.2964
2011-03-01,APIL,EQ,508.7,517.0,539.0,511.5,536.0,536.55,526.48,60816,3201823355000.0,,12788.0,0.21030000000000001
2011-03-03,APIL,EQ,536.55,534.75,542.0,524.0,533.65,532.25,534.07,43551,2325943125000.0,,5913.0,0.1358
2011-03-04,APIL,EQ,532.25,534.9,545.0,531.0,532.2,532.9,537.58,71810,3860333925000.0,,29391.0,0.4093
2011-03-07,APIL,EQ,532.9,530.95,530.95,511.2,516.0,515.05,515.83,51795,2671760725000.0,,25200.0,0.4865
2011-03-08,APIL,EQ,515.05,516.0,527.9,516.0,517.5,517.7,520.55,27142,1412877790000.0,,6915.0,0.2548
2011-03-09,APIL,EQ,517.7,524.0,524.0,514.15,519.0,520.4,519.26,30416,1579376690000.0,,9091.0,0.2989
2011-03-10,APIL,EQ,520.4,515.0,558.05,515.0,554.0,554.05,540.57,359419,19429201740000.0,,149020.0,0.4146
2011-03-11,APIL,EQ,554.05,530.0,554.0,530.0,543.0,541.25,542.87,120149,6522492335000.0,,26595.0,0.2214
2011-03-14,APIL,EQ,541.25,535.0,546.2,535.0,538.0,538.55,538.52,78130,4207467929999.9995,,51700.0,0.6617000000000001
2011-03-15,APIL,EQ,538.55,530.0,530.0,517.05,525.0,524.85,523.0,89597,4685904220000.0,,39771.0,0.4439
2011-03-16,APIL,EQ,524.85,524.0,544.0,515.6,530.2,530.9,536.52,130126,6981531884999.999,,24988.0,0.192
2011-03-17,APIL,EQ,530.9,529.6,540.35,528.0,534.0,533.6,536.34,56600,3035670595000.0,,19335.0,0.34159999999999996
2011-03-18,APIL,EQ,533.6,535.0,543.0,520.0,533.6,528.7,531.42,60976,3240364880000.0,,20373.0,0.33409999999999995
2011-03-21,APIL,EQ,528.7,537.0,537.0,524.1,532.0,532.0,531.85,74016,3936548295000.0005,,24920.0,0.3367
2011-03-22,APIL,EQ,532.0,533.35,534.9,518.6,528.0,529.15,527.48,80359,4238808340000.0,,27300.0,0.3397
2011-03-23,APIL,EQ,529.15,532.0,534.95,527.25,532.4,531.1,530.37,32380,1717339880000.0,,15814.0,0.48840000000000006
2011-03-24,APIL,EQ,531.1,538.0,549.7,533.1,548.75,546.1,542.86,87909,4772226165000.0,,21939.0,0.24960000000000002
2011-03-25,APIL,EQ,546.1,551.1,569.0,548.1,556.25,559.35,556.54,107017,5955923775000.0,,42901.0,0.40090000000000003
2011-03-28,APIL,EQ,559.35,558.95,572.0,554.05,571.0,570.25,567.52,79343,4502894050000.0,,41123.0,0.5183
2011-03-29,APIL,EQ,570.25,570.9,576.0,555.1,569.0,566.0,568.41,54145,3077670150000.0,,19765.0,0.365
2011-03-30,APIL,EQ,566.0,567.5,593.9,567.15,588.15,586.05,580.49,92122,5347574555000.0,,43265.0,0.4696
2011-03-31,APIL,EQ,586.05,597.6,602.0,565.25,591.15,589.7,584.94,128456,7513961109999.999,,65969.0,0.5136000000000001
2011-04-01,APIL,EQ,589.7,590.2,595.0,579.0,586.0,587.8,586.21,29805,1747212739999.9998,,12775.0,0.4286
2011-04-04,APIL,EQ,587.8,585.55,632.95,585.55,629.0,628.65,618.66,232779,14401092905000.002,,44000.0,0.189
2011-04-05,APIL,EQ,628.65,637.0,639.9,620.3,623.1,630.75,628.44,106881,6716796380000.0,,27080.0,0.2534
2011-04-06,APIL,EQ,630.75,630.0,649.0,629.95,636.0,636.05,639.37,151742,9701896000000.0,,79674.0,0.5251
2011-04-07,APIL,EQ,636.05,636.85,637.0,625.55,626.2,629.75,629.76,40647,2559784910000.0,,10629.0,0.2615
2011-04-08,APIL,EQ,629.75,628.75,642.0,603.4,607.6,607.85,621.06,159312,9894186990000.0,,34264.0,0.2151
2011-04-11,APIL,EQ,607.85,608.5,614.0,590.5,592.95,592.0,598.49,83788,5014660655000.0,,20827.0,0.2486
2011-04-13,APIL,EQ,592.0,598.0,612.0,593.05,601.25,603.8,599.83,127190,7629187375000.0,,48872.0,0.38420000000000004
2011-04-15,APIL,EQ,603.8,600.5,602.8,586.0,589.0,588.85,593.78,62215,3694202990000.0,,20851.0,0.3351
2011-04-18,APIL,EQ,588.85,588.8,599.0,573.25,575.0,576.5,583.24,112548,6564230835000.0,,53284.0,0.47340000000000004
2011-04-19,APIL,EQ,576.5,576.5,586.4,569.5,575.0,577.0,578.77,195279,11302181840000.0,,127465.0,0.6527
2011-04-20,APIL,EQ,577.0,581.8,613.5,581.0,611.25,610.3,602.84,356376,21483821870000.0,,142289.0,0.3993
2011-04-21,APIL,EQ,610.3,615.0,615.0,584.5,593.0,588.3,597.1,234783,14018986930000.002,,128886.0,0.549
2011-04-25,APIL,EQ,588.3,599.0,599.0,568.85,578.8,580.0,579.67,477773,27695259280000.0,,227013.0,0.47509999999999997
2011-04-26,APIL,EQ,580.0,584.0,692.0,571.2,630.0,631.7,647.57,7560244,489580793755000.0,,959106.0,0.12689999999999999
2011-04-27,APIL,EQ,631.7,635.0,656.7,625.05,633.4,635.0,641.0,2449550,157015997185000.0,,165249.0,0.0675
2011-04-28,APIL,EQ,635.0,639.4,649.75,623.5,625.0,626.5,636.38,738187,46976583190000.0,,169713.0,0.2299
2011-04-29,APIL,EQ,626.5,627.0,634.9,610.0,615.7,615.6,620.6,630647,39137977540000.0,,114760.0,0.182
2011-05-02,APIL,EQ,615.6,616.5,623.4,612.05,615.6,615.5,616.43,244134,15049202855000.002,,87487.0,0.35840000000000005
2011-05-03,APIL,EQ,615.5,615.0,617.85,581.0,582.0,587.65,601.19,301338,18116196010000.0,,89587.0,0.2973
2011-05-04,APIL,EQ,587.65,587.05,587.05,568.95,574.4,575.7,575.44,250411,14409638790000.0,,66943.0,0.26730000000000004
2011-05-05,APIL,EQ,575.7,577.0,611.3,572.5,587.0,587.3,598.22,774187,46313408070000.0,,62867.0,0.0812
2011-05-06,APIL,EQ,587.3,592.2,604.5,584.0,599.0,597.15,595.35,218654,13017504055000.0,,40363.0,0.18460000000000001
2011-05-06,APIL,EQ,587.3,592.2,604.5,584.0,599.0,597.15,595.35,218654,13017504055000.0,,40363.0,0.18460000000000001
2011-05-09,APIL,EQ,597.15,603.4,603.4,582.8,585.0,584.45,588.38,128669,7570591065000.001,,31743.0,0.24670000000000003
2011-05-10,APIL,EQ,584.45,585.0,594.5,581.15,585.8,585.5,588.99,145982,8598220700000.0,,55145.0,0.3778
2011-05-11,APIL,EQ,585.5,590.0,596.3,585.0,588.0,587.65,590.4,240639,14207412125000.0,,142844.0,0.5936
2011-05-12,APIL,EQ,587.65,580.2,592.8,567.0,578.05,579.3,584.31,210843,12319816110000.0,,80505.0,0.38180000000000003
2011-05-13,APIL,EQ,579.3,582.1,594.65,574.05,584.25,585.25,584.58,227497,13298980460000.0,,84448.0,0.3712
2011-05-16,APIL,EQ,585.25,580.7,588.0,574.0,574.0,575.95,579.47,92498,5359947635000.0,,23320.0,0.2521
2011-05-17,APIL,EQ,575.95,579.0,582.95,570.9,573.3,573.9,576.08,89784,5172299360000.0,,27910.0,0.3109
2011-05-18,APIL,EQ,573.9,575.5,577.8,555.15,560.0,561.0,562.64,136814,7697672595000.0,,36742.0,0.2686
2011-05-19,APIL,EQ,561.0,563.9,565.0,546.35,554.5,552.45,553.94,81102,4492568685000.0,,27644.0,0.34090000000000004
2011-05-20,APIL,EQ,552.45,552.05,570.0,552.05,564.7,563.05,563.76,125684,7085546134999.999,,35552.0,0.2829
2011-05-23,APIL,EQ,563.05,559.6,559.6,541.1,544.0,546.4,547.67,108609,5948200440000.0,,45422.0,0.4182
2011-05-24,APIL,EQ,546.4,551.0,563.25,535.3,553.0,553.0,552.89,141639,7831115550000.0,,20241.0,0.1429
2011-05-25,APIL,EQ,553.0,543.05,560.0,542.2,543.0,544.05,548.97,62841,3449807070000.0005,,13190.0,0.20989999999999998
2011-05-26,APIL,EQ,544.05,545.05,550.0,535.9,543.15,541.15,541.03,105431,5704117185000.0,,56348.0,0.5345000000000001
2011-05-27,APIL,EQ,541.15,550.0,559.05,543.55,547.05,546.05,549.56,210723,11580402995000.0,,117982.0,0.5599000000000001
2011-05-30,APIL,EQ,546.05,557.95,564.5,547.1,548.45,548.7,550.14,111996,6161350340000.0,,72114.0,0.6439
2011-05-31,APIL,EQ,548.7,554.95,568.4,551.25,564.0,564.2,562.16,166128,9339083930000.0,,35941.0,0.2163
2011-06-01,APIL,EQ,564.2,568.95,582.8,564.95,577.0,575.65,576.6,211045,12168844975000.0,5589.0,68445.0,0.3243
2011-06-02,APIL,EQ,575.65,571.0,587.7,565.55,577.2,577.2,579.09,182407,10563033345000.0,5341.0,34943.0,0.1916
2011-06-03,APIL,EQ,577.2,571.05,588.0,566.0,572.5,570.2,576.41,89766,5174190830000.0,2993.0,21098.0,0.23500000000000001
2011-06-06,APIL,EQ,570.2,567.35,573.4,562.0,570.8,570.7,567.94,46155,2621347470000.0,1675.0,13609.0,0.2949
2011-06-07,APIL,EQ,570.7,574.8,577.95,568.45,573.5,573.5,573.88,66335,3806857495000.0005,3022.0,16374.0,0.2468
2011-06-08,APIL,EQ,573.5,574.0,578.5,568.6,570.0,570.5,572.63,48715,2789553555000.0,1430.0,15029.0,0.3085
2011-06-09,APIL,EQ,570.5,572.0,578.0,562.5,574.4,573.55,571.82,71273,4075542760000.0,2301.0,26619.0,0.3735
2011-06-10,APIL,EQ,573.55,570.15,577.7,566.0,566.2,567.75,570.58,40574,2315068595000.0,1369.0,12957.0,0.31930000000000003
2011-06-13,APIL,EQ,567.75,566.05,576.9,563.25,569.0,570.5,570.4,42152,2404350540000.0,1939.0,10740.0,0.2548
2011-06-14,APIL,EQ,570.5,572.0,586.4,572.0,578.45,577.6,581.41,165650,9631073820000.0,5334.0,51732.0,0.3123
2011-06-15,APIL,EQ,577.6,578.15,583.7,564.3,564.3,565.9,570.13,198491,11316524635000.0,6639.0,105613.0,0.5321
2011-06-16,APIL,EQ,565.9,565.95,568.8,558.6,560.1,562.1,562.4,97063,5458835010000.0,6473.0,41701.0,0.42960000000000004
2011-06-17,APIL,EQ,562.1,562.1,565.9,553.95,554.25,556.55,558.13,37091,2070174910000.0002,1761.0,10896.0,0.2938
2011-06-20,APIL,EQ,556.55,560.0,560.0,491.95,523.0,523.25,524.17,231604,12140024460000.0,7271.0,115091.0,0.4969
2011-06-21,APIL,EQ,523.25,526.4,532.65,519.2,520.0,523.4,526.49,69908,3680593165000.0,2857.0,19196.0,0.2746
2011-06-22,APIL,EQ,523.4,527.0,529.6,510.0,512.0,515.25,515.68,108193,5579293185000.0,3967.0,54604.0,0.5047
2011-06-23,APIL,EQ,515.25,520.0,520.0,502.25,505.5,505.15,509.53,72775,3708069154999.9995,3272.0,23843.0,0.3276
2011-06-24,APIL,EQ,505.15,510.1,524.45,504.6,510.3,508.15,511.0,245064,12522753245000.0,5235.0,142409.0,0.5811000000000001
2011-06-27,APIL,EQ,508.15,513.85,533.0,508.0,518.05,515.2,520.41,401470,20892844390000.0,9117.0,152493.0,0.37979999999999997
2011-06-28,APIL,EQ,515.2,521.8,535.0,517.0,534.5,532.25,528.22,166732,8807043315000.0,5791.0,48763.0,0.2925
2011-06-29,APIL,EQ,532.25,521.0,532.5,511.1,524.2,524.35,526.28,137456,7234081280000.0,4771.0,40468.0,0.2944
2011-06-30,APIL,EQ,524.35,528.0,529.8,509.05,512.5,512.15,516.46,316617,16351882405000.002,5593.0,172643.0,0.5453
2011-07-01,APIL,EQ,512.15,516.1,527.85,515.8,527.7,526.05,523.52,173451,9080555120000.0,5389.0,45702.0,0.2635
2011-07-04,APIL,EQ,526.05,528.2,543.0,522.5,537.5,536.7,535.71,280330,15017452840000.0,6894.0,72237.0,0.2577
2011-07-05,APIL,EQ,536.7,536.0,541.55,531.5,532.95,533.35,535.87,145864,7816473370000.0,4589.0,37767.0,0.2589
2011-07-06,APIL,EQ,533.35,539.5,539.5,522.1,524.0,523.8,526.55,98602,5191850905000.0,4122.0,35593.0,0.36100000000000004
2011-07-07,APIL,EQ,523.8,526.95,533.75,524.0,531.0,528.65,528.91,143557,7592865950000.0,4661.0,52822.0,0.368
2011-07-08,APIL,EQ,528.65,530.5,539.65,528.25,532.3,533.55,535.25,203761,10906286780000.0,5803.0,78314.0,0.38430000000000003
2011-07-11,APIL,EQ,533.55,530.55,534.9,525.6,529.15,530.05,529.66,81338,4308181100000.0,3303.0,38873.0,0.4779
2011-07-12,APIL,EQ,530.05,530.0,543.75,524.05,531.6,533.55,535.19,260642,13949188250000.0,7437.0,68740.0,0.2637
2011-07-13,APIL,EQ,533.55,541.95,562.2,536.0,560.0,557.1,549.2,375931,20646136750000.0,12931.0,135883.0,0.3615
2011-07-14,APIL,EQ,557.1,550.25,576.0,550.25,567.8,568.6,566.06,394689,22341671060000.0,9842.0,135438.0,0.3432
2011-07-15,APIL,EQ,568.6,569.75,577.8,567.2,576.0,574.35,572.95,189320,10847072700000.0,5071.0,91122.0,0.48130000000000006
2011-07-18,APIL,EQ,574.35,576.9,613.9,576.0,604.75,606.55,599.86,692757,41555551005000.0,21807.0,235216.0,0.3395
2011-07-19,APIL,EQ,606.55,606.0,610.7,584.15,586.0,587.85,595.15,459478,27346058650000.0,12895.0,104578.0,0.22760000000000002
2011-07-20,APIL,EQ,587.85,590.1,595.9,573.0,576.0,577.55,583.67,196435,11465243270000.0,6579.0,49408.0,0.2515
2011-07-21,APIL,EQ,577.55,579.85,586.0,573.1,578.0,578.85,579.45,128669,7455693290000.001,5791.0,49722.0,0.3864
2011-07-22,APIL,EQ,578.85,584.7,594.65,580.0,589.9,592.45,589.2,247884,14605361825000.0,6232.0,91484.0,0.3691
2011-07-25,APIL,EQ,592.45,587.0,589.65,566.95,575.5,574.9,574.91,454470,26128139700000.0,9820.0,270844.0,0.596
2011-07-26,APIL,EQ,574.9,574.9,577.35,557.35,559.0,559.65,566.65,835350,47334762905000.0,13157.0,411859.0,0.493
2011-07-27,APIL,EQ,559.65,550.0,574.85,537.65,562.45,560.15,557.87,967497,53973734990000.0,25171.0,184559.0,0.1908
2011-07-28,APIL,EQ,560.15,552.25,579.0,531.0,572.0,574.85,566.18,460943,26097739095000.0,14854.0,130641.0,0.2834
2011-07-29,APIL,EQ,574.85,571.6,585.4,566.1,571.0,571.8,577.34,235678,13606668530000.002,9051.0,60618.0,0.2572
2011-08-01,APIL,EQ,571.8,572.0,598.0,570.8,597.0,595.15,589.19,285560,16824800250000.0,9595.0,96641.0,0.33840000000000003
2011-08-02,APIL,EQ,595.15,598.4,598.55,576.05,582.0,583.9,585.16,129947,7604015680000.0,5780.0,26219.0,0.2018
2011-08-03,APIL,EQ,583.9,575.2,591.8,571.15,588.65,587.4,584.13,151635,8857517215000.0,7595.0,31117.0,0.2052
2011-08-04,APIL,EQ,587.4,588.9,597.8,577.65,580.7,580.35,589.02,111260,6553416575000.0,4288.0,21156.0,0.19010000000000002
2011-08-05,APIL,EQ,580.35,560.0,573.75,539.05,552.45,551.95,551.9,215836,11911966950000.0,8330.0,64975.0,0.30100000000000005
2011-08-08,APIL,EQ,551.95,540.0,558.35,531.5,550.0,550.95,545.44,90114,4915161855000.0,5225.0,15640.0,0.1736
2011-08-09,APIL,EQ,550.95,540.0,547.95,521.5,533.0,533.2,538.17,159016,8557829159999.999,5977.0,68086.0,0.4282
2011-08-09,APIL,EQ,550.95,540.0,547.95,521.5,533.0,533.2,538.17,159016,8557829159999.999,5977.0,68086.0,0.4282
2011-08-10,APIL,EQ,533.2,574.35,608.85,540.1,551.0,550.95,549.54,102986,5659457285000.0,4691.0,25943.0,0.2519
2011-08-11,APIL,EQ,550.95,543.0,555.0,543.0,551.0,549.4,549.06,69385,3809646850000.0,5343.0,15442.0,0.22260000000000002
2011-08-12,APIL,EQ,549.4,561.95,561.95,546.0,546.5,549.75,553.99,49024,2715893330000.0,3000.0,9532.0,0.19440000000000002
2011-08-16,APIL,EQ,549.75,555.0,557.85,526.55,528.95,529.8,539.21,103093,5558843850000.0,8258.0,23576.0,0.22870000000000001
2011-08-17,APIL,EQ,529.8,537.05,537.05,522.0,534.0,533.15,529.23,129948,6877223490000.001,8466.0,48064.0,0.3699
2011-08-18,APIL,EQ,533.15,536.65,536.65,512.6,520.0,515.85,518.86,76508,3969725145000.0005,5092.0,20056.0,0.2621
2011-08-19,APIL,EQ,515.85,508.0,517.0,495.95,515.0,511.9,506.38,123752,6266597525000.0,8228.0,40795.0,0.3297
2011-08-22,APIL,EQ,511.9,514.45,527.05,511.1,526.0,522.8,519.66,53361,2772942775000.0,4737.0,11509.0,0.2157
2011-08-23,APIL,EQ,522.8,529.0,536.0,524.0,533.35,532.25,531.67,41750,2219716690000.0,3821.0,6943.0,0.1663
2011-08-24,APIL,EQ,532.25,535.0,542.05,527.45,529.0,532.55,535.76,36634,1962715700000.0,3928.0,7773.0,0.2122
2011-08-25,APIL,EQ,532.55,532.95,539.45,515.5,517.75,519.65,524.08,70262,3682297400000.0,4609.0,22610.0,0.32180000000000003
2011-08-26,APIL,EQ,519.65,515.5,516.95,491.6,499.0,499.25,503.1,76625,3855035800000.0,4042.0,46949.0,0.6127
2011-08-29,APIL,EQ,499.25,510.05,524.35,502.0,522.0,521.9,512.93,82946,4254524065000.0,4417.0,24217.0,0.292
2011-08-30,APIL,EQ,521.9,526.8,528.7,510.6,518.05,519.45,519.4,41899,2176231139999.9998,3009.0,7651.0,0.1826
2011-09-02,APIL,EQ,519.45,517.0,534.7,510.5,526.9,526.75,525.81,48949,2573810560000.0,3089.0,19053.0,0.38920000000000005
2011-09-05,APIL,EQ,526.75,519.65,550.0,518.0,542.0,540.15,537.52,53243,2861929555000.0,2970.0,12412.0,0.2331
2011-09-06,APIL,EQ,540.15,531.1,546.3,531.1,539.9,538.25,538.64,28225,1520304335000.0,1902.0,5969.0,0.2115
2011-09-07,APIL,EQ,538.25,540.3,558.0,539.1,554.9,553.0,552.06,49630,2739873700000.0,2732.0,12600.0,0.2539
2011-09-08,APIL,EQ,553.0,556.0,574.0,554.15,562.85,558.6,563.44,76152,4290722645000.0005,3648.0,15567.0,0.20440000000000003
2011-09-09,APIL,EQ,558.6,558.8,559.95,542.5,542.5,546.85,552.53,62961,3478811475000.0,2960.0,19660.0,0.3123
2011-09-12,APIL,EQ,546.85,545.0,545.0,516.2,516.75,520.25,525.66,80901,4252604415000.0,3721.0,28243.0,0.34909999999999997
2011-09-13,APIL,EQ,520.25,521.0,534.05,521.0,527.8,526.85,528.95,66533,3519260625000.0,4389.0,24608.0,0.3699
2011-09-14,APIL,EQ,526.85,527.55,533.95,521.0,532.0,529.8,528.0,30970,1635212260000.0,2589.0,5122.0,0.1654
2011-09-15,APIL,EQ,529.8,522.0,534.55,522.0,532.0,530.8,527.9,34479,1820139500000.0,3099.0,4591.0,0.1332
2011-09-16,APIL,EQ,530.8,532.5,540.0,525.0,526.95,527.85,531.53,35811,1903472470000.0,2009.0,11468.0,0.32020000000000004
2011-09-19,APIL,EQ,527.85,525.25,533.2,522.05,530.3,529.75,528.66,25315,1338296630000.0,2064.0,4292.0,0.16949999999999998
2011-09-20,APIL,EQ,529.75,532.5,554.7,527.95,552.1,551.0,544.14,91292,4967582235000.0,4677.0,19181.0,0.2101
2011-09-21,APIL,EQ,551.0,552.4,555.9,543.0,545.0,546.85,549.79,52364,2878900900000.0,3328.0,14641.0,0.2796
2011-09-22,APIL,EQ,546.85,532.6,540.55,528.0,532.5,531.85,532.72,42251,2250806100000.0,2708.0,14208.0,0.33630000000000004
2011-09-23,APIL,EQ,531.85,523.25,529.8,516.0,516.1,519.8,522.73,66913,3497734920000.0005,3095.0,36227.0,0.5414
2011-09-26,APIL,EQ,519.8,522.05,522.05,505.25,512.0,516.3,513.53,43680,2243082685000.0,3173.0,6472.0,0.1482
2011-09-27,APIL,EQ,516.3,519.3,527.0,519.1,523.8,524.3,522.68,39178,2047767845000.0,2101.0,12704.0,0.3243
2011-09-28,APIL,EQ,524.3,523.95,529.5,506.5,509.95,511.95,516.34,45039,2325536940000.0,2976.0,15077.0,0.3348
2011-09-29,APIL,EQ,511.95,509.0,524.5,504.05,521.0,520.3,513.8,54378,2793951110000.0,3834.0,13406.0,0.2465
2011-09-30,APIL,EQ,520.3,517.9,533.2,516.0,520.0,519.9,523.94,42435,2223345415000.0,4206.0,11416.0,0.269
2011-10-03,APIL,EQ,519.9,515.05,518.0,509.0,512.25,513.7,512.67,22455,1151192490000.0,1423.0,6902.0,0.3074
2011-10-04,APIL,EQ,513.7,510.95,517.8,500.0,503.05,507.1,509.46,32405,1650918910000.0,2443.0,8875.0,0.27390000000000003
2011-10-05,APIL,EQ,507.1,509.85,514.85,487.0,491.0,492.25,498.69,53447,2665339910000.0,3804.0,20918.0,0.3914
2011-10-07,APIL,EQ,492.25,500.05,516.5,500.05,514.0,513.85,508.33,43977,2235493825000.0,3320.0,16924.0,0.3848
2011-10-10,APIL,EQ,513.85,512.95,534.0,512.9,529.05,525.65,520.54,37443,1949044405000.0,2536.0,13560.0,0.3622
2011-10-11,APIL,EQ,525.65,530.0,536.0,520.3,527.0,530.15,527.88,47400,2502151265000.0,3387.0,10521.0,0.222
2011-10-12,APIL,EQ,530.15,527.55,548.05,525.2,546.2,543.55,535.58,51558,2761337900000.0,2923.0,16422.0,0.3185
2011-10-13,APIL,EQ,543.55,545.0,549.4,538.0,538.1,541.95,543.39,30379,1650776140000.0,2372.0,6195.0,0.2039
2011-10-14,APIL,EQ,541.95,534.0,556.0,534.0,545.0,546.15,549.54,54530,2996638290000.0,3216.0,10992.0,0.2016
2011-10-17,APIL,EQ,546.15,549.45,551.4,538.0,540.0,540.1,542.23,20480,1110482800000.0,1016.0,9869.0,0.4819
2011-10-18,APIL,EQ,540.1,513.1,540.4,513.1,521.3,523.7,529.22,20418,1080567435000.0,1657.0,9693.0,0.4747
2011-10-19,APIL,EQ,523.7,527.9,531.0,521.1,526.5,527.2,525.97,30981,1629518305000.0,10039.0,12282.0,0.39640000000000003
2011-10-20,APIL,EQ,527.2,525.0,528.0,511.5,520.0,521.45,523.55,15540,813594655000.0,1245.0,4284.0,0.2757
2011-10-21,APIL,EQ,521.45,530.0,530.0,518.1,518.2,522.85,524.98,27554,1446517855000.0,2230.0,7832.0,0.2842
2011-10-24,APIL,EQ,522.85,522.8,529.6,510.05,512.9,513.05,517.8,49313,2553438030000.0,3401.0,17565.0,0.35619999999999996
2011-10-24,APIL,EQ,522.85,522.8,529.6,510.05,512.9,513.05,517.8,49313,2553438030000.0,3401.0,17565.0,0.35619999999999996
2011-10-25,APIL,EQ,513.05,511.0,527.9,501.1,521.0,523.1,518.74,96063,4983219070000.0,4499.0,14245.0,0.14830000000000002
2011-10-26,APIL,EQ,523.1,530.0,538.8,523.2,530.05,530.9,529.46,13756,728331605000.0,647.0,7428.0,0.54
2011-10-28,APIL,EQ,530.9,535.0,544.2,528.5,534.0,533.75,535.52,84395,4519514620000.0,4594.0,54210.0,0.6423000000000001
2011-10-31,APIL,EQ,533.75,533.75,537.45,531.0,533.7,533.25,533.57,25456,1358265410000.0,1821.0,10667.0,0.419
2011-11-01,APIL,EQ,533.25,533.0,533.0,519.0,519.5,521.9,526.31,26293,1383839565000.0,2489.0,12938.0,0.49210000000000004
2011-11-02,APIL,EQ,521.9,516.7,532.4,516.7,525.85,523.7,523.22,23583,1233915275000.0,1917.0,5343.0,0.2266
2011-11-03,APIL,EQ,523.7,523.0,532.0,521.2,530.0,528.0,524.08,54377,2849816250000.0,1744.0,38374.0,0.7057
2011-11-04,APIL,EQ,528.0,532.9,543.55,528.0,530.0,533.5,537.76,85380,4591415520000.0,3987.0,25162.0,0.2947
2011-11-08,APIL,EQ,533.5,536.0,541.45,530.8,534.15,534.9,535.97,33282,1783798895000.0,2688.0,7084.0,0.21280000000000002
2011-11-09,APIL,EQ,534.9,539.85,539.85,518.05,522.5,524.85,533.08,28112,1498595260000.0,2883.0,12467.0,0.4435
2011-11-11,APIL,EQ,524.85,522.9,525.25,515.3,516.0,517.45,518.89,24501,1271338290000.0,3476.0,11100.0,0.45299999999999996
2011-11-14,APIL,EQ,517.45,527.15,527.15,512.55,514.7,514.0,516.21,43225,2231321675000.0,1266.0,33393.0,0.7725
2011-11-15,APIL,EQ,514.0,511.0,522.5,504.25,519.0,515.25,516.19,43579,2249506410000.0,4495.0,12772.0,0.29309999999999997
2011-11-16,APIL,EQ,515.25,524.8,524.8,491.0,495.95,494.85,500.19,83617,4182436695000.0005,4602.0,41743.0,0.49920000000000003
2011-11-17,APIL,EQ,494.85,489.95,492.0,441.0,450.55,451.35,453.12,349169,15821699669999.998,13367.0,118771.0,0.34020000000000006
2011-11-18,APIL,EQ,451.35,448.0,485.5,421.25,443.65,441.65,433.79,147281,6388931460000.0,8002.0,13571.0,0.09210000000000002
2011-11-21,APIL,EQ,441.65,432.35,445.65,426.05,431.0,429.65,435.49,53267,2319746240000.0,3611.0,7866.0,0.1477
2011-11-22,APIL,EQ,429.65,429.85,434.9,424.0,432.0,430.0,430.16,59310,2551258580000.0,3217.0,17865.0,0.3012
2011-11-23,APIL,EQ,430.0,430.1,430.1,415.2,419.0,420.9,422.42,60856,2570656490000.0,2227.0,25203.0,0.41409999999999997
2011-11-24,APIL,EQ,420.9,420.0,439.0,397.15,427.15,423.1,415.37,283330,11768627050000.0,11758.0,135427.0,0.478
2011-11-25,APIL,EQ,423.1,416.05,425.95,409.45,414.0,414.05,414.99,130028,5395999305000.0,5700.0,61008.0,0.4692
2011-11-28,APIL,EQ,414.05,420.7,425.0,407.6,415.0,414.9,415.43,164571,6836832795000.0,6653.0,87709.0,0.533
2011-11-29,APIL,EQ,414.9,419.4,421.7,392.1,394.9,394.05,400.71,262324,10511516375000.0,11015.0,115765.0,0.4413
2011-11-30,APIL,EQ,394.05,394.0,394.0,375.1,385.0,382.8,380.35,257114,9779204865000.0,12727.0,65015.0,0.2529
2011-12-01,APIL,EQ,382.8,399.0,404.9,388.2,389.0,391.55,394.94,159514,6299782035000.0,6017.0,48393.0,0.3034
2011-12-02,APIL,EQ,391.55,388.3,397.0,377.4,394.3,394.15,386.39,193003,7457518200000.0,11979.0,53436.0,0.27690000000000003
2011-12-05,APIL,EQ,394.15,390.55,404.0,389.0,389.65,390.7,394.22,116313,4585254805000.0,6489.0,41298.0,0.35509999999999997
2011-12-07,APIL,EQ,390.7,392.0,398.9,382.05,383.4,384.3,388.23,172628,6701929325000.0,9332.0,100576.0,0.5826
2011-12-08,APIL,EQ,384.3,382.85,384.95,360.1,361.5,362.5,370.95,168496,6250335745000.0,11592.0,72431.0,0.4299
2011-12-09,APIL,EQ,362.5,361.8,363.35,352.1,357.65,357.45,357.5,108458,3877324254999.9995,6728.0,38165.0,0.3519
2011-12-12,APIL,EQ,357.45,365.0,365.0,351.9,353.5,353.75,355.64,53872,1915912430000.0,3714.0,14831.0,0.27530000000000004
2011-12-13,APIL,EQ,353.75,348.45,363.85,346.3,361.2,359.05,353.39,65539,2316084190000.0,3852.0,21693.0,0.331
2011-12-14,APIL,EQ,359.05,358.95,359.8,343.0,343.0,347.0,351.75,129601,4558681650000.0,7208.0,59150.0,0.45640000000000003
2011-12-15,APIL,EQ,347.0,342.0,343.25,324.0,330.85,326.4,330.23,129564,4278586935000.0,5823.0,60617.0,0.4679
2011-12-16,APIL,EQ,326.4,334.0,337.0,317.5,317.5,319.5,328.64,102866,3380600354999.9995,14239.0,44399.0,0.4316
2011-12-19,APIL,EQ,319.5,319.0,319.0,298.5,300.55,304.7,304.57,86723,2641295915000.0,4689.0,32790.0,0.37810000000000005
2011-12-20,APIL,EQ,304.7,306.0,308.8,290.3,297.0,299.15,298.58,102188,3051096610000.0,5994.0,26859.0,0.26280000000000003
2011-12-21,APIL,EQ,299.15,307.45,307.45,291.0,296.0,299.1,298.02,135603,4041220645000.0005,7109.0,62448.0,0.46049999999999996
2011-12-22,APIL,EQ,299.1,294.0,314.0,289.0,311.2,311.25,302.74,174186,5273272135000.0,7340.0,22804.0,0.1309
2011-12-23,APIL,EQ,311.25,314.8,324.7,306.1,307.0,309.8,318.03,165110,5251054480000.0,6222.0,58519.0,0.3544
2011-12-26,APIL,EQ,309.8,309.0,314.0,306.2,310.0,309.15,310.29,56400,1750045845000.0,3159.0,17243.0,0.3057
2011-12-27,APIL,EQ,309.15,308.65,314.0,296.1,300.9,299.35,304.41,84497,2572214250000.0,3958.0,32703.0,0.387
2011-12-28,APIL,EQ,299.35,301.6,301.6,285.4,292.0,290.0,292.09,87530,2556677045000.0,3387.0,38974.0,0.44530000000000003
2011-12-29,APIL,EQ,290.0,286.0,297.8,286.0,291.0,293.25,293.16,118928,3486470490000.0,4381.0,45408.0,0.38180000000000003
2011-12-30,APIL,EQ,293.25,294.0,299.4,285.0,298.2,296.3,293.38,72991,2141413120000.0,3408.0,24810.0,0.33990000000000004
2012-01-02,APIL,EQ,296.3,295.0,301.45,291.0,299.9,299.1,298.11,26590,792686485000.0,1997.0,6810.0,0.2561
2012-01-03,APIL,EQ,299.1,300.0,313.25,298.05,312.95,311.35,309.45,118527,3667804135000.0,4763.0,38492.0,0.3248
2012-01-04,APIL,EQ,311.35,313.95,322.5,310.5,314.25,315.3,315.49,95058,2998937780000.0,4183.0,24582.0,0.2586
2012-01-05,APIL,EQ,315.3,315.05,322.0,308.1,312.2,312.55,316.33,60436,1911794925000.0,4024.0,11030.0,0.1825
2012-01-06,APIL,EQ,312.55,311.95,318.25,301.0,308.0,307.1,306.5,90356,2769378855000.0,4517.0,18676.0,0.20670000000000002
2012-01-07,APIL,EQ,307.1,309.65,312.0,306.3,310.0,309.65,309.15,5823,180019030000.0,320.0,2131.0,0.36600000000000005
2012-01-09,APIL,EQ,309.65,309.0,332.4,306.15,327.05,327.9,324.92,206913,6722968484999.999,9035.0,31777.0,0.1536
2012-01-10,APIL,EQ,327.9,329.9,342.0,329.85,340.6,340.5,339.12,190877,6472946515000.0,6393.0,55363.0,0.29
2012-01-11,APIL,EQ,340.5,342.95,369.4,335.0,360.0,363.2,353.37,205863,7274680950000.0,7896.0,35606.0,0.17300000000000001
2012-01-12,APIL,EQ,363.2,363.0,368.4,347.0,351.0,351.75,356.42,129158,4603430750000.0,7237.0,29753.0,0.2304
2012-01-13,APIL,EQ,351.75,353.0,373.0,352.1,371.0,371.25,364.88,163070,5950104415000.0,6611.0,59456.0,0.36460000000000004
2012-01-16,APIL,EQ,371.25,369.8,388.75,366.2,386.5,385.85,379.13,401846,15235233294999.998,10520.0,137246.0,0.34149999999999997
2012-01-17,APIL,EQ,385.85,389.9,397.0,388.0,391.5,392.2,392.3,149468,5863585070000.0,6085.0,46370.0,0.3102
2012-01-18,APIL,EQ,392.2,394.7,394.7,362.5,368.0,371.0,376.32,122086,4594309660000.0,4802.0,56455.0,0.46240000000000003
2012-01-19,APIL,EQ,371.0,371.25,384.9,371.25,375.1,377.5,379.46,99874,3789821895000.0005,3820.0,22967.0,0.23
2012-01-20,APIL,EQ,377.5,380.0,391.0,377.85,379.05,379.55,385.22,83191,3204720845000.0,3967.0,17167.0,0.2064
2012-01-23,APIL,EQ,379.55,381.8,383.5,366.65,371.0,371.8,371.78,64780,2408399690000.0,3088.0,17060.0,0.2634
2012-01-24,APIL,EQ,371.8,376.0,387.0,372.0,378.35,378.6,378.68,184507,6986823205000.0,6478.0,24652.0,0.1336
2012-01-25,APIL,EQ,378.6,379.0,386.55,364.0,366.05,366.8,373.11,261465,9755464075000.0,8660.0,95276.0,0.3644
2012-01-27,APIL,EQ,366.8,362.0,370.4,352.55,354.0,354.2,357.89,157388,5632765260000.0,6143.0,58866.0,0.374
2012-01-30,APIL,EQ,354.2,352.0,352.0,330.0,335.0,333.0,341.13,105368,3594399595000.0005,4428.0,48119.0,0.45670000000000005
2012-01-31,APIL,EQ,333.0,334.0,342.0,327.0,339.8,336.5,334.7,242857,8128513234999.999,10073.0,95558.0,0.3935
2012-02-01,APIL,EQ,336.5,337.0,354.25,335.1,352.05,350.45,346.87,185763,6443560150000.0,6666.0,35419.0,0.1907
2012-02-02,APIL,EQ,350.45,351.05,374.0,351.0,373.0,370.85,365.02,301230,10995590345000.0,10502.0,75956.0,0.2522
2012-02-03,APIL,EQ,370.85,371.0,380.0,368.3,377.15,377.45,375.76,164532,6182471055000.0,5300.0,52193.0,0.3172
2012-02-06,APIL,EQ,377.45,381.85,387.0,375.5,378.0,378.25,382.42,159188,6087635320000.0,6232.0,63292.0,0.3976
2012-02-07,APIL,EQ,378.25,378.95,386.8,358.1,360.9,363.35,373.66,83093,3104894100000.0,4021.0,29041.0,0.34950000000000003
2012-02-08,APIL,EQ,363.35,364.0,379.5,359.0,375.4,374.75,370.65,128782,4773285290000.0,5262.0,18428.0,0.1431
2012-02-09,APIL,EQ,374.75,376.1,385.45,372.0,380.95,379.6,378.8,235020,8902630675000.0,4551.0,140833.0,0.5992000000000001
2012-02-10,APIL,EQ,379.6,383.95,389.6,367.0,371.85,371.4,378.0,160999,6085707895000.0,6181.0,63374.0,0.3936
2012-02-13,APIL,EQ,371.4,375.6,384.8,362.05,384.0,383.0,376.69,208056,7837276484999.999,7978.0,53807.0,0.2586
2012-02-14,APIL,EQ,383.0,387.0,422.4,387.0,421.6,416.4,411.15,952050,39143795540000.0,27374.0,149436.0,0.157
2012-02-15,APIL,EQ,416.4,427.8,428.7,409.85,418.0,421.8,419.54,353480,14829814400000.0,10777.0,99631.0,0.28190000000000004
2012-02-16,APIL,EQ,421.8,426.4,440.05,417.0,419.0,424.0,430.38,252365,10861405025000.0,7669.0,48647.0,0.19280000000000003
2012-02-17,APIL,EQ,424.0,345.0,442.0,345.0,415.0,418.7,429.59,422722,18159829370000.0,12394.0,118057.0,0.2793
2012-02-21,APIL,EQ,418.7,419.7,424.7,416.1,417.0,417.35,419.64,124274,5215086670000.0,4280.0,48165.0,0.3876
2012-02-22,APIL,EQ,417.35,419.0,422.4,385.5,387.9,388.25,403.2,190638,7686554000000.0,7728.0,61719.0,0.3237
2012-02-23,APIL,EQ,388.25,389.35,392.5,363.05,375.05,369.4,373.34,410836,15338030690000.0,10070.0,214327.0,0.5217
2012-02-24,APIL,EQ,369.4,369.95,383.0,367.15,372.6,371.85,375.48,248579,9333722235000.0,6390.0,107209.0,0.4313
2012-02-27,APIL,EQ,371.85,370.7,374.7,351.1,351.1,353.3,359.67,115483,4153540590000.0,4482.0,36138.0,0.3129
2012-02-28,APIL,EQ,353.3,351.1,372.2,351.1,371.0,370.65,366.35,213843,7834101384999.999,11305.0,81744.0,0.3823
2012-02-29,APIL,EQ,370.65,375.95,384.45,372.0,377.05,377.5,378.11,202447,7654689109999.999,6136.0,50218.0,0.2481
2012-03-01,APIL,EQ,377.5,380.3,382.55,360.5,366.8,367.25,371.03,128925,4783544350000.0,6096.0,35572.0,0.2759
2012-03-02,APIL,EQ,367.25,368.0,374.0,363.35,368.8,367.7,368.72,117291,4324700754999.9995,6252.0,25836.0,0.22030000000000002
2012-03-03,APIL,EQ,367.7,363.0,368.0,362.4,367.65,367.5,367.3,8350,306693355000.0,320.0,3337.0,0.3996
2012-03-05,APIL,EQ,367.5,367.3,378.3,359.05,359.85,360.3,367.62,206355,7585991750000.0,7682.0,50372.0,0.2441
2012-03-06,APIL,EQ,360.3,359.15,371.0,350.4,350.5,352.15,362.09,142552,5161716190000.0,6183.0,24227.0,0.17
2012-03-07,APIL,EQ,352.15,354.0,355.0,343.3,348.5,347.8,347.93,100594,3499979290000.0,5398.0,18688.0,0.1858
2012-03-09,APIL,EQ,347.8,353.8,374.95,353.4,374.7,373.2,365.78,198671,7266919925000.0,10024.0,76749.0,0.38630000000000003
2012-03-12,APIL,EQ,373.2,378.4,381.9,366.7,370.1,373.0,374.85,139914,5244648715000.0,6873.0,21007.0,0.1501
2012-03-13,APIL,EQ,373.0,373.5,394.0,373.5,391.0,388.95,385.74,252240,9729809750000.0,7570.0,58694.0,0.2327
2012-03-14,APIL,EQ,388.95,398.0,399.9,383.95,391.0,390.65,394.7,220940,8720465145000.0,8023.0,52017.0,0.2354
2012-03-15,APIL,EQ,390.65,388.95,388.95,376.1,378.05,379.3,381.89,111012,4239392250000.0,5357.0,30333.0,0.2732
2012-03-16,APIL,EQ,379.3,377.0,388.1,373.0,374.0,376.3,381.3,104060,3967793000000.0,6214.0,21124.0,0.203
2012-03-19,APIL,EQ,376.3,378.65,378.7,362.35,362.5,364.9,368.14,66151,2435261785000.0,3465.0,18299.0,0.2766
2012-03-20,APIL,EQ,364.9,364.85,375.65,360.15,374.6,372.5,369.55,120213,4442472460000.0,5501.0,25389.0,0.21120000000000003
2012-03-21,APIL,EQ,372.5,376.3,386.0,365.2,385.4,383.4,380.29,181850,6915639350000.0,9467.0,25365.0,0.13949999999999999
2012-03-22,APIL,EQ,383.4,384.05,393.8,365.55,367.85,369.0,384.23,193916,7450896409999.999,9333.0,37579.0,0.1938
2012-03-23,APIL,EQ,369.0,371.65,375.95,362.1,367.0,364.75,367.29,142219,5223604260000.0,6948.0,56683.0,0.3986
2012-03-26,APIL,EQ,364.75,366.9,366.9,354.0,355.5,355.95,361.23,90138,3256063185000.0,4725.0,21081.0,0.2339
2012-03-27,APIL,EQ,355.95,357.1,365.0,352.0,356.8,354.0,356.99,116601,4162577465000.0,6309.0,31088.0,0.2666
2012-03-28,APIL,EQ,354.0,352.35,364.2,349.0,349.5,350.7,357.07,161112,5752821565000.0,9341.0,43413.0,0.2695
2012-03-29,APIL,EQ,350.7,346.65,351.95,337.45,344.0,340.25,343.31,179979,6178864745000.0,9029.0,89496.0,0.49729999999999996
2012-03-30,APIL,EQ,340.25,342.1,358.5,342.1,355.5,355.7,352.96,114918,4056184915000.0,4700.0,28879.0,0.25129999999999997
2012-04-02,APIL,EQ,355.7,358.9,364.5,356.0,362.5,361.45,360.42,155532,5605728035000.0,17211.0,60696.0,0.39020000000000005
2012-04-03,APIL,EQ,361.45,364.95,371.95,364.1,367.8,367.45,368.55,346997,12788585355000.0,14419.0,197632.0,0.5695
2012-04-04,APIL,EQ,367.45,363.25,377.8,363.0,365.15,364.4,369.58,260696,9634815240000.0,10273.0,112242.0,0.4305
2012-04-09,APIL,EQ,364.4,366.25,366.25,347.25,350.0,349.05,353.29,169743,5996916470000.0,6985.0,94847.0,0.5588000000000001
2012-04-10,APIL,EQ,349.05,352.55,355.95,345.0,350.0,350.05,350.09,167860,5876604010000.0,7330.0,62650.0,0.37320000000000003
2012-04-11,APIL,EQ,350.05,342.45,354.0,321.3,346.3,346.85,347.73,133519,4642851590000.0,8045.0,36908.0,0.27640000000000003
2012-04-12,APIL,EQ,346.85,347.4,364.9,347.4,363.2,363.5,359.58,339773,12217688945000.0,16703.0,106496.0,0.3134
2012-04-13,APIL,EQ,363.5,366.7,371.8,356.25,357.15,359.45,365.68,301214,11014846575000.0,12390.0,94423.0,0.3135
2012-04-16,APIL,EQ,359.45,362.0,371.0,356.0,368.5,368.9,366.43,348186,12758697815000.0,10092.0,135807.0,0.39
2012-04-17,APIL,EQ,368.9,369.0,387.0,367.0,385.2,385.45,380.27,751850,28590337160000.004,21675.0,251987.0,0.33520000000000005
2012-04-18,APIL,EQ,385.45,389.95,393.9,378.0,378.0,381.0,386.63,394528,15253537580000.002,10906.0,153125.0,0.38810000000000006
2012-04-19,APIL,EQ,381.0,380.0,398.4,376.05,397.35,395.4,388.49,491012,19075227610000.0,13701.0,194285.0,0.3957
2012-04-20,APIL,EQ,395.4,395.0,402.6,382.0,391.85,390.4,394.93,590940,23338167615000.0,16576.0,119369.0,0.20199999999999999
2012-04-23,APIL,EQ,390.4,393.0,401.8,384.65,390.0,389.0,394.12,615332,24251307715000.0,15694.0,154097.0,0.2504
2012-04-24,APIL,EQ,389.0,393.3,407.9,381.0,397.0,395.7,391.25,631338,24701018505000.0,11608.0,200034.0,0.3168
2012-04-25,APIL,EQ,395.7,398.9,413.5,393.4,408.0,408.3,405.92,950829,38596289425000.0,22760.0,175111.0,0.18420000000000003
2012-04-26,APIL,EQ,408.3,408.5,416.5,406.1,408.2,411.35,411.96,737072,30364305764999.996,14656.0,209419.0,0.2841
2012-04-27,APIL,EQ,411.35,412.0,413.4,386.0,392.05,394.45,398.7,305191,12167979035000.0,9067.0,91152.0,0.2987
2012-04-28,APIL,EQ,394.45,393.0,395.9,387.4,393.75,393.5,392.52,34038,1336042735000.0,987.0,10995.0,0.32299999999999995
2012-04-30,APIL,EQ,393.5,396.75,397.6,389.0,393.25,392.15,392.73,105421,4140158125000.0,3680.0,23714.0,0.2249
2012-05-02,APIL,EQ,392.15,392.3,396.85,378.15,380.0,380.2,387.94,153003,5935568730000.0,5466.0,55550.0,0.36310000000000003
2012-05-03,APIL,EQ,380.2,376.3,381.65,365.95,367.5,367.75,373.63,139158,5199341985000.0,5330.0,34268.0,0.2463
2012-05-04,APIL,EQ,367.75,365.15,366.9,351.4,358.4,357.4,357.94,200251,7167783205000.0,6817.0,48635.0,0.2429
2012-05-07,APIL,EQ,357.4,354.0,371.5,349.95,370.9,369.35,360.41,180971,6522357780000.0,5714.0,46137.0,0.2549
2012-05-08,APIL,EQ,369.35,369.6,378.0,357.25,358.0,359.75,369.21,212812,7857284725000.0,6885.0,35452.0,0.1666
2012-05-09,APIL,EQ,359.75,355.05,366.0,351.25,353.0,354.5,359.3,185409,6661719230000.0,7695.0,27017.0,0.1457
2012-05-10,APIL,EQ,354.5,354.55,360.5,347.5,348.85,349.75,354.72,115683,4103539675000.0,4956.0,22124.0,0.1912
2012-05-11,APIL,EQ,349.75,342.55,350.0,340.2,346.0,345.2,344.56,123251,4246713354999.9995,4325.0,14650.0,0.1189
2012-05-14,APIL,EQ,345.2,343.95,354.5,342.3,347.85,349.25,347.74,97860,3403027520000.0005,4480.0,29363.0,0.30010000000000003
2012-05-15,APIL,EQ,349.25,346.0,353.3,344.0,350.1,350.95,350.33,93489,3275243350000.0,3400.0,24329.0,0.2602
2012-05-16,APIL,EQ,350.95,349.7,356.0,344.5,350.0,351.25,351.59,135408,4760860610000.0,4669.0,35060.0,0.2589
2012-05-17,APIL,EQ,351.25,350.25,358.8,341.3,342.9,343.85,350.65,93828,3290067840000.0,4107.0,18577.0,0.198
2012-05-18,APIL,EQ,343.85,338.35,357.0,338.35,356.8,354.0,347.83,149283,5192546660000.0,4449.0,57801.0,0.3872
2012-05-21,APIL,EQ,354.0,357.9,362.2,353.0,358.0,358.1,357.99,99124,3548531985000.0,3977.0,21289.0,0.21480000000000002
2012-05-22,APIL,EQ,358.1,360.7,368.0,359.3,361.05,361.6,364.21,141940,5169600960000.0,4075.0,42589.0,0.3
2012-05-23,APIL,EQ,361.6,358.3,360.95,348.5,350.5,350.6,354.18,105615,3740703454999.9995,5111.0,21739.0,0.20579999999999998
2012-05-24,APIL,EQ,350.6,345.25,359.9,345.25,358.9,358.2,353.82,124558,4407156050000.0,4788.0,26058.0,0.20920000000000002
2012-05-25,APIL,EQ,358.2,357.55,363.45,356.6,362.0,361.8,360.95,87830,3170246010000.0,3674.0,26078.0,0.2969
2012-05-28,APIL,EQ,361.8,364.55,367.7,353.5,355.15,354.55,359.39,132861,4774953145000.0,5007.0,55251.0,0.41590000000000005
2012-05-29,APIL,EQ,354.55,355.0,359.8,354.15,357.75,357.15,357.31,101365,3621884000000.0,3858.0,31647.0,0.3122
2012-05-30,APIL,EQ,357.15,358.0,358.0,346.5,349.0,348.6,351.48,79039,2778051295000.0,3325.0,28075.0,0.3552
2012-05-31,APIL,EQ,348.6,346.65,349.85,341.4,343.5,343.8,345.16,144695,4994345500000.0,4008.0,82365.0,0.5692
2012-06-01,APIL,EQ,343.8,343.5,346.3,335.45,339.0,338.95,340.46,89421,3044383740000.0,3139.0,21103.0,0.23600000000000002
2012-06-04,APIL,EQ,338.95,333.6,337.5,327.65,336.0,335.95,333.07,62814,2092128800000.0,2669.0,25857.0,0.41159999999999997
2012-06-05,APIL,EQ,335.95,336.1,346.85,336.1,343.0,342.3,343.3,119387,4098605685000.0,4063.0,55627.0,0.46590000000000004
2012-06-06,APIL,EQ,342.3,347.0,351.7,342.3,349.95,349.85,347.72,187515,6520292955000.0,6249.0,106380.0,0.5673
2012-06-07,APIL,EQ,349.85,353.75,354.0,346.5,350.0,350.45,350.79,133363,4678286740000.0,3778.0,71221.0,0.534
2012-06-08,APIL,EQ,350.45,347.95,354.95,344.1,350.55,352.9,351.37,201801,7090685855000.0,6708.0,93746.0,0.4645
2012-06-11,APIL,EQ,352.9,356.7,359.45,341.1,345.0,346.3,353.96,140955,4989273850000.0,5604.0,52094.0,0.36960000000000004
2012-06-12,APIL,EQ,346.3,343.3,350.95,338.45,350.5,349.9,348.16,483920,16848098940000.0,5512.0,385357.0,0.7963
2012-06-13,APIL,EQ,349.9,349.9,361.9,349.9,355.9,355.4,357.54,174077,6223887810000.0,6483.0,54926.0,0.3155
2012-06-14,APIL,EQ,355.4,356.05,358.6,343.0,345.0,344.65,349.43,74229,2593792375000.0,3228.0,28148.0,0.37920000000000004
2012-06-15,APIL,EQ,344.65,346.4,358.4,346.1,357.0,356.7,352.51,106835,3766018550000.0,3474.0,49019.0,0.45880000000000004
2012-06-18,APIL,EQ,356.7,360.0,362.5,351.0,355.0,355.35,355.69,156512,5567051390000.0,3477.0,105813.0,0.6761
2012-06-19,APIL,EQ,355.35,352.1,369.0,348.0,366.7,366.6,360.46,178488,6433776070000.0,6239.0,66567.0,0.3729
2012-06-20,APIL,EQ,366.6,369.0,376.9,366.4,372.6,373.05,371.75,226311,8413167675000.0,5651.0,65952.0,0.2914
2012-06-21,APIL,EQ,373.05,373.05,378.5,372.1,373.15,374.25,375.33,116024,4354728345000.0005,3946.0,27476.0,0.2368
2012-06-22,APIL,EQ,374.25,366.25,374.5,363.0,371.4,371.45,370.58,64657,2396036530000.0,2989.0,12586.0,0.19469999999999998
2012-06-25,APIL,EQ,371.45,374.85,379.95,369.35,370.4,371.5,375.65,76375,2869033605000.0,2875.0,21762.0,0.2849
2012-06-26,APIL,EQ,371.5,365.05,373.45,365.0,370.5,370.4,370.7,40023,1483666645000.0,1670.0,14221.0,0.3553
2012-06-27,APIL,EQ,370.4,373.4,387.35,371.15,384.85,384.2,380.2,211581,8044224350000.0,4930.0,76961.0,0.36369999999999997
2012-06-28,APIL,EQ,384.2,389.8,392.25,376.0,381.95,379.05,381.75,141463,5400410605000.0,4901.0,50539.0,0.35729999999999995
2012-06-29,APIL,EQ,379.05,384.0,394.0,382.05,391.5,391.35,388.78,117063,4551157845000.0,3287.0,60215.0,0.5144
2012-07-02,APIL,EQ,391.35,387.9,395.8,385.2,386.0,386.3,390.27,151171,5899771325000.0,3613.0,83120.0,0.5498
2012-07-03,APIL,EQ,386.3,387.4,391.35,386.2,388.3,388.95,389.11,120793,4700156180000.0,2194.0,65580.0,0.5429
2012-07-04,APIL,EQ,388.95,390.9,400.8,388.0,400.0,397.3,393.87,212450,8367774120000.0,4460.0,99864.0,0.47009999999999996
2012-07-05,APIL,EQ,397.3,399.7,419.8,398.55,419.2,418.45,414.07,644756,26697453215000.0,12768.0,162171.0,0.2515
2012-07-06,APIL,EQ,418.45,420.0,422.2,407.2,410.0,411.6,414.02,217025,8985184810000.0,5303.0,78866.0,0.36340000000000006
2012-07-09,APIL,EQ,411.6,392.1,411.7,372.95,406.7,408.25,405.51,132338,5366434715000.0,3756.0,66594.0,0.5032
2012-07-10,APIL,EQ,408.25,409.5,422.0,408.8,413.85,413.05,416.76,257992,10752110200000.0,7110.0,57802.0,0.22399999999999998
2012-07-11,AIL,EQ,413.05,414.65,417.0,409.0,409.0,411.5,412.24,55642,2293771005000.0,2018.0,10777.0,0.1937
2012-07-12,AIL,EQ,411.5,409.35,412.0,399.0,405.0,403.65,405.25,63649,2579370360000.0,2559.0,16241.0,0.2552
2012-07-13,AIL,EQ,403.65,405.7,408.5,401.15,402.5,402.65,404.95,34959,1415671785000.0,1757.0,15676.0,0.4484
2012-07-16,AIL,EQ,402.65,402.95,409.65,401.45,404.5,407.15,406.28,92113,3742404020000.0005,2311.0,49227.0,0.5344
2012-07-17,AIL,EQ,407.15,403.0,403.0,383.0,383.7,385.0,392.02,97476,3821275095000.0005,3000.0,50735.0,0.5205
2012-07-18,AIL,EQ,385.0,385.0,391.0,378.0,389.95,387.55,384.71,82410,3170369030000.0,2647.0,42092.0,0.5108
2012-07-19,AIL,EQ,387.55,389.8,396.95,389.8,394.7,394.0,394.08,67473,2659003970000.0,5043.0,26389.0,0.3911
2012-07-20,AIL,EQ,394.0,396.5,399.25,386.3,387.15,388.55,394.22,61359,2418890365000.0,2681.0,24797.0,0.40409999999999996
2012-07-23,AIL,EQ,388.55,385.4,390.0,376.65,377.6,379.0,382.21,30742,1174986930000.0,1960.0,9970.0,0.3243
2012-07-24,AIL,EQ,379.0,379.0,381.85,372.1,380.0,380.15,377.22,72856,2748288935000.0,3516.0,27473.0,0.3771
2012-07-25,AIL,EQ,380.15,379.8,383.0,370.6,380.2,377.1,376.43,131270,4941355100000.0,2556.0,70459.0,0.5367000000000001
2012-07-26,AIL,EQ,377.1,378.1,385.0,373.0,374.1,377.25,377.84,339006,12809019875000.0,5758.0,156454.0,0.4615
2012-07-27,AIL,EQ,377.25,387.2,434.7,357.1,360.4,363.05,373.69,81460,3044083905000.0,2468.0,31565.0,0.3875
2012-07-30,AIL,EQ,363.05,364.1,369.05,345.3,369.05,366.35,357.29,145577,5201346995000.0,3888.0,61854.0,0.42490000000000006
2012-07-31,AIL,EQ,366.35,367.05,367.65,361.4,364.4,364.25,364.23,39854,1451591120000.0,1607.0,12985.0,0.3258
2012-08-01,AIL,EQ,364.25,366.65,386.7,362.2,383.4,384.1,377.18,138718,5232132270000.0,4868.0,43277.0,0.312
2012-08-02,AIL,EQ,384.1,382.1,393.8,379.0,389.9,391.4,387.38,94418,3657576760000.0,2975.0,40706.0,0.4311
2012-08-03,AIL,EQ,391.4,390.0,390.0,382.3,384.3,386.15,386.56,53653,2074007885000.0002,2179.0,18783.0,0.35009999999999997
2012-08-06,AIL,EQ,386.15,388.25,390.9,381.0,382.0,382.6,385.51,43655,1682930000000.0,1257.0,19824.0,0.45409999999999995
2012-08-07,AIL,EQ,382.6,385.15,391.7,381.5,384.0,384.75,387.12,55487,2147992810000.0002,1664.0,13105.0,0.23620000000000002
2012-08-08,AIL,EQ,384.75,384.75,389.6,378.6,379.4,380.45,384.15,30214,1160666360000.0,1170.0,10927.0,0.3617
2012-08-09,AIL,EQ,380.45,381.0,385.2,375.05,377.0,376.35,379.09,37962,1439113630000.0,1488.0,15311.0,0.4033
2012-08-10,AIL,EQ,376.35,377.6,378.8,372.55,373.6,374.85,375.47,33144,1244460170000.0,1732.0,7014.0,0.2116
2012-08-13,AIL,EQ,374.85,372.55,377.0,370.1,370.2,371.5,371.84,26847,998279169999.9999,1109.0,14619.0,0.5445000000000001
2012-08-14,AIL,EQ,371.5,371.5,374.0,367.1,372.0,372.1,372.01,120183,4470945500000.0,1432.0,94920.0,0.7898000000000001
2012-08-16,AIL,EQ,372.1,374.85,385.0,372.05,379.8,377.95,379.74,72087,2737462170000.0,2780.0,20603.0,0.2858
2012-08-17,AIL,EQ,377.95,378.2,389.25,377.95,380.55,382.55,384.17,58894,2262519365000.0,2160.0,19095.0,0.32420000000000004
2012-08-21,AIL,EQ,382.55,382.45,384.55,379.8,382.9,381.65,381.79,24357,929915090000.0,937.0,10041.0,0.4122
2012-08-22,AIL,EQ,381.65,381.4,390.95,377.05,385.15,385.25,387.33,134202,5197992815000.0,3809.0,33464.0,0.2494
2012-08-23,AIL,EQ,385.25,388.95,407.0,386.25,404.6,404.5,399.67,218550,8734839425000.0,10279.0,88492.0,0.40490000000000004
2012-08-24,AIL,EQ,404.5,400.0,405.4,390.3,392.95,392.2,396.25,66832,2648215175000.0,3240.0,24367.0,0.36460000000000004
2012-08-27,AIL,EQ,392.2,392.95,401.8,392.35,398.85,398.55,396.79,127777,5070086635000.0,3750.0,53193.0,0.41630000000000006
2012-08-28,AIL,EQ,398.55,401.0,408.75,384.2,385.45,388.0,396.15,136763,5417852990000.0,4516.0,35969.0,0.263
2012-08-29,AIL,EQ,388.0,387.0,387.95,372.0,372.1,374.4,378.44,74173,2806993945000.0,2520.0,34641.0,0.467
2012-08-30,AIL,EQ,374.4,373.45,380.5,366.2,377.3,377.15,375.08,158854,5958253610000.0,4791.0,73378.0,0.4619
2012-08-31,AIL,EQ,377.15,377.6,380.7,371.8,374.8,374.0,375.15,33225,1246441340000.0,1258.0,18968.0,0.5709000000000001
2012-09-03,AIL,EQ,374.0,373.05,381.25,373.05,376.4,376.55,377.74,36397,1374876355000.0,1418.0,10115.0,0.2779
2012-09-04,AIL,EQ,376.55,375.9,379.9,371.5,378.25,377.0,374.75,25573,958359600000.0,1199.0,9445.0,0.3693
2012-09-05,AIL,EQ,377.0,377.4,383.0,373.1,377.9,377.1,379.54,67980,2580125975000.0,2797.0,15740.0,0.23149999999999998
2012-09-06,AIL,EQ,377.1,377.5,385.0,375.2,379.65,380.45,381.75,69763,2663230265000.0,2683.0,8875.0,0.1272
2012-09-07,AIL,EQ,380.45,384.05,389.0,379.0,380.0,380.4,383.79,69259,2658099860000.0,2593.0,15334.0,0.2214
2012-09-08,AIL,EQ,380.4,381.4,382.0,379.0,380.35,380.15,381.01,3263,124323805000.0,101.0,1965.0,0.6022
2012-09-10,AIL,EQ,380.15,380.6,385.9,379.1,379.1,380.65,382.17,26034,994934635000.0,1340.0,7793.0,0.2993
2012-09-11,AIL,EQ,380.65,380.0,382.2,375.1,375.4,375.7,378.21,36164,1367745505000.0,1785.0,13868.0,0.3835
2012-09-12,AIL,EQ,375.7,377.35,380.6,371.1,373.0,373.25,376.01,80240,3017093945000.0,3222.0,28666.0,0.35729999999999995
2012-09-13,AIL,EQ,373.25,371.85,373.1,364.25,365.5,366.8,369.66,77914,2880142085000.0,3514.0,38402.0,0.4929
2012-09-14,AIL,EQ,366.8,374.35,375.9,370.05,370.1,370.7,372.72,61422,2289336110000.0,2927.0,35217.0,0.5734
2012-09-17,AIL,EQ,370.7,372.6,377.9,369.4,374.0,373.9,373.4,56215,2099054780000.0,2019.0,29007.0,0.516
2012-09-18,AIL,EQ,373.9,375.45,380.85,369.95,380.6,379.6,378.92,65661,2488056650000.0,1867.0,31070.0,0.4732
2012-09-20,AIL,EQ,379.6,379.1,398.8,373.75,395.0,395.05,390.14,203357,7933825095000.0,7049.0,77931.0,0.3832
2012-09-21,AIL,EQ,395.05,398.95,406.7,394.8,403.0,404.55,401.72,127587,5125365265000.0,4257.0,69882.0,0.5477000000000001
2012-09-24,AIL,EQ,404.55,407.35,414.8,402.0,406.85,406.25,409.71,118431,4852229945000.0,4681.0,41203.0,0.3479
2012-09-25,AIL,EQ,406.25,407.95,411.1,400.05,404.0,402.25,405.28,34103,1382120860000.0,1514.0,12435.0,0.36460000000000004
2012-09-26,AIL,EQ,402.25,401.0,404.9,395.55,400.5,401.25,400.17,124404,4978300325000.0,2980.0,79262.0,0.6371
2012-09-27,AIL,EQ,401.25,403.2,408.8,395.5,400.0,400.1,401.4,216861,8704824840000.001,8733.0,125181.0,0.5772
2012-09-28,AIL,EQ,400.1,405.4,410.25,398.1,410.25,403.05,403.39,77229,3115308500000.0,2238.0,49443.0,0.6402
2012-10-01,AIL,EQ,403.05,400.35,415.5,400.3,406.25,407.05,408.97,43941,1797075795000.0,1874.0,19612.0,0.44630000000000003
2012-10-03,AIL,EQ,407.05,407.45,418.0,400.35,410.95,410.45,412.99,43432,1793693725000.0,1579.0,19876.0,0.4576
2012-10-04,AIL,EQ,410.45,415.7,430.0,413.15,418.0,418.3,422.39,90125,3806821295000.0005,2759.0,43875.0,0.4868
2012-10-05,AIL,EQ,418.3,421.0,421.75,403.2,407.1,407.05,410.94,40088,1647367010000.0,1329.0,24028.0,0.5994
2012-10-08,AIL,EQ,407.05,405.3,412.0,401.05,403.3,402.15,406.88,23326,949078540000.0,1005.0,11466.0,0.4916
2012-10-09,AIL,EQ,402.15,403.0,408.05,396.05,401.0,400.35,401.04,44598,1788575030000.0,1444.0,27817.0,0.6237
2012-10-10,AIL,EQ,400.35,399.95,400.7,394.5,395.0,395.2,396.85,26396,1047516194999.9999,775.0,18063.0,0.6843000000000001
2012-10-11,AIL,EQ,395.2,398.95,403.0,391.35,401.0,400.65,399.04,45474,1814579770000.0,1665.0,25658.0,0.5642
2012-10-12,AIL,EQ,400.65,401.1,408.0,398.1,399.0,399.8,403.44,24822,1001411680000.0001,924.0,10913.0,0.4397
2012-10-15,AIL,EQ,399.8,400.35,406.4,399.05,405.0,404.9,403.89,19038,768933085000.0,791.0,12909.0,0.6781
2012-10-16,AIL,EQ,404.9,404.95,414.4,402.25,410.1,411.6,409.94,89050,3650494935000.0,3476.0,63012.0,0.7076000000000001
2012-10-17,AIL,EQ,411.6,416.4,416.4,410.1,414.8,414.1,413.84,37136,1536843610000.0,1926.0,21764.0,0.5861
2012-10-18,AIL,EQ,414.1,416.95,420.0,413.0,419.4,418.85,417.4,26144,1091260655000.0001,1238.0,19063.0,0.7292000000000001
2012-10-19,AIL,EQ,418.85,419.95,426.75,418.15,422.4,421.3,422.85,44136,1866272670000.0,3227.0,24998.0,0.5664
2012-10-22,AIL,EQ,421.3,420.9,426.25,420.0,426.25,424.8,421.56,66673,2810681910000.0,1613.0,58650.0,0.8797
2012-10-23,AIL,EQ,424.8,425.0,428.75,415.0,420.0,418.15,420.29,29311,1231916035000.0,1203.0,15104.0,0.5153
2012-10-25,AIL,EQ,418.15,414.45,426.0,411.1,425.0,421.6,418.06,20024,837115775000.0,1328.0,13202.0,0.6593000000000001
2012-10-26,AIL,EQ,421.6,426.65,432.2,417.0,424.0,423.05,424.81,64314,2732118040000.0,2621.0,46346.0,0.7206
2012-10-29,AIL,EQ,423.05,427.2,428.4,412.65,412.65,415.45,420.21,11999,504209715000.00006,657.0,6818.0,0.5682
2012-10-30,AIL,EQ,415.45,412.4,418.7,408.0,418.0,413.8,412.38,10987,453078180000.0,611.0,4992.0,0.45439999999999997
2012-10-31,AIL,EQ,413.8,412.05,420.1,404.25,411.0,409.15,413.73,88495,3661275704999.9995,1687.0,49312.0,0.5572
2012-11-01,AIL,EQ,409.15,417.7,429.0,414.95,422.2,421.8,423.49,192399,8147924065000.001,5462.0,53292.0,0.277
2012-11-02,AIL,EQ,421.8,425.0,427.4,413.05,413.35,415.75,420.63,26987,1135164300000.0,1060.0,16620.0,0.6159
2012-11-05,AIL,EQ,415.75,408.55,419.8,408.55,419.0,417.6,416.71,19133,797288910000.0,637.0,11115.0,0.5809000000000001
2012-11-06,AIL,EQ,417.6,418.9,421.65,410.65,413.0,412.7,414.46,16557,686227670000.0,731.0,11498.0,0.6944
2012-11-07,AIL,EQ,412.7,412.95,413.0,410.5,411.0,411.1,411.75,31642,1302872315000.0,1304.0,22606.0,0.7144
2012-11-08,AIL,EQ,411.1,410.05,418.0,405.1,416.0,415.25,412.9,23607,974724094999.9999,1254.0,15490.0,0.6562
2012-11-09,AIL,EQ,415.25,411.1,417.9,411.0,411.0,411.3,412.5,12959,534560834999.99994,527.0,8886.0,0.6857
2012-11-12,AIL,EQ,411.3,410.0,418.45,410.0,413.0,414.6,412.79,30513,1259535035000.0,961.0,18369.0,0.6020000000000001
2012-11-13,AIL,EQ,414.6,417.9,423.0,415.2,421.0,420.1,419.23,16007,671064030000.0,697.0,11771.0,0.7354
2012-11-15,AIL,EQ,420.1,419.0,419.0,411.55,417.0,413.85,414.38,15502,642368825000.0,685.0,8767.0,0.5655
2012-11-16,AIL,EQ,413.85,413.05,419.5,408.0,410.0,409.55,413.12,12370,511026850000.0,675.0,8295.0,0.6706000000000001
2012-11-19,AIL,EQ,409.55,409.0,410.85,404.65,409.9,407.45,407.89,10986,448104745000.0,792.0,5293.0,0.4818
2012-11-20,AIL,EQ,407.45,410.0,412.85,406.0,412.0,410.3,409.14,24541,1004067125000.0,509.0,20535.0,0.8368000000000001
2012-11-21,AIL,EQ,410.3,406.9,412.0,406.9,410.0,410.25,410.12,7764,318420400000.0,395.0,4387.0,0.5650000000000001
2012-11-22,AIL,EQ,410.25,418.0,418.25,411.0,414.95,414.85,414.29,16540,685242355000.0,737.0,7863.0,0.4754
2012-11-23,AIL,EQ,414.85,417.55,417.55,408.8,412.0,412.5,411.62,8459,348187785000.0,474.0,4846.0,0.5729
2012-11-26,AIL,EQ,412.5,408.6,415.0,408.6,413.0,411.35,411.86,11892,489782700000.0,508.0,7350.0,0.6181
2012-11-27,AIL,EQ,411.35,415.0,427.0,412.0,427.0,421.35,418.89,29796,1248113570000.0,1186.0,22646.0,0.76
2012-11-29,AIL,EQ,421.35,422.3,432.4,419.75,424.5,422.35,426.5,40707,1736173255000.0,1541.0,19291.0,0.4739
2012-11-30,AIL,EQ,422.35,426.6,428.35,411.4,416.0,418.1,418.53,40632,1700590480000.0,1417.0,23327.0,0.5740999999999999
2012-12-03,AIL,EQ,418.1,420.0,427.4,415.0,419.0,418.5,420.36,33295,1399583170000.0,2572.0,20736.0,0.6228
2012-12-04,AIL,EQ,418.5,422.4,431.0,418.2,423.05,423.45,423.9,52677,2232996260000.0,1619.0,34088.0,0.6470999999999999
2012-12-05,AIL,EQ,423.45,425.25,428.05,418.05,419.1,418.9,421.46,46611,1964490289999.9998,1317.0,32240.0,0.6917
2012-12-06,AIL,EQ,418.9,428.65,428.65,412.1,419.0,418.6,418.46,18390,769551060000.0,1111.0,10051.0,0.5465
2012-12-07,AIL,EQ,418.6,419.35,425.0,418.0,421.0,419.9,421.06,20912,880513925000.0,908.0,11934.0,0.5707
2012-12-10,AIL,EQ,419.9,420.0,420.5,416.0,417.0,416.75,417.64,25712,1073833110000.0,651.0,20307.0,0.7898000000000001
2012-12-11,AIL,EQ,416.75,419.65,419.65,412.5,415.9,414.8,415.8,14549,604948075000.0,633.0,8188.0,0.5628000000000001
2012-12-12,AIL,EQ,414.8,414.4,417.95,411.0,414.0,413.8,414.62,22447,930691690000.0,645.0,9516.0,0.4239
2012-12-13,AIL,EQ,413.8,415.1,417.0,409.0,411.45,410.25,413.58,15548,643040390000.0,808.0,8469.0,0.5447
2012-12-14,AIL,EQ,410.25,410.2,415.0,408.5,412.05,413.0,413.31,11694,483322975000.0,625.0,6909.0,0.5908
2012-12-17,AIL,EQ,413.0,412.45,415.0,408.5,411.0,412.0,412.71,14935,616383360000.0,602.0,8931.0,0.598
2012-12-18,AIL,EQ,412.0,412.15,414.3,407.55,408.1,408.3,408.95,21984,899035625000.0,784.0,15197.0,0.6912999999999999
2012-12-19,AIL,EQ,408.3,409.3,412.9,404.1,404.2,405.2,407.54,19716,803504160000.0,1219.0,13515.0,0.6855
2012-12-20,AIL,EQ,405.2,407.5,407.5,400.4,400.5,401.2,401.87,10434,419314495000.0,477.0,6945.0,0.6656000000000001
2012-12-21,AIL,EQ,401.2,399.35,408.0,396.4,397.0,397.15,400.44,29281,1172532810000.0,1611.0,14763.0,0.5042
2012-12-24,AIL,EQ,397.15,398.1,406.0,389.05,397.9,393.75,394.59,30915,1219865340000.0,943.0,23092.0,0.747
2012-12-26,AIL,EQ,393.75,399.2,409.8,394.1,406.75,405.8,404.69,24208,979676865000.0,1102.0,11155.0,0.4608
2012-12-27,AIL,EQ,405.8,409.6,409.9,393.3,394.0,394.5,398.39,20689,824231365000.0,919.0,15108.0,0.7302
2012-12-28,AIL,EQ,394.5,398.9,402.35,392.0,401.95,399.1,399.14,14353,572880425000.0,961.0,8254.0,0.5751
2012-12-31,AIL,EQ,399.1,397.95,419.0,396.0,408.2,412.2,409.33,53892,2205979420000.0,1805.0,41314.0,0.7666
2013-01-01,AIL,EQ,412.2,412.05,416.25,406.8,409.0,408.75,409.54,13118,537240670000.0,578.0,8021.0,0.6114
2013-01-02,AIL,EQ,408.75,410.55,411.95,401.0,402.2,402.95,406.19,31709,1287973260000.0,945.0,23604.0,0.7444
2013-01-03,AIL,EQ,402.95,405.15,409.3,401.85,404.95,405.6,405.52,14552,590115650000.0,634.0,8126.0,0.5584
2013-01-04,AIL,EQ,405.6,404.5,408.85,402.05,404.0,406.15,406.09,16354,664113695000.0,587.0,10403.0,0.6361
2013-01-07,AIL,EQ,406.15,406.95,410.95,402.0,403.95,403.85,405.77,11712,475237570000.0,506.0,7008.0,0.5984
2013-01-08,AIL,EQ,403.85,405.9,405.9,401.1,403.45,402.9,403.03,7700,310331790000.0,311.0,4110.0,0.5338
2013-01-09,AIL,EQ,402.9,400.0,407.0,397.0,397.5,398.0,401.15,12423,498344909999.99994,577.0,7575.0,0.6098
2013-01-10,AIL,EQ,398.0,403.65,403.65,396.0,398.05,397.9,397.74,16107,640639095000.0,601.0,9200.0,0.5712
2013-01-11,AIL,EQ,397.9,401.85,401.95,393.5,398.0,396.8,396.34,10664,422658890000.00006,413.0,7389.0,0.6929000000000001
2013-01-14,AIL,EQ,396.8,398.35,399.0,393.0,393.95,393.75,394.33,9080,358053885000.0,353.0,6601.0,0.7270000000000001
2013-01-15,AIL,EQ,393.75,397.1,402.7,389.15,392.75,392.25,390.79,185745,7258665215000.001,1346.0,165874.0,0.893
2013-01-16,AIL,EQ,392.25,394.9,396.0,382.0,384.1,382.95,387.15,49300,1908637980000.0,2616.0,35081.0,0.7116
2013-01-17,AIL,EQ,382.95,382.5,386.05,378.0,385.9,383.75,382.8,16227,621161790000.0,775.0,8677.0,0.5347
2013-01-18,AIL,EQ,383.75,385.05,390.0,380.1,383.2,382.5,384.65,10060,386962670000.0,462.0,5384.0,0.5352
2013-01-21,AIL,EQ,382.5,383.5,386.0,381.55,383.0,382.85,383.2,12187,467007495000.0,375.0,8177.0,0.6709999999999999
2013-01-22,AIL,EQ,382.85,383.0,383.95,377.1,378.0,377.9,379.77,14983,569002795000.0,728.0,8244.0,0.5502
2013-01-23,AIL,EQ,377.9,380.5,380.5,375.0,377.0,377.85,376.77,13200,497336675000.0,412.0,8911.0,0.6751
2013-01-24,AIL,EQ,377.85,379.5,385.1,372.65,373.0,377.85,379.22,16990,644299755000.0,630.0,10427.0,0.6137
2013-01-25,AIL,EQ,377.85,375.05,382.0,368.0,375.0,377.25,376.63,12839,483552865000.00006,528.0,7380.0,0.5748
2013-01-28,AIL,EQ,377.25,375.05,385.0,363.3,367.0,367.05,371.96,36394,1353714715000.0,1312.0,15637.0,0.42969999999999997
2013-01-29,AIL,EQ,367.05,364.95,367.85,355.7,356.95,356.5,362.43,28036,1016107019999.9999,1100.0,19742.0,0.7042
2013-01-30,AIL,EQ,356.5,359.45,362.0,355.8,362.0,358.75,358.18,27250,976027944999.9999,2158.0,16729.0,0.6139
2013-01-31,AIL,EQ,358.75,358.15,366.55,355.1,364.0,360.55,361.54,18279,660851740000.0,1073.0,8619.0,0.4715
2013-02-01,AIL,EQ,360.55,361.0,365.5,358.2,364.05,363.9,361.62,11968,432789400000.0,664.0,7492.0,0.626
2013-02-04,AIL,EQ,363.9,360.9,422.1,360.05,366.3,366.1,373.04,28083,1047612180000.0001,1509.0,9198.0,0.3275
2013-02-05,AIL,EQ,366.1,365.05,369.0,361.0,363.1,364.35,364.13,10220,372145415000.0,444.0,4329.0,0.4236
2013-02-06,AIL,EQ,364.35,365.85,368.15,358.0,361.5,361.55,361.73,11729,424269195000.0,573.0,7657.0,0.6528
2013-02-07,AIL,EQ,361.55,360.15,362.9,358.0,360.15,359.7,360.53,9412,339330565000.0,454.0,6607.0,0.7020000000000001
2013-02-08,AIL,EQ,359.7,360.1,362.0,354.0,356.5,356.55,358.73,10357,371532055000.0,463.0,6704.0,0.6473000000000001
2013-02-11,AIL,EQ,356.55,356.65,359.35,350.0,350.0,350.35,351.77,8527,299957065000.0,422.0,4164.0,0.4883
2013-02-12,AIL,EQ,350.35,350.05,353.2,343.0,345.45,344.9,347.18,8700,302049655000.0,412.0,5177.0,0.5951
2013-02-13,AIL,EQ,344.9,369.9,369.9,345.85,348.0,347.7,350.81,9004,315868240000.0,482.0,3224.0,0.35810000000000003
2013-02-14,AIL,EQ,347.7,345.15,347.75,336.0,337.0,336.75,340.75,17119,583330195000.0,758.0,10983.0,0.6416
2013-02-15,AIL,EQ,336.75,337.0,337.0,332.2,334.55,335.75,334.87,8171,273622610000.0,332.0,5187.0,0.6348
2013-02-18,AIL,EQ,335.75,333.0,342.0,333.0,340.05,340.0,339.38,5853,198637760000.0,309.0,3671.0,0.6272
2013-02-19,AIL,EQ,340.0,343.9,347.0,334.05,338.9,337.3,337.69,11752,396848805000.0,585.0,6819.0,0.5802
2013-02-20,AIL,EQ,337.3,337.3,343.65,336.0,342.0,342.1,341.47,7308,249542915000.0,579.0,4856.0,0.6645000000000001
2013-02-21,AIL,EQ,342.1,342.1,343.0,333.0,337.0,337.5,337.93,8168,276023490000.0,542.0,4971.0,0.6086
2013-02-22,AIL,EQ,337.5,339.7,340.95,329.3,330.0,331.7,333.85,63789,2129601845000.0,737.0,55646.0,0.8723000000000001
2013-02-25,AIL,EQ,331.7,335.5,336.7,327.0,329.9,329.15,332.09,10951,363676245000.0,511.0,7146.0,0.6525
2013-02-26,AIL,EQ,329.15,329.05,331.4,319.5,321.95,320.45,323.68,9888,320055480000.0,569.0,5359.0,0.542
2013-02-27,AIL,EQ,320.45,325.0,325.0,317.5,320.0,320.65,320.94,13562,435255575000.0,709.0,7266.0,0.5357999999999999
2013-02-28,AIL,EQ,320.65,322.55,330.5,308.0,310.0,310.9,320.18,16126,516328995000.0,1376.0,7882.0,0.4888
2013-03-01,AIL,EQ,310.9,309.0,316.0,303.0,305.0,305.15,308.66,13750,424411784999.99994,828.0,8924.0,0.649
2013-03-04,AIL,EQ,305.15,307.05,307.05,295.25,295.25,296.9,299.94,12032,360893455000.0,633.0,7718.0,0.6415000000000001
2013-03-05,AIL,EQ,296.9,298.1,308.9,295.25,306.05,306.25,303.03,240233,7279701845000.0,679.0,233034.0,0.97
2013-03-06,AIL,EQ,306.25,306.1,336.4,306.1,335.5,333.15,323.66,30249,979048255000.0001,2033.0,15345.0,0.5073
2013-03-07,AIL,EQ,333.15,330.0,345.0,310.2,342.05,343.35,336.11,25205,847154269999.9999,1628.0,14702.0,0.5833
2013-03-08,AIL,EQ,343.35,343.2,348.8,338.1,342.5,342.55,343.55,8031,275901275000.0,576.0,3849.0,0.4793
2013-03-11,AIL,EQ,342.55,321.6,347.0,321.6,343.8,342.05,344.18,17490,601963170000.0,600.0,12936.0,0.7395999999999999
2013-03-12,AIL,EQ,342.05,341.55,344.7,331.1,331.5,334.7,336.0,7246,243468340000.0,494.0,4274.0,0.5898
2013-03-13,AIL,EQ,334.7,332.0,334.75,323.3,329.5,325.65,327.57,7993,261828890000.0,757.0,4072.0,0.5094
2013-03-14,AIL,EQ,325.65,322.8,327.0,316.5,323.0,324.4,321.47,15735,505838559999.99994,690.0,10172.0,0.6465000000000001
2013-03-15,AIL,EQ,324.4,327.0,331.9,301.9,320.5,312.3,314.17,65769,2066237270000.0,2912.0,42791.0,0.6506000000000001
2013-03-18,AIL,EQ,312.3,313.0,320.95,313.0,313.65,316.75,316.65,5722,181189675000.0,359.0,2886.0,0.5044
2013-03-19,AIL,EQ,316.75,317.05,323.7,310.1,319.8,319.05,317.5,14867,472033680000.0,1350.0,8196.0,0.5513
2013-03-20,AIL,EQ,319.05,318.0,328.05,311.0,327.0,322.25,319.52,17208,549821805000.0,1151.0,10177.0,0.5914
2013-03-21,AIL,EQ,322.25,320.0,330.0,315.0,321.95,327.35,326.7,24808,810489420000.0,1264.0,9924.0,0.4
2013-03-22,AIL,EQ,327.35,322.05,329.85,316.0,328.0,327.45,326.22,15869,517677655000.0,1748.0,8223.0,0.5182
2013-03-25,AIL,EQ,327.45,327.45,330.0,313.65,313.65,316.75,322.13,5409,174237475000.0,459.0,3006.0,0.5557
2013-03-26,AIL,EQ,316.75,315.05,319.4,311.9,311.9,314.55,316.22,3455,109254260000.00002,329.0,1708.0,0.4944
2013-03-28,AIL,EQ,314.55,316.0,321.9,312.1,320.0,319.55,316.95,11493,364266810000.0,689.0,5452.0,0.4744
2013-04-01,AIL,EQ,319.55,320.0,332.7,319.0,332.0,331.15,328.86,15415,506932450000.0,740.0,9680.0,0.628
2013-04-02,AIL,EQ,331.15,334.8,337.5,330.0,334.9,331.95,333.27,3886,129509395000.0,338.0,2159.0,0.5556
2013-04-03,AIL,EQ,331.95,332.5,337.0,326.5,328.0,329.2,333.23,2468,82242045000.0,242.0,1273.0,0.5158
2013-04-04,AIL,EQ,329.2,324.5,331.0,320.5,325.0,323.65,323.81,6461,209216300000.0,311.0,3448.0,0.5337
2013-04-05,AIL,EQ,323.65,324.0,325.9,317.1,320.1,320.7,321.57,3001,96502485000.0,213.0,1879.0,0.6261
2013-04-08,AIL,EQ,320.7,320.0,324.95,317.65,319.9,319.7,320.3,2535,81196240000.0,196.0,1229.0,0.48479999999999995
2013-04-09,AIL,EQ,319.7,322.2,323.4,311.1,314.0,312.65,316.86,4094,129722770000.0,322.0,2741.0,0.6695000000000001
2013-04-10,AIL,EQ,312.65,315.9,315.9,304.5,311.5,312.55,305.69,48117,1470869640000.0,582.0,43923.0,0.9128000000000001
2013-04-11,AIL,EQ,312.55,311.35,315.9,307.05,308.05,308.6,310.91,4814,149669885000.0,290.0,2478.0,0.5147
2013-04-12,AIL,EQ,308.6,311.1,324.45,306.0,313.7,312.95,311.87,7305,227820740000.0,447.0,3771.0,0.5162
2013-04-15,AIL,EQ,312.95,314.85,317.0,312.0,313.45,313.05,314.89,90842,2860488220000.0,234.0,89796.0,0.9884999999999999
2013-04-16,AIL,EQ,313.05,315.0,318.0,313.0,318.0,315.7,315.2,2338,73694355000.0,205.0,1356.0,0.58
2013-04-17,AIL,EQ,315.7,312.05,322.8,312.05,313.95,314.1,316.9,8028,254409260000.0,682.0,5480.0,0.6826000000000001
2013-04-18,AIL,EQ,314.1,314.0,318.0,311.0,315.2,315.05,314.17,5007,157304245000.0,317.0,3251.0,0.6493000000000001
2013-04-22,AIL,EQ,315.05,315.0,322.0,315.0,316.2,316.9,318.12,1812,57644194999.99999,181.0,1164.0,0.6424
2013-04-23,AIL,EQ,316.9,319.35,327.4,319.0,320.0,321.2,322.84,6656,214884440000.0,434.0,3370.0,0.5063000000000001
2013-04-25,AIL,EQ,321.2,329.0,329.0,321.25,323.5,323.75,323.72,6129,198406585000.0,315.0,3941.0,0.643
2013-04-26,AIL,EQ,323.75,329.8,329.8,318.0,318.55,319.35,323.59,20692,669564980000.0,312.0,17766.0,0.8586
2013-04-29,AIL,EQ,319.35,323.0,323.0,311.8,315.0,315.25,314.76,34954,1100221950000.0,652.0,26614.0,0.7614000000000001
2013-04-30,AIL,EQ,315.25,320.35,327.7,315.75,317.5,317.4,321.09,18620,597874525000.0,953.0,5598.0,0.3006
2013-05-02,AIL,EQ,317.4,320.0,328.8,317.15,325.75,325.0,324.86,16535,537149465000.00006,713.0,6803.0,0.4114
2013-05-03,AIL,EQ,325.0,334.9,344.95,334.9,342.25,342.65,340.29,182806,6220617160000.0,2738.0,135022.0,0.7386
2013-05-06,AIL,EQ,342.65,344.9,357.0,342.35,354.0,353.8,351.56,34108,1199113730000.0,1303.0,13670.0,0.4008
2013-05-07,AIL,EQ,353.8,357.8,362.0,355.15,359.0,358.8,359.25,22933,823865850000.0,828.0,11191.0,0.488
2013-05-08,AIL,EQ,358.8,360.05,362.8,348.25,353.1,353.0,353.59,11885,420240565000.00006,654.0,5257.0,0.44229999999999997
2013-05-09,AIL,EQ,353.0,350.0,358.8,346.5,347.0,348.1,350.25,13063,457529930000.0,601.0,7666.0,0.5868
2013-05-10,AIL,EQ,348.1,345.15,350.9,343.0,344.0,345.2,346.5,19140,663209500000.0,557.0,15205.0,0.7944
2013-05-11,AIL,EQ,345.2,343.1,347.0,343.0,343.2,343.9,343.93,870,29921905000.0,28.0,775.0,0.8908
2013-05-13,AIL,EQ,343.9,354.95,354.95,338.35,339.65,339.65,343.94,11754,404271940000.0,482.0,9461.0,0.8049
2013-05-14,AIL,EQ,339.65,340.05,345.9,336.5,339.45,339.5,341.64,20786,710130095000.0,798.0,13579.0,0.6533
2013-05-15,AIL,EQ,339.5,345.4,345.55,339.1,340.25,341.45,342.3,10785,369172145000.0,510.0,7001.0,0.6491
2013-05-16,AIL,EQ,341.45,343.45,351.9,341.0,348.0,347.55,347.67,11502,399887625000.0,570.0,7188.0,0.6249
2013-05-17,AIL,EQ,347.55,349.0,411.7,342.5,402.0,395.95,390.17,424982,16581342315000.0,9094.0,229533.0,0.5401
2013-05-20,AIL,EQ,395.95,390.0,399.55,375.0,387.0,384.8,385.67,131877,5086072935000.0,5108.0,53512.0,0.4058
2013-05-21,AIL,EQ,384.8,380.1,405.1,380.1,391.0,390.95,395.28,86310,3411648095000.0005,3862.0,25019.0,0.2899
2013-05-22,AIL,EQ,390.95,390.05,394.55,379.1,381.2,380.65,387.33,17471,676698530000.0,842.0,8964.0,0.5131
2013-05-23,AIL,EQ,380.65,375.0,376.95,359.1,363.9,361.15,366.24,21655,793097415000.0,1151.0,11019.0,0.5088
2013-05-24,AIL,EQ,361.15,362.85,380.0,362.0,369.95,369.7,372.2,20698,770373435000.0,1249.0,6432.0,0.31079999999999997
2013-05-27,AIL,EQ,369.7,371.05,376.7,364.0,367.05,368.0,370.85,9992,370554940000.0,599.0,3859.0,0.3862
2013-05-28,AIL,EQ,368.0,370.25,384.0,368.1,373.5,373.45,377.75,23520,888464315000.0,1400.0,7554.0,0.3212
2013-05-29,AIL,EQ,373.45,370.45,374.5,364.15,365.5,365.9,367.07,16370,600887950000.0,565.0,11752.0,0.7179000000000001
2013-05-30,AIL,EQ,365.9,365.9,366.0,359.1,360.0,360.55,362.38,12643,458158725000.0,503.0,8209.0,0.6493000000000001
2013-05-31,AIL,EQ,360.55,357.0,362.0,351.25,353.0,352.3,355.88,9099,323812375000.0,697.0,5301.0,0.5826
2013-06-03,AIL,EQ,352.3,355.0,356.95,344.1,347.0,346.95,349.14,9216,321765340000.0,498.0,5227.0,0.5672
2013-06-04,AIL,EQ,346.95,344.1,354.9,344.1,350.0,349.4,349.61,5342,186763610000.0,425.0,2932.0,0.5489
2013-06-05,AIL,EQ,349.4,346.5,351.8,344.15,345.0,346.05,347.01,5217,181036455000.0,289.0,3228.0,0.6187
2013-06-06,AIL,EQ,346.05,344.0,347.75,341.15,343.05,344.95,344.82,33139,1142711790000.0,1179.0,27849.0,0.8404
2013-06-07,AIL,EQ,344.95,345.0,371.0,343.2,353.0,354.0,361.24,33000,1192086690000.0,1724.0,11931.0,0.3615
2013-06-10,AIL,EQ,354.0,354.0,359.6,347.1,350.0,349.75,354.46,3758,133204295000.0,323.0,1734.0,0.46140000000000003
2013-06-11,AIL,EQ,349.75,346.0,351.0,337.1,340.95,340.2,342.39,9889,338589245000.0,557.0,7490.0,0.7574
2013-06-12,AIL,EQ,340.2,340.2,348.0,336.35,344.0,343.0,343.48,4329,148693320000.0,355.0,2578.0,0.5955
2013-06-13,AIL,EQ,343.0,341.3,342.5,337.1,337.25,339.3,340.01,4338,147497640000.0,349.0,3278.0,0.7556
2013-06-14,AIL,EQ,339.3,341.1,351.85,341.1,346.4,347.4,348.15,9926,345576760000.0,723.0,4840.0,0.4876
2013-06-17,AIL,EQ,347.4,345.6,351.75,341.65,342.9,342.75,346.58,10539,365257990000.0,773.0,4332.0,0.41100000000000003
2013-06-18,AIL,EQ,342.75,347.65,347.65,340.1,340.1,341.55,344.0,7626,262332135000.0,616.0,4097.0,0.5372
2013-06-19,AIL,EQ,341.55,340.95,344.65,338.5,338.5,339.55,341.93,4159,142209975000.0,223.0,2584.0,0.6213000000000001
2013-06-20,AIL,EQ,339.55,335.1,337.9,327.2,335.0,330.8,331.61,15822,524678570000.0,638.0,11249.0,0.711
2013-06-21,AIL,EQ,330.8,334.95,341.9,328.2,333.0,331.85,334.62,13619,455718965000.00006,826.0,3396.0,0.2494
2013-06-24,AIL,EQ,331.85,330.0,332.9,324.2,330.0,329.7,326.73,15784,515712105000.0,743.0,12168.0,0.7709
2013-06-25,AIL,EQ,329.7,326.05,330.9,322.1,330.9,327.95,326.99,6992,228633025000.0,574.0,4510.0,0.645
2013-06-26,AIL,EQ,327.95,333.4,333.4,323.1,328.0,327.95,327.08,8319,272099354999.99997,466.0,6388.0,0.7679
2013-06-27,AIL,EQ,327.95,332.9,336.95,328.0,330.0,330.15,330.72,10898,360418120000.0,666.0,9001.0,0.8259000000000001
2013-06-28,AIL,EQ,330.15,330.05,341.0,330.05,339.85,338.9,337.39,13942,470386805000.0,719.0,6618.0,0.4747
2013-07-01,AIL,EQ,338.9,338.0,343.9,338.0,340.1,340.75,341.48,6055,206767375000.0,580.0,3413.0,0.5637
2013-07-02,AIL,EQ,340.75,344.85,345.0,337.9,339.0,340.8,341.78,6077,207700640000.0,310.0,4348.0,0.7155
2013-07-03,AIL,EQ,340.8,340.0,341.9,332.1,340.0,337.2,336.77,7987,268976275000.0,467.0,4247.0,0.5317000000000001
2013-07-04,AIL,EQ,337.2,342.0,347.25,338.0,338.1,340.85,341.58,14950,510661634999.99994,651.0,7251.0,0.485
2013-07-05,AIL,EQ,340.85,346.95,346.95,336.5,339.8,340.0,340.04,13348,453887875000.0,442.0,10536.0,0.7893000000000001
2013-07-08,AIL,EQ,340.0,339.95,339.95,333.1,338.0,337.65,336.14,2963,99599300000.0,231.0,1379.0,0.4654
2013-07-09,AIL,EQ,337.65,340.0,349.9,340.0,343.6,344.8,344.93,13249,457000865000.00006,705.0,8331.0,0.6288
2013-07-10,AIL,EQ,344.8,346.9,354.0,342.25,346.5,347.65,348.96,10641,371326820000.0,766.0,4643.0,0.4363
2013-07-11,AIL,EQ,347.65,354.85,354.85,347.0,348.1,348.55,349.54,8079,282392420000.0,426.0,4621.0,0.5720000000000001
2013-07-12,AIL,EQ,348.55,350.5,367.9,345.55,367.0,362.15,359.61,23117,831304610000.0,929.0,16630.0,0.7194
2013-07-15,AIL,EQ,362.15,358.0,382.9,358.0,362.05,361.7,369.69,30629,1132334295000.0,1344.0,13447.0,0.439
2013-07-16,AIL,EQ,361.7,352.0,364.0,352.0,363.45,359.9,357.67,6566,234844004999.99997,460.0,3557.0,0.5417000000000001
2013-07-17,AIL,EQ,359.9,360.0,367.15,355.0,359.95,363.25,362.6,22743,824651030000.0,1645.0,10293.0,0.4526
2013-07-18,AIL,EQ,363.25,359.1,365.75,357.1,365.0,363.75,360.38,31639,1140217780000.0,383.0,28948.0,0.9148999999999999
2013-07-19,AIL,EQ,363.75,358.7,359.9,350.1,350.1,354.25,354.63,15896,563716040000.0,749.0,6647.0,0.4182
2013-07-22,AIL,EQ,354.25,350.5,353.95,342.65,342.65,343.7,346.84,4910,170299970000.0,365.0,3198.0,0.6513
2013-07-23,AIL,EQ,343.7,345.0,352.0,342.2,351.75,348.75,347.24,11760,408350040000.0,629.0,7057.0,0.6001
2013-07-24,AIL,EQ,348.75,344.05,346.95,338.1,342.0,341.95,341.4,3359,114677180000.0,437.0,1877.0,0.5588000000000001
2013-07-25,AIL,EQ,341.95,336.6,347.1,334.4,335.3,336.2,343.32,21570,740533470000.0,566.0,16444.0,0.7624
2013-07-26,AIL,EQ,336.2,338.2,341.5,325.1,326.85,328.85,332.27,5832,193782020000.0,631.0,2870.0,0.49210000000000004
2013-07-29,AIL,EQ,328.85,327.0,329.9,318.6,325.0,325.05,323.78,10875,352113940000.0,804.0,6345.0,0.5834
2013-07-30,AIL,EQ,325.05,322.0,327.0,318.2,325.0,324.5,323.95,6536,211735679999.99997,632.0,4318.0,0.6606000000000001
2013-07-31,AIL,EQ,324.5,325.0,334.35,312.55,332.0,329.9,326.03,21366,696605615000.0,1768.0,13207.0,0.6181
2013-08-01,AIL,EQ,329.9,343.0,343.0,322.6,325.0,324.4,326.77,8756,286122440000.0,664.0,5429.0,0.62
2013-08-02,AIL,EQ,324.4,324.95,330.0,314.0,318.25,317.75,321.34,8491,272850835000.0,635.0,4653.0,0.5479999999999999
2013-08-05,AIL,EQ,317.75,317.0,319.8,310.0,314.0,311.6,313.7,4681,146844215000.0,424.0,2848.0,0.6084
2013-08-06,AIL,EQ,311.6,314.0,314.35,275.4,291.05,293.1,291.72,30762,897392515000.0,1201.0,16738.0,0.5441
2013-08-07,AIL,EQ,293.1,295.0,300.0,288.2,297.0,298.05,296.47,8243,244376800000.0,585.0,4235.0,0.5138
2013-08-08,AIL,EQ,298.05,295.3,311.5,295.3,308.95,308.95,307.06,6470,198669735000.0,683.0,3377.0,0.5219
2013-08-12,AIL,EQ,308.95,305.3,314.75,300.7,305.45,307.7,307.86,6436,198137045000.0,552.0,3803.0,0.5909000000000001
2013-08-13,AIL,EQ,307.7,308.0,310.0,304.65,305.55,306.6,307.32,2620,80517030000.0,257.0,1334.0,0.5092
2013-08-14,AIL,EQ,306.6,304.1,313.75,304.1,306.3,309.3,309.54,7153,221410925000.0,687.0,3909.0,0.5465
2013-08-16,AIL,EQ,309.3,307.05,316.9,298.5,311.0,311.15,304.85,20740,632250930000.0,1091.0,10343.0,0.4987
2013-08-19,AIL,EQ,311.15,313.9,313.9,300.0,306.0,304.9,304.29,11489,349595645000.0,584.0,7853.0,0.6835
2013-08-20,AIL,EQ,304.9,315.0,315.0,301.0,307.0,305.95,306.2,10225,313087740000.0,484.0,6389.0,0.6248
2013-08-21,AIL,EQ,305.95,305.65,313.0,302.05,306.0,303.0,304.91,4172,127209939999.99998,226.0,2856.0,0.6846
2013-08-22,AIL,EQ,303.0,300.0,303.0,296.55,300.0,300.25,299.76,7153,214420425000.0,421.0,3689.0,0.5157
2013-08-23,AIL,EQ,300.25,301.0,313.5,296.0,306.0,306.25,307.33,8971,275702585000.0,449.0,4724.0,0.5266
2013-08-26,AIL,EQ,306.25,312.95,312.95,307.5,307.5,308.75,308.98,4952,153007230000.0,247.0,3464.0,0.6995
2013-08-27,AIL,EQ,308.75,302.0,313.7,298.0,301.1,304.5,303.86,7837,238135010000.0,568.0,5178.0,0.6607
2013-08-28,AIL,EQ,304.5,294.2,307.8,294.2,305.0,303.85,301.43,10502,316561380000.0,507.0,6655.0,0.6337
2013-08-29,AIL,EQ,303.85,300.3,309.9,300.3,307.0,307.4,305.34,2977,90900395000.0,272.0,1643.0,0.5519
2013-08-30,AIL,EQ,307.4,304.0,312.0,300.2,310.0,306.3,305.77,9739,297790475000.0,1177.0,4508.0,0.4629
2013-09-02,AIL,EQ,306.3,304.1,311.9,304.1,306.85,306.05,306.59,3087,94643630000.0,242.0,1922.0,0.6226
2013-09-03,AIL,EQ,306.05,304.2,308.2,297.2,300.15,299.8,302.25,3085,93245115000.0,262.0,1899.0,0.6156
2013-09-04,AIL,EQ,299.8,300.15,305.9,295.3,300.0,302.5,302.13,4970,150160370000.0,362.0,2715.0,0.5463
2013-09-05,AIL,EQ,302.5,305.0,314.65,304.95,313.75,312.25,310.76,8252,256443100000.0,565.0,5006.0,0.6066
2013-09-06,AIL,EQ,312.25,308.05,317.2,306.75,308.2,311.15,311.55,9628,299958805000.0,535.0,5896.0,0.6124
2013-09-10,AIL,EQ,311.15,316.0,341.7,315.0,327.2,327.6,330.51,48517,1603554415000.0,2273.0,13698.0,0.2823
2013-09-11,AIL,EQ,327.6,325.0,342.0,320.0,332.0,336.0,332.73,19082,634908695000.0,1082.0,8294.0,0.4347
2013-09-12,AIL,EQ,336.0,336.85,338.0,322.5,326.1,325.9,330.64,9215,304682430000.0,618.0,4591.0,0.49820000000000003
2013-09-13,AIL,EQ,325.9,328.35,336.9,322.1,326.7,328.2,329.97,5837,192606345000.0,461.0,2574.0,0.441
2013-09-16,AIL,EQ,328.2,330.05,335.95,320.05,321.9,322.65,327.42,11353,371719630000.0,500.0,6332.0,0.5577000000000001
2013-09-17,AIL,EQ,322.65,320.0,330.0,319.1,325.0,323.05,322.07,7618,245353395000.00003,385.0,5419.0,0.7112999999999999
2013-09-18,AIL,EQ,323.05,322.0,327.9,318.25,325.05,325.55,324.74,3243,105314660000.00002,323.0,1987.0,0.6127
2013-09-19,AIL,EQ,325.55,330.0,333.0,325.0,326.75,326.55,327.82,7219,236654070000.00003,390.0,4080.0,0.5652
2013-09-20,AIL,EQ,326.55,322.2,327.5,312.0,322.0,319.0,319.31,23686,756322070000.0,1418.0,13471.0,0.5687
2013-09-23,AIL,EQ,319.0,316.05,323.75,316.05,320.0,319.75,319.05,4782,152571655000.0,352.0,3391.0,0.7091
2013-09-24,AIL,EQ,319.75,321.55,329.95,317.2,326.0,327.0,323.99,14632,474056080000.0,1154.0,6873.0,0.4697
2013-09-25,AIL,EQ,327.0,330.35,337.9,320.25,336.95,331.7,329.61,18048,594878890000.0,1132.0,10837.0,0.6005
2013-09-26,AIL,EQ,331.7,326.55,340.0,326.55,338.0,337.3,334.87,18568,621785905000.0,1152.0,11217.0,0.6041
2013-09-27,AIL,EQ,337.3,338.9,348.35,333.0,348.0,345.1,341.64,25353,866149135000.0,1442.0,13379.0,0.5277000000000001
2013-09-30,AIL,EQ,345.1,348.0,348.0,320.1,339.0,339.75,338.12,12739,430735059999.99994,1094.0,6014.0,0.4721
2013-10-01,AIL,EQ,339.75,333.0,339.0,331.55,331.55,333.15,334.53,5533,185096170000.0,279.0,2829.0,0.5113000000000001
2013-10-03,AIL,EQ,333.15,336.5,344.4,330.0,335.6,338.55,336.13,35828,1204298220000.0,660.0,24274.0,0.6775
2013-10-04,AIL,EQ,338.55,346.0,358.65,345.0,350.0,350.35,351.17,79444,2789810645000.0,1807.0,27248.0,0.34299999999999997
2013-10-07,AIL,EQ,350.35,348.6,350.55,338.7,350.0,350.1,346.28,15742,545120505000.0,989.0,8570.0,0.5444
2013-10-08,AIL,EQ,350.1,350.95,353.0,346.5,350.0,350.05,349.87,15615,546319134999.99994,253.0,13246.0,0.8483
2013-10-09,AIL,EQ,350.05,348.0,352.0,346.0,350.0,350.25,349.76,37400,1308120135000.0,436.0,33306.0,0.8905
2013-10-10,AIL,EQ,350.25,348.05,355.9,348.05,352.5,353.6,353.67,8486,300124705000.0,318.0,5453.0,0.6426000000000001
2013-10-11,AIL,EQ,353.6,355.55,355.55,346.0,350.0,350.55,350.29,32657,1143933790000.0,502.0,13314.0,0.40770000000000006
2013-10-14,AIL,EQ,350.55,350.1,351.95,349.3,350.75,350.8,350.59,9141,320478210000.0,177.0,7749.0,0.8477
2013-10-15,AIL,EQ,350.8,351.0,352.75,345.1,350.0,350.0,349.71,11531,403245200000.0,212.0,10517.0,0.9120999999999999
2013-10-17,AIL,EQ,350.0,347.25,353.75,347.1,347.1,348.65,350.02,5792,202733785000.0,160.0,4780.0,0.8253
2013-10-18,AIL,EQ,348.65,348.85,352.9,348.0,350.0,350.15,349.81,9962,348485280000.0,298.0,8106.0,0.8137000000000001
2013-10-21,AIL,EQ,350.15,350.15,353.0,345.2,350.0,349.85,349.18,14806,516997434999.99994,710.0,10972.0,0.7411
2013-10-22,AIL,EQ,349.85,349.65,365.0,349.65,356.8,355.0,355.52,127505,4533103635000.0,885.0,114347.0,0.8968
2013-10-23,AIL,EQ,355.0,355.0,361.0,345.2,345.25,347.25,349.37,13530,472692370000.0,675.0,10136.0,0.7492000000000001
2013-10-24,AIL,EQ,347.25,346.55,379.45,335.1,368.15,362.1,358.53,74225,2661224135000.0,2196.0,52429.0,0.7064
2013-10-25,AIL,EQ,362.1,364.5,369.45,352.2,352.25,354.1,359.39,16469,591884195000.0,722.0,7501.0,0.45549999999999996
2013-10-28,AIL,EQ,354.1,354.05,359.9,346.1,346.55,347.2,351.72,6779,238429954999.99997,397.0,4527.0,0.6678000000000001
2013-10-29,AIL,EQ,347.2,345.65,361.0,343.85,360.0,357.9,354.08,21885,774914025000.0,1081.0,12311.0,0.5625
2013-10-30,AIL,EQ,357.9,352.25,356.8,347.05,352.05,352.25,351.09,26193,919611519999.9999,736.0,16203.0,0.6186
2013-10-31,AIL,EQ,352.25,350.0,352.9,347.55,349.05,350.05,349.95,6159,215533365000.0,236.0,4239.0,0.6883
2013-11-01,AIL,EQ,350.05,347.15,361.95,347.15,353.05,355.95,355.82,65874,2343931910000.0,731.0,58102.0,0.882
2013-11-03,AIL,EQ,355.95,356.0,358.95,354.2,355.9,356.75,357.35,6344,226699829999.99997,243.0,5034.0,0.7935
2013-11-05,AIL,EQ,356.75,353.0,356.3,350.5,351.1,352.2,353.38,3914,138313235000.0,256.0,2594.0,0.6627
2013-11-06,AIL,EQ,352.2,350.3,374.0,350.3,355.0,355.55,363.22,48045,1745073764999.9998,1992.0,11147.0,0.23199999999999998
2013-11-07,AIL,EQ,355.55,355.0,357.0,351.25,354.95,354.45,354.64,40623,1440670865000.0,493.0,36037.0,0.8871
2013-11-08,AIL,EQ,354.45,354.7,356.0,349.5,350.0,350.45,351.71,6825,240044329999.99997,201.0,5066.0,0.7423000000000001
2013-11-11,AIL,EQ,350.45,350.0,351.9,345.4,346.0,346.05,347.45,4300,149405570000.0,154.0,2858.0,0.6647
2013-11-12,AIL,EQ,346.05,344.15,352.5,343.95,344.0,344.9,346.16,4617,159822785000.0,242.0,3129.0,0.6777
2013-11-13,AIL,EQ,344.9,340.0,348.9,340.0,347.8,346.2,345.51,10369,358258025000.0,684.0,6431.0,0.6202000000000001
2013-11-14,AIL,EQ,346.2,348.5,353.5,344.0,350.0,349.85,346.93,20238,702122525000.0,415.0,17359.0,0.8577
2013-11-18,AIL,EQ,349.85,347.3,353.75,344.1,345.0,345.45,348.72,5589,194901410000.0,293.0,3471.0,0.621
2013-11-19,AIL,EQ,345.45,347.0,355.4,344.15,347.9,347.3,347.7,12785,444534209999.99994,559.0,7230.0,0.5655
2013-11-20,AIL,EQ,347.3,348.95,372.9,348.1,360.0,360.25,360.89,27851,1005122369999.9999,1054.0,17597.0,0.6318
2013-11-21,AIL,EQ,360.25,361.0,361.0,352.1,358.7,357.9,357.3,38594,1378969530000.0,768.0,34293.0,0.8886000000000001
2013-11-22,AIL,EQ,357.9,364.0,364.0,355.1,359.0,359.6,359.04,20412,732876355000.0,432.0,17330.0,0.8490000000000001
2013-11-25,AIL,EQ,359.6,357.05,364.95,352.2,358.0,360.0,358.52,16367,586785335000.0,545.0,10180.0,0.622
2013-11-26,AIL,EQ,360.0,359.0,373.35,357.05,357.1,358.7,364.73,77382,2822321705000.0,1848.0,35171.0,0.4545
2013-11-27,AIL,EQ,358.7,358.4,361.0,355.0,355.0,355.9,357.51,3254,116334595000.0,154.0,1906.0,0.5857
2013-11-28,AIL,EQ,355.9,357.0,371.0,357.0,370.0,366.8,365.71,61427,2246422345000.0,2127.0,45817.0,0.7459
2013-11-29,AIL,EQ,366.8,372.9,375.0,366.0,368.0,370.6,370.52,57095,2115470014999.9998,4113.0,38771.0,0.6790999999999999
2013-12-02,AIL,EQ,370.6,372.75,381.0,366.05,373.0,370.15,373.33,61285,2287963175000.0,3090.0,31881.0,0.5202
2013-12-03,AIL,EQ,370.15,373.0,385.05,370.1,380.0,380.25,377.89,73856,2790965720000.0,1956.0,53122.0,0.7193
2013-12-04,AIL,EQ,380.25,385.0,385.0,370.0,376.05,376.9,376.56,21108,794851175000.0,913.0,12337.0,0.5845
2013-12-05,AIL,EQ,376.9,383.0,387.9,370.0,372.0,373.7,375.17,17970,674174865000.0,776.0,8559.0,0.47630000000000006
2013-12-06,AIL,EQ,373.7,371.25,382.95,371.25,380.0,380.75,379.8,15753,598299425000.0,663.0,9354.0,0.5938
2013-12-09,AIL,EQ,380.75,387.9,387.9,373.1,384.0,381.35,380.49,16697,635306775000.0,869.0,8726.0,0.5226
2013-12-10,AIL,EQ,381.35,384.95,384.95,372.0,373.0,372.9,375.81,7366,276825275000.0,411.0,4840.0,0.6570999999999999
2013-12-11,AIL,EQ,372.9,372.9,375.9,366.35,369.9,368.4,369.82,7531,278513835000.0,407.0,4474.0,0.5941
2013-12-12,AIL,EQ,368.4,365.35,376.7,365.0,368.5,370.85,371.98,9844,366173330000.0,529.0,5477.0,0.5564
2013-12-13,AIL,EQ,370.85,368.0,369.75,358.75,359.95,360.8,362.92,9263,336173490000.0,419.0,6227.0,0.6722
2013-12-16,AIL,EQ,360.8,357.0,368.0,357.0,368.0,363.55,362.8,15611,566360860000.0,361.0,12897.0,0.8261000000000001
2013-12-17,AIL,EQ,363.55,361.2,369.9,358.3,359.85,358.8,362.93,5379,195218055000.0,393.0,3496.0,0.6498999999999999
2013-12-18,AIL,EQ,358.8,360.0,369.6,357.95,363.0,364.1,366.06,27891,1020966355000.0001,1113.0,20585.0,0.7381000000000001
2013-12-19,AIL,EQ,364.1,372.65,377.0,368.0,372.0,371.6,371.1,46430,1723012225000.0,1189.0,25788.0,0.5554
2013-12-20,AIL,EQ,371.6,372.0,377.0,368.5,369.15,372.45,373.72,26324,983790380000.0001,672.0,18339.0,0.6967
2013-12-23,AIL,EQ,372.45,372.4,378.5,369.2,377.0,375.4,374.06,17067,638403815000.0,526.0,11362.0,0.6657
2013-12-24,AIL,EQ,375.4,375.0,377.0,371.95,373.8,375.05,373.77,60526,2262277640000.0,450.0,56658.0,0.9361
2013-12-26,AIL,EQ,375.05,375.05,383.8,374.95,383.8,381.95,381.12,16948,645919665000.0,796.0,11592.0,0.684
2013-12-27,AIL,EQ,381.95,384.0,389.9,379.0,382.7,381.15,383.34,15138,580299880000.0,994.0,9396.0,0.6207
2013-12-30,AIL,EQ,381.15,381.0,385.35,375.35,376.0,376.6,379.64,11928,452839165000.00006,489.0,9643.0,0.8084
2013-12-31,AIL,EQ,376.6,382.9,383.0,373.7,374.0,375.0,377.85,36332,1372806250000.0,1245.0,28365.0,0.7807
2014-01-01,AIL,EQ,375.0,377.55,380.15,374.0,374.0,374.25,376.36,14618,550159720000.0,513.0,11235.0,0.7686000000000001
2014-01-02,AIL,EQ,374.25,377.3,379.45,358.1,364.4,366.05,371.97,16793,624656695000.0,631.0,11690.0,0.6961
2014-01-03,AIL,EQ,366.05,371.9,371.9,357.05,362.0,361.65,361.35,15525,560999625000.0,670.0,8058.0,0.519
2014-01-06,AIL,EQ,361.65,363.0,366.5,358.0,360.0,359.55,360.95,11228,405277275000.0,379.0,7531.0,0.6707
2014-01-07,AIL,EQ,359.55,359.55,365.0,355.55,357.0,356.85,359.95,8909,320683745000.0,490.0,6521.0,0.7320000000000001
2014-01-08,AIL,EQ,356.85,355.0,368.9,354.1,358.65,360.35,363.48,23865,867451005000.0001,693.0,14396.0,0.6032000000000001
2014-01-09,AIL,EQ,360.35,357.15,363.5,354.0,355.75,355.25,356.32,7689,273973200000.0,336.0,4678.0,0.6084
2014-01-10,AIL,EQ,355.25,353.1,362.7,351.15,352.5,352.9,357.38,14770,527853234999.99994,518.0,11584.0,0.7843000000000001
2014-01-13,AIL,EQ,352.9,350.0,359.0,346.3,347.0,347.25,350.8,13338,467899980000.0,535.0,10137.0,0.76
2014-01-14,AIL,EQ,347.25,347.3,352.55,345.1,348.75,346.25,348.07,5732,199514250000.0,309.0,3338.0,0.5822999999999999
2014-01-15,AIL,EQ,346.25,345.0,352.0,345.0,351.95,351.15,350.21,6048,211808795000.00003,301.0,2728.0,0.4511
2014-01-16,AIL,EQ,351.15,355.0,358.4,348.3,348.3,350.4,353.59,7272,257128135000.0,674.0,3226.0,0.4436
2014-01-17,AIL,EQ,350.4,348.5,353.0,348.05,349.0,348.6,349.1,7278,254073920000.00003,197.0,5500.0,0.7556999999999999
2014-01-20,AIL,EQ,348.6,348.0,349.6,342.55,344.0,343.8,345.73,8903,307806785000.0,531.0,5911.0,0.6639
2014-01-21,AIL,EQ,343.8,347.7,351.5,343.95,349.9,348.5,347.49,6614,229828129999.99997,502.0,3580.0,0.5413
2014-01-22,AIL,EQ,348.5,347.0,352.0,345.0,348.55,349.6,348.86,5956,207783730000.0,379.0,3596.0,0.6038
2014-01-23,AIL,EQ,349.6,350.0,352.0,347.0,347.0,347.65,348.65,3327,115995339999.99998,221.0,1799.0,0.5407000000000001
2014-01-24,AIL,EQ,347.65,349.85,349.85,338.0,341.0,340.05,340.9,9494,323651765000.0,595.0,6673.0,0.7029000000000001
2014-01-27,AIL,EQ,340.05,337.05,347.0,334.0,336.5,335.95,336.32,5473,184069045000.0,435.0,4065.0,0.7427
2014-01-28,AIL,EQ,335.95,335.35,341.45,333.0,333.45,333.95,335.82,2254,75694840000.0,297.0,1326.0,0.5883
2014-01-29,AIL,EQ,333.95,334.0,345.0,331.15,331.15,334.45,337.39,12510,422073484999.99994,653.0,2917.0,0.23320000000000002
2014-01-30,AIL,EQ,334.45,331.15,333.0,325.0,325.5,326.25,328.03,6015,197308775000.0,373.0,4168.0,0.6929000000000001
2014-01-31,AIL,EQ,326.25,324.05,331.25,301.5,318.0,318.25,316.46,29171,923152335000.0,1504.0,17019.0,0.5834
2014-02-03,AIL,EQ,318.25,315.05,328.9,315.0,316.95,316.8,318.95,9060,288965905000.0,781.0,5141.0,0.5674
2014-02-04,AIL,EQ,316.8,317.0,323.7,312.0,318.5,316.85,317.1,7519,238426650000.0,502.0,4572.0,0.6081000000000001
2014-02-05,AIL,EQ,316.85,316.8,321.0,312.5,317.05,317.85,317.9,8309,264143965000.0,347.0,4026.0,0.48450000000000004
2014-02-06,AIL,EQ,317.85,317.0,323.0,315.9,315.9,316.7,318.31,4571,145497400000.0,346.0,2316.0,0.5067
2014-02-07,AIL,EQ,316.7,318.7,323.95,317.05,319.5,318.2,319.48,6737,215233865000.0,299.0,4310.0,0.6398
2014-02-10,AIL,EQ,318.2,324.9,324.9,315.0,315.15,316.0,317.2,4859,154128625000.0,307.0,2679.0,0.5513
2014-02-11,AIL,EQ,316.0,316.2,316.95,312.0,314.35,314.0,314.57,4398,138347795000.0,237.0,2138.0,0.48610000000000003
2014-02-12,AIL,EQ,314.0,316.45,319.0,310.5,311.3,312.05,313.89,5920,185824020000.0,474.0,2854.0,0.48210000000000003
2014-02-13,AIL,EQ,312.05,311.15,316.95,308.1,312.0,312.25,311.6,10020,312227015000.0,616.0,6224.0,0.6212
2014-02-14,AIL,EQ,312.25,315.0,318.85,313.5,317.15,318.45,315.67,3654,115346370000.0,238.0,2747.0,0.7518000000000001
2014-02-17,AIL,EQ,318.45,320.0,320.0,310.1,315.9,313.6,313.81,6505,204132850000.0,395.0,3496.0,0.5374
2014-02-18,AIL,EQ,313.6,319.0,335.9,313.0,326.05,325.05,324.88,35015,1137556205000.0,1829.0,9915.0,0.2832
2014-02-19,AIL,EQ,325.05,322.0,334.0,322.0,332.0,330.0,329.44,18774,618499270000.0,984.0,9360.0,0.4986
2014-02-20,AIL,EQ,330.0,328.1,332.7,320.75,321.05,322.65,326.76,7365,240657179999.99997,492.0,4926.0,0.6688
2014-02-21,AIL,EQ,322.65,320.3,335.0,317.6,320.0,318.9,325.94,15613,508890609999.99994,912.0,7286.0,0.4667
2014-02-24,AIL,EQ,318.9,320.0,323.7,316.0,318.0,317.75,320.41,8081,258919490000.0,366.0,4842.0,0.5992000000000001
2014-02-25,AIL,EQ,317.75,323.9,328.0,315.05,317.8,317.6,320.45,9425,302026055000.0,622.0,4407.0,0.4676
2014-02-26,AIL,EQ,317.6,315.45,331.9,315.45,317.25,317.6,323.03,29647,957673394999.9999,1386.0,12846.0,0.4333
2014-02-28,AIL,EQ,317.6,321.35,327.0,318.65,324.8,323.75,322.21,10246,330136575000.0,596.0,6238.0,0.6088
2014-03-03,AIL,EQ,323.75,323.0,330.0,321.4,322.2,323.8,325.38,11312,368064255000.0,616.0,6185.0,0.5468000000000001
2014-03-04,AIL,EQ,323.8,328.75,331.0,323.8,327.2,327.2,327.91,13432,440454709999.99994,688.0,8708.0,0.6483
2014-03-05,AIL,EQ,327.2,329.25,358.4,328.15,349.5,348.4,346.34,99330,3440197079999.9995,4361.0,37791.0,0.3805
2014-03-06,AIL,EQ,348.4,354.15,367.2,354.15,358.4,360.65,361.02,120681,4356863615000.0,4008.0,34923.0,0.28940000000000005
2014-03-07,AIL,EQ,360.65,363.95,364.0,346.2,347.45,350.55,354.39,39613,1403861180000.0,1758.0,17668.0,0.446
2014-03-10,AIL,EQ,350.55,346.1,358.0,342.2,344.0,346.2,348.08,50654,1763151555000.0,1311.0,37094.0,0.7323000000000001
2014-03-11,AIL,EQ,346.2,345.1,373.0,342.55,353.0,354.4,360.75,126534,4564737745000.0,4835.0,48798.0,0.3857
2014-03-12,AIL,EQ,354.4,357.0,357.0,348.55,349.0,350.05,352.67,20881,736408240000.0,1037.0,10224.0,0.48960000000000004
2014-03-13,AIL,EQ,350.05,352.75,358.7,345.0,348.5,348.4,351.17,33284,1168822635000.0,1861.0,17207.0,0.517
2014-03-14,AIL,EQ,348.4,347.8,349.0,342.1,348.0,347.1,345.12,13240,456933470000.0,558.0,6906.0,0.5216
2014-03-18,AIL,EQ,347.1,347.05,360.0,346.0,352.3,350.25,352.17,33888,1193444920000.0,1261.0,21923.0,0.6469
2014-03-19,AIL,EQ,350.25,349.2,366.9,349.2,362.65,363.2,358.92,46379,1664618725000.0,2104.0,27175.0,0.5859000000000001
2014-03-20,AIL,EQ,363.2,364.95,373.15,359.15,365.0,367.25,367.03,45388,1665875990000.0,2331.0,18090.0,0.3986
2014-03-21,AIL,EQ,367.25,366.0,387.5,362.5,385.0,381.9,379.52,79529,3018266855000.0,2432.0,60626.0,0.7623000000000001
2014-03-22,AIL,EQ,381.9,386.7,386.7,378.0,381.0,380.45,380.8,5501,209476440000.0,400.0,3374.0,0.6133
2014-03-24,AIL,EQ,380.45,385.0,392.35,376.0,386.1,382.4,383.94,83604,3209896300000.0,3402.0,52861.0,0.6323
2014-03-25,AIL,EQ,382.4,384.0,391.3,377.8,388.25,388.7,385.32,85757,3304412240000.0,5210.0,39016.0,0.455
2014-03-26,AIL,EQ,388.7,391.0,398.5,379.2,380.0,388.7,392.81,33300,1308048805000.0,1764.0,15630.0,0.4694
2014-03-27,AIL,EQ,388.7,384.8,408.0,384.8,402.0,402.45,396.83,70138,2783320930000.0,3122.0,45879.0,0.6541
2014-03-28,AIL,EQ,402.45,400.75,419.0,396.0,411.0,413.3,411.04,96586,3970039060000.0,5030.0,38188.0,0.3954
2014-03-31,AIL,EQ,413.3,409.0,425.0,407.15,420.0,420.5,418.15,86900,3633692240000.0,2255.0,63008.0,0.7251000000000001
2014-04-01,AIL,EQ,420.5,424.85,429.0,418.0,420.4,421.25,423.54,42959,1819465910000.0002,1841.0,21361.0,0.4972
2014-04-02,AIL,EQ,421.25,431.05,439.0,411.7,413.5,413.4,423.67,46738,1980137289999.9998,2022.0,24078.0,0.5152
2014-04-03,AIL,EQ,413.4,417.0,417.0,402.6,409.7,407.75,409.64,34606,1417605845000.0,1862.0,22189.0,0.6412000000000001
2014-04-04,AIL,EQ,407.75,408.95,414.7,405.0,409.0,409.7,409.46,17009,696450575000.0,952.0,10509.0,0.6178
2014-04-07,AIL,EQ,409.7,407.0,409.4,386.0,389.0,390.7,392.83,50419,1980619675000.0,1905.0,27931.0,0.554
2014-04-09,AIL,EQ,390.7,392.5,401.0,391.0,392.1,393.85,395.87,32442,1284279185000.0,1273.0,18138.0,0.5590999999999999
2014-04-10,AIL,EQ,393.85,395.8,405.9,393.0,395.9,394.9,399.17,41544,1658320120000.0,1809.0,23716.0,0.5709000000000001
2014-04-11,AIL,EQ,394.9,395.85,399.0,385.1,389.0,388.2,391.91,21019,823746730000.0,904.0,14882.0,0.708
2014-04-15,AIL,EQ,388.2,388.5,391.25,382.0,384.0,384.7,386.53,17551,678403020000.0,726.0,11680.0,0.6655
2014-04-16,AIL,EQ,384.7,385.3,389.95,375.5,381.0,380.2,382.48,20360,778731995000.0,771.0,12971.0,0.6371
2014-04-17,AIL,EQ,380.2,377.1,399.75,377.1,390.0,392.35,392.37,42794,1679111485000.0002,1512.0,25755.0,0.6018
2014-04-21,AIL,EQ,392.35,400.6,402.75,396.0,398.0,399.15,398.88,28313,1129336150000.0,1134.0,10809.0,0.38180000000000003
2014-04-22,AIL,EQ,399.15,399.0,404.45,390.15,393.0,393.3,397.2,20521,815091630000.0,1143.0,14009.0,0.6827
2014-04-23,AIL,EQ,393.3,392.0,399.0,392.0,395.55,395.85,395.08,10868,429374305000.0,520.0,7332.0,0.6746
2014-04-25,AIL,EQ,395.85,410.65,429.0,410.5,412.6,412.2,418.45,180287,7544051605000.0,6306.0,73560.0,0.408
2014-04-28,AIL,EQ,412.2,418.75,433.9,407.65,410.0,415.55,421.93,216529,9135982520000.0,7312.0,110251.0,0.5092
2014-04-29,AIL,EQ,415.55,414.95,415.5,406.0,407.35,407.7,410.02,77350,3171501870000.0,1913.0,48447.0,0.6263000000000001
2014-04-30,AIL,EQ,407.7,416.0,481.0,414.8,449.5,456.8,457.21,1521641,69571080920000.01,46516.0,350254.0,0.2302
2014-05-02,AIL,EQ,456.8,456.0,465.0,437.25,456.05,456.05,453.54,335551,15218492285000.0,10039.0,82931.0,0.24710000000000001
2014-05-05,AIL,EQ,456.05,450.0,468.0,416.65,463.0,462.75,453.56,550778,24981007735000.0,14245.0,176101.0,0.3197
2014-05-06,AIL,EQ,462.75,458.0,463.9,451.5,457.25,457.6,457.69,239972,10983165380000.0,5113.0,127380.0,0.5307999999999999
2014-05-07,AIL,EQ,457.6,457.0,475.15,448.0,461.3,462.35,463.06,229264,10616320125000.0,6072.0,107115.0,0.4672
2014-05-08,AIL,EQ,462.35,462.0,462.9,448.0,452.0,451.2,455.01,30016,1365767360000.0,1122.0,19287.0,0.6426000000000001
2014-05-09,AIL,EQ,451.2,451.25,467.7,451.25,461.15,464.3,462.23,89338,4129471975000.0,2359.0,62436.0,0.6989
2014-05-12,AIL,EQ,464.3,461.65,465.75,435.7,438.5,441.2,448.32,68117,3053836500000.0,2417.0,52533.0,0.7712000000000001
2014-05-13,AIL,EQ,441.2,445.0,449.8,426.2,432.2,433.35,433.34,173723,7528041225000.0,5153.0,126328.0,0.7272
2014-05-14,AIL,EQ,433.35,434.0,453.0,434.0,445.0,446.45,443.42,56467,2503858020000.0,2752.0,28739.0,0.509
2014-05-15,AIL,EQ,446.45,444.2,452.0,435.1,435.15,435.75,440.79,34839,1535666460000.0,1880.0,22356.0,0.6417
2014-05-16,AIL,EQ,435.75,440.0,448.1,430.05,433.0,433.2,439.38,35163,1544997905000.0,1453.0,20930.0,0.5952000000000001
2014-05-19,AIL,EQ,433.2,447.95,482.8,441.8,480.0,476.65,466.56,189473,8840053135000.0,4277.0,133241.0,0.7031999999999999
2014-05-20,AIL,EQ,476.65,485.5,503.6,471.1,499.0,499.25,494.88,149794,7413079755000.0,4252.0,69131.0,0.4615
2014-05-21,AIL,EQ,499.25,507.45,510.0,482.1,489.0,492.45,494.79,65928,3262034060000.0,2272.0,35848.0,0.5437
2014-05-22,AIL,EQ,492.45,497.9,506.25,496.8,498.3,499.75,501.63,33964,1703752245000.0,1247.0,20976.0,0.6176
2014-05-23,AIL,EQ,499.75,498.75,515.0,497.9,502.0,502.5,507.31,54407,2760105890000.0,2115.0,24304.0,0.44670000000000004
2014-05-26,AIL,EQ,502.5,502.5,521.95,480.0,483.2,486.2,504.94,81338,4107091535000.0,2844.0,42919.0,0.5277000000000001
2014-05-27,AIL,EQ,486.2,483.0,498.0,470.1,485.55,487.25,486.74,47797,2326479295000.0,2366.0,17745.0,0.3713
2014-05-28,AIL,EQ,487.25,492.65,494.9,474.1,479.9,479.6,481.96,37021,1784272939999.9998,1649.0,24552.0,0.6631999999999999
2014-05-29,AIL,EQ,479.6,480.0,501.6,480.0,483.0,481.45,488.35,64457,3147776505000.0,2375.0,22183.0,0.3442
2014-05-30,AIL,EQ,481.45,485.2,492.0,483.25,490.9,489.5,487.47,31425,1531885965000.0,1820.0,21459.0,0.6829000000000001
2014-06-02,AIL,EQ,489.5,491.0,501.0,487.5,499.35,498.25,493.25,122041,6019665015000.0,1428.0,113195.0,0.9275
2014-06-03,AIL,EQ,498.25,505.0,507.8,497.0,499.0,499.8,500.69,72221,3616036154999.9995,2354.0,51717.0,0.7161
2014-06-04,AIL,EQ,499.8,510.5,517.0,501.25,503.0,506.5,509.1,81676,4158098450000.0,3114.0,32983.0,0.40380000000000005
2014-06-05,AIL,EQ,506.5,508.95,515.0,502.25,503.0,505.1,509.63,91163,4645942900000.0,1372.0,70997.0,0.7787999999999999
2014-06-06,AIL,EQ,505.1,507.1,515.0,504.0,508.5,507.05,509.91,62705,3197382255000.0,1824.0,32187.0,0.5133
2014-06-09,AIL,EQ,507.05,511.5,528.0,510.0,513.1,514.45,518.15,71650,3712509745000.0005,2250.0,45236.0,0.6313000000000001
2014-06-10,AIL,EQ,514.45,513.1,516.0,505.0,506.0,508.7,509.04,43109,2194400080000.0,1448.0,32282.0,0.7488
2014-06-11,AIL,EQ,508.7,512.5,516.0,506.0,509.9,509.75,511.33,34009,1738970470000.0,2524.0,22835.0,0.6714
2014-06-12,AIL,EQ,509.75,520.0,523.5,513.45,518.0,515.15,518.18,55555,2878739815000.0,3366.0,34044.0,0.6128
2014-06-13,AIL,EQ,515.15,515.4,520.0,489.0,495.0,495.45,502.48,58636,2946363525000.0,1758.0,34668.0,0.5912
2014-06-16,AIL,EQ,495.45,504.0,505.0,495.0,500.05,500.55,500.27,40007,2001437914999.9998,1372.0,26987.0,0.6746
2014-06-17,AIL,EQ,500.55,508.4,529.9,508.4,517.0,518.85,520.28,175257,9118262595000.0,3704.0,118242.0,0.6747
2014-06-18,AIL,EQ,518.85,518.0,553.5,514.15,542.5,546.25,542.16,371536,20143304970000.0,9089.0,201456.0,0.5422
2014-06-19,AIL,EQ,546.25,555.0,580.0,551.95,580.0,574.7,567.0,277046,15708460360000.0,10430.0,106937.0,0.386
2014-06-20,AIL,EQ,574.7,579.95,590.3,548.0,549.25,551.0,568.74,157751,8971884505000.0,5599.0,61041.0,0.38689999999999997
2014-06-23,AIL,EQ,551.0,553.0,569.7,531.0,534.85,533.75,550.23,76892,4230790254999.9995,3474.0,33461.0,0.43520000000000003
2014-06-24,AIL,EQ,533.75,537.5,547.85,535.75,539.5,539.15,542.12,31151,1688760785000.0002,1557.0,16084.0,0.5163
2014-06-25,AIL,EQ,539.15,544.85,546.5,526.0,529.8,530.05,534.59,36504,1951468675000.0,1849.0,22239.0,0.6092000000000001
2014-06-26,AIL,EQ,530.05,533.45,537.95,522.0,522.0,523.1,527.33,33038,1742208550000.0,1640.0,21441.0,0.649
2014-06-27,AIL,EQ,523.1,528.95,534.65,517.5,518.25,518.95,525.23,38344,2013951710000.0002,1235.0,27536.0,0.7181000000000001
2014-06-30,AIL,EQ,518.95,522.65,537.0,509.55,519.0,516.15,522.19,100931,5270558190000.0,3377.0,69596.0,0.6895
2014-07-01,AIL,EQ,516.15,519.0,530.05,519.0,521.75,520.65,524.18,41076,2153141439999.9998,1533.0,29210.0,0.7111
2014-07-02,AIL,EQ,520.65,524.0,539.25,521.1,522.0,523.65,525.12,188368,9891573535000.0,2799.0,161964.0,0.8598
2014-07-03,AIL,EQ,523.65,529.5,538.0,525.9,530.05,528.65,529.97,62166,3294640740000.0,1805.0,40715.0,0.6548999999999999
2014-07-04,AIL,EQ,528.65,531.95,533.9,513.1,516.7,515.5,519.35,92556,4806869535000.0,2926.0,67895.0,0.7336
2014-07-07,AIL,EQ,515.5,521.6,531.0,518.5,521.5,520.85,523.14,44537,2329927525000.0,1899.0,25877.0,0.5810000000000001
2014-07-08,AIL,EQ,520.85,527.0,552.0,524.0,526.3,531.85,539.17,481001,25934179125000.0,11152.0,191670.0,0.3985
2014-07-09,AIL,EQ,531.85,531.0,536.0,515.6,532.4,531.05,529.3,77942,4125432435000.0,3349.0,39956.0,0.5126
2014-07-10,AIL,EQ,531.05,533.0,539.8,514.85,529.0,528.6,527.72,42077,2220501490000.0,1908.0,16052.0,0.3815
2014-07-11,AIL,EQ,528.6,524.65,544.4,521.55,531.0,530.95,530.86,74924,3977391879999.9995,3863.0,49716.0,0.6636
2014-07-14,AIL,EQ,530.95,531.0,533.0,518.1,525.0,526.9,525.11,23079,1211904165000.0,1327.0,10763.0,0.46640000000000004
2014-07-15,AIL,EQ,526.9,525.0,538.0,524.55,535.0,534.7,532.19,47271,2515735940000.0,1925.0,19450.0,0.4115
2014-07-16,AIL,EQ,534.7,531.4,557.0,531.4,555.0,553.25,547.29,113060,6187693090000.0,3008.0,58766.0,0.5197999999999999
2014-07-17,AIL,EQ,553.25,550.9,577.2,544.95,559.9,560.95,564.03,141361,7973114480000.0,4145.0,88080.0,0.6231
2014-07-18,AIL,EQ,560.95,559.45,564.9,550.0,553.0,552.85,557.65,41118,2292958880000.0,2191.0,25303.0,0.6154000000000001
2014-07-21,AIL,EQ,552.85,550.0,558.5,545.05,553.0,551.85,552.59,66270,3662018020000.0005,1891.0,50293.0,0.7589
2014-07-22,AIL,EQ,551.85,548.0,558.3,543.0,548.8,548.35,550.29,34194,1881655625000.0,704.0,27433.0,0.8023
2014-07-23,AIL,EQ,548.35,545.4,577.5,545.4,557.55,557.9,565.14,151478,8560601870000.0,5340.0,86387.0,0.5703
2014-07-24,AIL,EQ,557.9,560.95,565.05,554.0,559.9,558.7,559.49,31515,1763222785000.0002,1142.0,18478.0,0.5863
2014-07-25,AIL,EQ,558.7,553.15,559.0,539.5,546.0,543.8,548.99,30605,1680171650000.0,1648.0,15767.0,0.5152
2014-07-28,AIL,EQ,543.8,535.1,545.0,522.25,544.8,541.15,531.01,50274,2669603600000.0,2138.0,26473.0,0.5266
2014-07-30,AIL,EQ,541.15,536.0,544.9,525.5,531.7,530.8,531.61,35381,1880872970000.0,1002.0,27348.0,0.773
2014-07-31,AIL,EQ,530.8,526.2,539.9,526.2,535.0,531.65,534.69,27883,1490879910000.0,655.0,21820.0,0.7826000000000001
2014-08-01,AIL,EQ,531.65,527.0,533.3,518.5,522.5,524.05,526.64,20521,1080709794999.9999,1027.0,11705.0,0.5704
2014-08-04,AIL,EQ,524.05,518.8,532.45,518.8,525.0,524.45,525.55,14162,744286365000.0,568.0,7844.0,0.5539000000000001
2014-08-05,AIL,EQ,524.45,522.6,531.0,522.2,523.5,524.25,524.6,17212,902937650000.0,694.0,11512.0,0.6688
2014-08-06,AIL,EQ,524.25,520.3,539.75,520.3,523.0,523.3,526.15,11775,619547095000.0,656.0,6040.0,0.513
2014-08-07,AIL,EQ,523.3,525.0,538.0,524.4,526.1,525.6,530.15,20858,1105786300000.0,1230.0,9653.0,0.46280000000000004
2014-08-08,AIL,EQ,525.6,521.25,526.5,514.0,515.0,514.95,517.95,22673,1174350225000.0,971.0,13163.0,0.5806
2014-08-11,AIL,EQ,514.95,517.35,524.45,507.7,510.0,509.45,513.31,16004,821500355000.0,771.0,9555.0,0.5970000000000001
2014-08-12,AIL,EQ,509.45,510.1,519.85,500.0,503.9,504.05,507.57,21883,1110705730000.0,1087.0,11668.0,0.5332
2014-08-13,AIL,EQ,504.05,504.45,511.65,490.0,493.6,493.9,498.54,20019,998037094999.9999,1249.0,13131.0,0.6559
2014-08-14,AIL,EQ,493.9,494.4,507.0,490.15,504.6,505.85,501.16,15099,756701170000.0,1187.0,6874.0,0.45530000000000004
2014-08-18,AIL,EQ,505.85,501.3,516.4,497.3,516.4,515.05,508.82,16781,853845650000.0,1204.0,6730.0,0.401
2014-08-19,AIL,EQ,515.05,513.05,515.85,498.0,499.0,502.45,506.06,32399,1639569610000.0,1694.0,19439.0,0.6
2014-08-20,AIL,EQ,502.45,504.1,514.75,503.15,507.9,507.15,508.34,16008,813755680000.0,828.0,9596.0,0.5995
2014-08-21,AIL,EQ,507.15,505.1,514.1,505.1,506.0,506.15,508.7,118955,6051226305000.0,941.0,17359.0,0.1459
2014-08-22,AIL,EQ,506.15,504.45,513.7,493.0,494.0,494.2,498.91,34814,1736891635000.0002,1534.0,20881.0,0.5998
2014-08-25,AIL,EQ,494.2,495.3,513.85,493.9,498.1,502.55,503.32,63409,3191472440000.0,2679.0,26792.0,0.4225
2014-08-26,AIL,EQ,502.55,501.0,512.9,490.55,495.7,498.45,502.17,22500,1129883590000.0,1295.0,7067.0,0.3141
2014-08-27,AIL,EQ,498.45,503.5,507.9,478.1,481.5,485.75,490.59,60748,2980232240000.0,2649.0,34619.0,0.5699000000000001
2014-08-28,AIL,EQ,485.75,486.5,494.4,485.1,487.0,487.15,488.37,25014,1221609780000.0,1273.0,14599.0,0.5836
2014-09-01,AIL,EQ,487.15,489.0,528.0,489.0,517.5,519.8,514.81,125613,6466720865000.0,4829.0,39632.0,0.3155
2014-09-02,AIL,EQ,519.8,522.65,527.0,517.15,525.0,523.9,521.98,34935,1823544875000.0,1743.0,21822.0,0.6246
2014-09-03,AIL,EQ,523.9,524.0,529.0,513.25,518.7,516.7,522.17,26176,1366844745000.0,1179.0,13877.0,0.5301
2014-09-04,AIL,EQ,516.7,513.1,520.95,508.0,511.0,510.75,513.99,35027,1800355889999.9998,1992.0,22519.0,0.6429
2014-09-05,AIL,EQ,510.75,515.0,519.0,503.8,508.9,508.4,510.95,35110,1793952989999.9998,1684.0,24028.0,0.6844
2014-09-08,AIL,EQ,508.4,508.6,517.5,508.6,517.5,516.55,514.79,12533,645187070000.0,661.0,8567.0,0.6836
2014-09-09,AIL,EQ,516.55,512.6,535.0,512.6,520.3,523.85,526.78,101690,5356845710000.0,3345.0,47288.0,0.465
2014-09-10,AIL,EQ,523.85,523.0,530.95,515.65,523.0,524.4,526.3,68947,3628704135000.0,2663.0,42425.0,0.6153000000000001
2014-09-11,AIL,EQ,524.4,520.75,521.0,513.15,518.4,517.35,517.58,35116,1817548289999.9998,1755.0,19557.0,0.5569
2014-09-12,AIL,EQ,517.35,519.95,521.0,508.05,508.2,510.4,514.03,22031,1132454420000.0,1736.0,14816.0,0.6725
2014-09-15,AIL,EQ,510.4,506.0,520.0,500.2,516.15,517.9,513.27,35260,1809799725000.0,2135.0,19811.0,0.5619
2014-09-16,AIL,EQ,517.9,515.25,527.2,501.2,503.25,506.15,517.68,87158,4511991310000.0,4358.0,41558.0,0.4768
2014-09-17,AIL,EQ,506.15,510.0,516.0,500.1,504.9,504.6,506.62,19844,1005336505000.0001,1279.0,10136.0,0.5108
2014-09-18,AIL,EQ,504.6,500.1,515.95,500.0,506.5,503.45,505.8,20955,1059896550000.0,1443.0,13123.0,0.6262
2014-09-19,AIL,EQ,503.45,504.05,511.15,488.55,490.9,490.8,496.3,51572,2559510020000.0,2655.0,37895.0,0.7348
2014-09-22,AIL,EQ,490.8,486.35,504.0,486.35,496.0,494.6,495.35,21685,1074172755000.0001,1121.0,10318.0,0.4758
2014-09-23,AIL,EQ,494.6,491.5,498.0,488.0,488.0,488.8,491.64,13137,645867870000.0,553.0,6615.0,0.5035000000000001
2014-09-24,AIL,EQ,488.8,486.2,492.0,479.6,482.0,481.2,482.25,21279,1026184694999.9999,775.0,15865.0,0.7456
2014-09-25,AIL,EQ,481.2,485.0,488.95,470.1,479.0,474.2,477.91,21556,1030193494999.9999,1110.0,9905.0,0.4595
2014-09-26,AIL,EQ,474.2,472.0,479.95,462.0,474.0,470.95,470.42,22894,1076988680000.0001,1142.0,12851.0,0.5613
2014-09-29,AIL,EQ,470.95,471.2,481.4,470.0,475.5,475.6,475.99,11215,533819350000.0,664.0,5817.0,0.5186999999999999
2014-09-30,AIL,EQ,475.6,473.0,486.0,472.55,478.3,477.4,478.95,13721,657170825000.0,808.0,7308.0,0.5326
2014-10-01,AIL,EQ,477.4,477.0,482.0,470.0,472.0,473.1,474.17,15701,744501260000.0,843.0,9789.0,0.6235
2014-10-07,AIL,EQ,473.1,471.55,483.5,462.5,464.0,463.85,468.23,20413,955798144999.9999,1716.0,13354.0,0.6542
2014-10-08,AIL,EQ,463.85,460.5,471.9,460.05,461.0,460.8,463.4,96031,4450087100000.0,2080.0,83541.0,0.8699
2014-10-09,AIL,EQ,460.8,460.05,477.0,460.05,464.8,465.65,465.6,167661,7806228650000.0,2177.0,156135.0,0.9313
2014-10-10,AIL,EQ,465.65,465.0,471.9,461.05,468.0,469.9,465.19,45911,2135743220000.0,750.0,37138.0,0.8089000000000001
2014-10-13,AIL,EQ,469.9,466.25,478.45,464.0,473.0,470.5,473.29,24790,1173292435000.0,1334.0,5987.0,0.2415
2014-10-14,AIL,EQ,470.5,468.1,476.5,465.1,469.6,468.35,470.08,14611,686838585000.0,683.0,6916.0,0.4733
2014-10-16,AIL,EQ,468.35,465.8,472.0,463.0,464.0,468.7,467.98,240316,11246390045000.0,696.0,233983.0,0.9736
2014-10-17,AIL,EQ,468.7,465.0,482.5,465.0,477.8,478.2,477.58,34516,1648432155000.0,2138.0,14766.0,0.4278
2014-10-20,AIL,EQ,478.2,485.8,485.85,476.0,481.0,480.3,479.97,10651,511211150000.0,560.0,5072.0,0.47619999999999996
2014-10-21,AIL,EQ,480.3,476.3,486.7,473.2,482.15,480.5,480.36,19914,956585690000.0,644.0,11927.0,0.5989
2014-10-22,AIL,EQ,480.5,486.2,496.0,482.0,489.0,488.1,487.7,131840,6429813575000.0,1024.0,109811.0,0.8329000000000001
2014-10-23,AIL,EQ,488.1,490.1,496.3,490.1,492.0,491.65,493.14,8105,399689980000.0,306.0,5306.0,0.6547
2014-10-27,AIL,EQ,491.65,489.65,493.0,475.0,477.0,476.15,483.45,22762,1100424350000.0,1008.0,17650.0,0.7754000000000001
2014-10-28,AIL,EQ,476.15,484.0,489.95,477.0,478.0,479.3,484.37,27407,1327502960000.0,742.0,11270.0,0.4112
2014-10-29,AIL,EQ,479.3,479.0,488.0,479.0,485.25,485.5,483.92,84155,4072390225000.0,905.0,79746.0,0.9476000000000001
2014-10-30,AIL,EQ,485.5,483.2,502.5,483.2,494.9,493.05,493.78,188463,9306015410000.0,1235.0,172126.0,0.9133
2014-10-31,AIL,EQ,493.05,497.2,538.6,492.95,533.0,530.65,524.71,490832,25754408145000.0,11362.0,134265.0,0.2735
2014-11-03,AIL,EQ,530.65,532.25,553.9,523.3,527.5,527.95,536.26,118249,6341264785000.0,4302.0,44971.0,0.3803
2014-11-05,AIL,EQ,527.95,525.15,534.0,514.1,516.5,515.65,521.74,52716,2750415030000.0,4194.0,33419.0,0.6339
2014-11-07,AIL,EQ,515.65,517.0,530.0,517.0,525.0,525.5,523.71,54761,2867889565000.0,1980.0,34846.0,0.6363000000000001
2014-11-10,AIL,EQ,525.5,525.0,542.5,520.55,535.5,536.55,536.32,76014,4076799190000.0,3039.0,41549.0,0.5466
2014-11-11,AIL,EQ,536.55,541.95,583.9,540.0,571.0,572.55,570.56,374194,21349957160000.0,13288.0,156801.0,0.419
2014-11-12,AIL,EQ,572.55,565.15,576.0,556.5,558.0,559.5,568.6,86387,4911969840000.0,3354.0,50077.0,0.5797
2014-11-13,AIL,EQ,559.5,562.0,583.8,560.0,579.0,578.6,573.16,242279,13886519600000.0,2790.0,187551.0,0.7741
2014-11-14,AIL,EQ,578.6,581.95,596.15,572.1,575.3,575.65,584.66,120289,7032767284999.999,4107.0,46075.0,0.383
2014-11-17,AIL,EQ,575.65,572.55,604.0,555.65,598.0,594.65,577.38,429631,24806153970000.0,4043.0,376649.0,0.8767
2014-11-18,AIL,EQ,594.65,597.9,613.65,593.0,598.0,595.85,606.47,189676,11503316895000.0,3924.0,127168.0,0.6704000000000001
2014-11-19,AIL,EQ,595.85,600.0,609.7,562.0,590.0,580.6,578.36,193684,11201940150000.0,4455.0,105923.0,0.5468999999999999
2014-11-20,AIL,EQ,580.6,594.8,614.0,582.2,598.65,598.35,606.04,185834,11262363930000.0,4537.0,95472.0,0.5136999999999999
2014-11-21,AIL,EQ,598.35,595.05,630.5,593.75,597.4,602.45,614.14,163344,10031559750000.0,4888.0,85622.0,0.5242
2014-11-24,AIL,EQ,602.45,608.0,619.0,591.5,602.1,603.05,607.58,80938,4917657340000.0,2271.0,34047.0,0.4207
2014-11-25,AIL,EQ,603.05,603.8,605.0,580.0,583.5,583.15,584.97,91529,5354186650000.0,1835.0,76286.0,0.8334999999999999
2014-11-26,AIL,EQ,583.15,594.75,594.75,575.1,583.0,582.35,582.41,111134,6472565960000.0,1269.0,96779.0,0.8708
2014-11-27,AIL,EQ,582.35,578.25,594.3,572.8,579.9,577.75,583.27,33381,1947004060000.0002,1394.0,19797.0,0.5931000000000001
2014-11-28,AIL,EQ,577.75,581.4,602.0,580.0,588.0,588.7,587.65,219907,12922838275000.0,2137.0,94708.0,0.4307
2014-12-01,AIL,EQ,588.7,592.45,600.0,587.0,587.6,589.45,592.58,89442,5300153485000.0,1469.0,70804.0,0.7916
2014-12-02,AIL,EQ,589.45,589.45,596.3,579.8,579.8,581.95,586.72,22248,1305333030000.0,856.0,13335.0,0.5994
2014-12-03,AIL,EQ,581.95,582.0,592.65,581.75,585.0,586.55,586.8,157864,9263410110000.0,2831.0,136413.0,0.8641
2014-12-04,AIL,EQ,586.55,590.3,626.0,586.0,614.0,613.0,613.72,173606,10654584165000.0,5853.0,54351.0,0.3131
2014-12-05,AIL,EQ,613.0,625.25,638.0,619.0,629.0,627.25,629.31,226475,14252270740000.0,4067.0,115222.0,0.5088
2014-12-08,AIL,EQ,627.25,632.9,644.5,613.0,620.0,619.8,630.62,203012,12802428355000.0,4160.0,53672.0,0.2644
2014-12-09,AIL,EQ,619.8,620.0,623.65,601.1,604.0,602.35,608.91,40413,2460786465000.0,1862.0,23190.0,0.5738000000000001
2014-12-10,AIL,EQ,602.35,603.0,613.0,597.0,600.0,599.6,603.83,94348,5696985545000.0,2859.0,62879.0,0.6665000000000001
2014-12-11,AIL,EQ,599.6,600.0,608.6,583.2,597.05,598.7,600.38,43708,2624119550000.0,2339.0,24313.0,0.5563
2014-12-12,AIL,EQ,598.7,602.9,608.0,585.4,589.55,589.35,599.63,27637,1657205350000.0,1351.0,16413.0,0.5939
2014-12-15,AIL,EQ,589.35,589.95,595.0,575.1,576.0,578.45,584.11,42972,2510021445000.0,1094.0,34718.0,0.8079000000000001
2014-12-16,AIL,EQ,578.45,578.0,621.0,560.35,570.0,566.95,577.27,32658,1885258705000.0,1203.0,16724.0,0.5121
2014-12-17,AIL,EQ,566.95,562.0,571.0,543.0,556.0,554.1,556.09,63743,3544710610000.0,1153.0,46327.0,0.7268000000000001
2014-12-18,AIL,EQ,554.1,562.25,582.0,562.25,577.15,577.55,574.38,146514,8415403865000.001,1551.0,132199.0,0.9023000000000001
2014-12-19,AIL,EQ,577.55,584.95,603.9,579.6,598.55,600.45,591.27,139944,8274504790000.001,2010.0,114504.0,0.8181999999999999
2014-12-22,AIL,EQ,600.45,605.5,613.2,597.95,603.0,602.85,603.35,85073,5132891805000.0,1615.0,69187.0,0.8133
2014-12-23,AIL,EQ,602.85,599.0,625.65,598.0,618.0,616.05,612.68,270916,16598578444999.998,2826.0,233743.0,0.8628
2014-12-24,AIL,EQ,616.05,618.0,618.85,603.55,605.0,605.4,606.81,23074,1400155890000.0,2112.0,14238.0,0.6171
2014-12-26,AIL,EQ,605.4,609.55,616.0,600.15,601.5,603.85,605.02,68074,4118623310000.0,844.0,59511.0,0.8742000000000001
2014-12-29,AIL,EQ,603.85,603.9,615.0,603.0,611.0,611.65,610.27,29106,1776248045000.0,1297.0,15708.0,0.5397
2014-12-30,AIL,EQ,611.65,614.8,614.8,606.6,610.5,610.4,610.12,113905,6949530350000.0,843.0,104926.0,0.9212
2014-12-31,AIL,EQ,610.4,613.9,645.0,607.1,632.0,636.55,629.94,171077,10776846030000.0,4313.0,93183.0,0.5447
2015-01-01,AIL,EQ,636.55,642.25,648.0,628.8,630.0,632.6,637.97,58688,3744116679999.9995,2296.0,23179.0,0.395
2015-01-02,AIL,EQ,632.6,632.7,650.0,628.25,648.0,647.25,641.09,61394,3935934645000.0005,2148.0,34863.0,0.5679
2015-01-05,AIL,EQ,647.25,643.15,660.65,642.15,645.1,644.95,651.5,54246,3534147595000.0005,2111.0,18799.0,0.34659999999999996
2015-01-06,AIL,EQ,644.95,641.0,644.9,615.25,618.55,620.15,629.32,36492,2296530500000.0,1886.0,20275.0,0.5556
2015-01-07,AIL,EQ,620.15,625.0,638.0,625.0,637.0,631.85,633.49,41072,2601865570000.0,1855.0,18632.0,0.4536
2015-01-08,AIL,EQ,631.85,639.0,659.0,639.0,644.95,645.55,650.01,88656,5762712010000.0,2323.0,36295.0,0.4094
2015-01-09,AIL,EQ,645.55,650.0,657.9,630.1,635.9,635.7,638.98,28877,1845179580000.0,1507.0,14713.0,0.5095000000000001
2015-01-12,AIL,EQ,635.7,641.45,669.4,628.95,666.0,667.0,657.0,78693,5170144835000.0,3711.0,28182.0,0.35810000000000003
2015-01-13,AIL,EQ,667.0,671.5,702.4,669.0,683.15,679.25,684.16,147520,10092672140000.0,5725.0,59087.0,0.40049999999999997
2015-01-14,AIL,EQ,679.25,683.65,697.05,676.1,692.0,689.45,688.42,47506,3270398600000.0,4999.0,18060.0,0.38020000000000004
2015-01-15,AIL,EQ,689.45,693.0,704.9,681.6,685.95,684.55,693.05,62051,4300435645000.0005,3317.0,21878.0,0.35259999999999997
2015-01-16,AIL,EQ,684.55,685.0,696.95,680.0,680.1,682.3,687.49,32573,2239345120000.0,1422.0,12171.0,0.3737
2015-01-19,AIL,EQ,682.3,684.0,694.2,670.0,673.0,675.6,683.09,25618,1749943085000.0002,1073.0,12219.0,0.47700000000000004
2015-01-20,AIL,EQ,675.6,677.9,683.85,675.95,679.8,679.25,680.16,21231,1444053000000.0,868.0,14578.0,0.6866
2015-01-21,AIL,EQ,679.25,682.0,690.0,677.65,686.95,685.3,683.64,22127,1512694345000.0,1323.0,11523.0,0.5208
2015-01-22,AIL,EQ,685.3,692.0,718.0,690.2,710.0,713.15,708.04,172403,12206775630000.0,4414.0,86644.0,0.5025999999999999
2015-01-23,AIL,EQ,713.15,722.85,729.4,668.0,670.0,697.15,705.14,242661,17110993469999.998,8713.0,93024.0,0.3833
2015-01-27,AIL,EQ,697.15,700.9,749.9,694.65,723.5,724.55,725.49,300962,21834367425000.0,11620.0,97247.0,0.32310000000000005
2015-01-28,AIL,EQ,724.55,726.85,740.7,716.85,725.0,724.45,727.05,90014,6544428895000.0,3827.0,52724.0,0.5857
2015-01-29,AIL,EQ,724.45,722.0,724.0,690.0,713.0,712.45,714.19,31740,2266843420000.0,2887.0,16901.0,0.5325
2015-01-30,AIL,EQ,712.45,710.0,721.0,694.6,700.0,698.8,706.84,35082,2479735635000.0,1847.0,22132.0,0.6309
2015-02-02,AIL,EQ,698.8,698.5,710.2,690.1,696.5,698.1,700.01,29775,2084267430000.0,2353.0,12253.0,0.4115
2015-02-03,AIL,EQ,698.1,699.0,703.5,691.6,693.0,694.95,694.11,34098,2366764120000.0,1609.0,16567.0,0.48590000000000005
2015-02-04,AIL,EQ,694.95,697.7,711.2,692.0,701.0,698.75,702.42,20300,1425910935000.0,1949.0,10131.0,0.4991
2015-02-05,AIL,EQ,698.75,701.0,702.65,671.0,675.0,678.45,687.89,26444,1819063845000.0,1527.0,14793.0,0.5594
2015-02-06,AIL,EQ,678.45,676.95,682.0,670.1,680.0,675.25,675.7,21902,1479928285000.0,1003.0,16625.0,0.7591
2015-02-09,AIL,EQ,675.25,673.0,673.0,652.1,656.0,660.05,661.68,20990,1388875785000.0,2169.0,13195.0,0.6286
2015-02-10,AIL,EQ,660.05,662.9,681.05,655.1,672.0,670.75,669.54,12930,865715080000.0001,1074.0,4143.0,0.3204
2015-02-11,AIL,EQ,670.75,673.0,700.0,672.35,695.0,689.9,690.88,30597,2113872430000.0,1853.0,9576.0,0.313
2015-02-12,AIL,EQ,689.9,691.2,736.0,691.2,729.8,727.65,717.88,49316,3540311500000.0,2367.0,22746.0,0.4612
2015-02-13,AIL,EQ,727.65,725.0,748.55,721.0,725.0,727.8,738.55,40000,2954188470000.0,2632.0,21287.0,0.5322
2015-02-16,AIL,EQ,727.8,729.0,748.55,727.35,729.0,729.6,735.23,47057,3459748950000.0,2421.0,28101.0,0.5972
2015-02-18,AIL,EQ,729.6,730.5,751.0,730.3,738.05,740.0,741.58,75173,5574695915000.0,1958.0,37527.0,0.49920000000000003
2015-02-19,AIL,EQ,740.0,743.0,762.0,737.0,738.5,739.7,746.09,46587,3475811375000.0,1821.0,22079.0,0.4739
2015-02-20,AIL,EQ,739.7,742.0,752.25,729.95,751.5,747.65,742.55,78657,5840698085000.0,2059.0,66993.0,0.8517
2015-02-23,AIL,EQ,747.65,750.0,772.0,696.1,699.0,716.0,733.32,110111,8074670915000.001,3571.0,59565.0,0.541
2015-02-24,AIL,EQ,716.0,711.0,714.0,673.15,675.0,679.35,690.96,63917,4416420625000.0,3982.0,41362.0,0.6470999999999999
2015-02-25,AIL,EQ,679.35,677.0,689.0,670.0,679.95,676.0,680.48,34622,2355971065000.0,1847.0,22841.0,0.6597
2015-02-26,AIL,EQ,676.0,687.8,704.0,646.1,678.0,657.1,672.25,146506,9848821950000.0,5231.0,82648.0,0.5640999999999999
2015-02-27,AIL,EQ,657.1,660.0,682.2,660.0,671.0,669.75,672.08,107294,7211063400000.0,5592.0,78094.0,0.7279000000000001
2015-02-28,AIL,EQ,669.75,672.0,688.0,662.0,680.0,680.55,679.17,35525,2412747940000.0,2491.0,16518.0,0.465
2015-03-02,AIL,EQ,680.55,684.0,707.0,682.1,706.9,703.95,695.77,46401,3228434025000.0,2852.0,30103.0,0.6487999999999999
2015-03-03,AIL,EQ,703.95,709.0,712.0,696.45,707.0,702.45,704.16,25402,1788708239999.9998,1321.0,13185.0,0.5191
2015-03-04,AIL,EQ,702.45,714.85,753.0,697.6,709.0,712.75,725.05,140402,10179879125000.0,6294.0,50934.0,0.3628
2015-03-05,AIL,EQ,712.75,712.0,730.0,704.35,710.0,713.25,718.25,93380,6706994455000.0,1880.0,68544.0,0.7340000000000001
2015-03-09,AIL,EQ,713.25,711.0,725.9,704.35,704.7,706.5,710.41,39889,2833761885000.0,1902.0,30920.0,0.7752
2015-03-10,AIL,EQ,706.5,709.0,716.0,684.45,704.3,701.45,705.53,152989,10793891590000.0,1426.0,142393.0,0.9307
2015-03-11,AIL,EQ,701.45,700.0,703.9,686.5,700.0,695.45,695.82,31224,2172637564999.9998,1457.0,23659.0,0.7576999999999999
2015-03-12,AIL,EQ,695.45,697.0,715.0,688.4,700.0,702.0,708.24,92449,6547631575000.0,1905.0,79199.0,0.8567
2015-03-13,AIL,EQ,702.0,704.9,714.0,693.2,700.0,702.25,700.59,40696,2851133045000.0,1320.0,32349.0,0.7948999999999999
2015-03-16,AIL,EQ,702.25,705.0,705.0,695.2,701.0,700.05,700.2,12357,865242980000.0001,1331.0,8939.0,0.7234
2015-03-17,AIL,EQ,700.05,702.0,720.0,697.05,703.1,705.0,705.61,19829,1399144190000.0,1211.0,12881.0,0.6496
2015-03-18,AIL,EQ,705.0,711.85,711.85,700.0,700.0,700.0,701.37,18227,1278386730000.0,1205.0,14429.0,0.7916
2015-03-19,AIL,EQ,700.0,714.85,714.85,691.2,701.8,699.4,697.75,85962,5998003045000.0,1390.0,79215.0,0.9215000000000001
2015-03-20,AIL,EQ,699.4,711.95,711.95,684.0,687.2,688.75,692.3,28394,1965729685000.0002,2611.0,21908.0,0.7716
2015-03-23,AIL,EQ,688.75,694.95,698.0,686.4,689.0,688.55,688.33,21583,1485618200000.0,930.0,18375.0,0.8514
2015-03-24,AIL,EQ,688.55,687.9,688.75,675.25,681.5,681.25,681.74,29491,2010505205000.0,654.0,26185.0,0.8879000000000001
2015-03-25,AIL,EQ,681.25,681.25,683.0,656.25,683.0,668.9,667.79,38273,2555818875000.0,2401.0,29357.0,0.767
2015-03-26,AIL,EQ,668.9,660.05,691.0,660.05,691.0,676.45,671.44,57113,3834816220000.0005,612.0,51834.0,0.9076000000000001
2015-03-27,AIL,EQ,676.45,689.0,697.0,667.2,689.0,685.75,683.05,17864,1220205970000.0,1506.0,9604.0,0.5376
2015-03-30,AIL,EQ,685.75,680.0,713.4,680.0,708.0,708.85,704.81,26700,1881850060000.0002,2162.0,10815.0,0.4051
2015-03-31,AIL,EQ,708.85,714.8,736.6,701.0,735.0,729.5,724.02,68028,4925355420000.0,4116.0,38679.0,0.5686
2015-04-01,AIL,EQ,729.5,735.0,747.9,725.1,733.0,734.8,739.32,31780,2349560610000.0,2415.0,18385.0,0.5785
2015-04-06,AIL,EQ,734.8,734.8,744.0,730.0,742.0,737.4,736.63,11471,844984380000.0001,899.0,8165.0,0.7118000000000001
2015-04-07,AIL,EQ,737.4,740.0,748.0,722.0,731.0,728.95,730.5,23106,1687900985000.0002,1371.0,20173.0,0.8731
2015-04-08,AIL,EQ,728.95,725.15,743.0,724.55,726.2,727.15,731.4,9446,690884550000.0,2291.0,4871.0,0.5157
2015-04-09,AIL,EQ,727.15,737.9,739.85,717.75,727.15,727.05,730.85,16960,1239518715000.0,2135.0,8747.0,0.5157
2015-04-10,AIL,EQ,727.05,738.0,738.0,719.95,724.4,725.45,727.76,8045,585486685000.0,1853.0,4343.0,0.5398
2015-04-13,AIL,EQ,725.45,725.0,754.3,725.0,732.8,732.8,740.41,45473,3366885535000.0,3313.0,22975.0,0.5052000000000001
2015-04-15,AIL,EQ,732.8,738.8,743.9,726.8,732.0,731.0,737.0,14958,1102402040000.0,2044.0,8085.0,0.5405
2015-04-16,AIL,EQ,731.0,737.9,750.0,716.0,740.0,737.8,736.03,27577,2029751545000.0,2747.0,12039.0,0.4366
2015-04-17,AIL,EQ,737.8,743.75,746.0,722.0,725.0,724.75,730.55,13967,1020366030000.0001,1981.0,9382.0,0.6717000000000001
2015-04-20,AIL,EQ,724.75,717.0,743.0,717.0,734.05,734.95,725.62,98603,7154843225000.0,2591.0,90951.0,0.9224
2015-04-21,AIL,EQ,734.95,739.0,747.45,724.0,730.35,730.35,732.97,47457,3478435015000.0,3105.0,31962.0,0.6735
2015-04-22,AIL,EQ,730.35,742.8,742.8,728.8,738.05,738.4,734.52,31287,2298103545000.0,2957.0,19572.0,0.6256
2015-04-23,AIL,EQ,738.4,744.0,764.0,734.5,735.0,737.65,749.9,44799,3359491795000.0005,3366.0,16035.0,0.3579
2015-04-24,AIL,EQ,737.65,745.75,745.75,721.0,732.0,734.3,732.11,36253,2654117400000.0,2909.0,28060.0,0.774
2015-04-27,AIL,EQ,734.3,725.2,743.45,708.0,712.0,712.3,714.39,17534,1252616745000.0,2247.0,11730.0,0.669
2015-04-28,AIL,EQ,712.3,705.05,735.0,700.0,733.0,731.9,720.7,14354,1034491094999.9999,2284.0,9260.0,0.6451000000000001
2015-04-29,AIL,EQ,731.9,735.0,745.9,725.15,736.0,737.6,735.26,18759,1379273075000.0,2667.0,11367.0,0.6059
2015-04-30,AIL,EQ,737.6,707.5,724.45,700.25,717.0,716.8,714.17,46356,3310586180000.0,6687.0,24257.0,0.5233
2015-05-04,AIL,EQ,716.8,721.0,728.9,717.0,721.0,723.5,724.77,13497,978217610000.0,2313.0,7904.0,0.5856
2015-05-05,AIL,EQ,723.5,729.35,729.4,716.0,723.0,720.05,723.51,9514,688346700000.0,1843.0,4779.0,0.5023
2015-05-06,AIL,EQ,720.05,724.9,724.9,705.0,714.0,708.4,709.85,215751,15315157850000.0,2750.0,9631.0,0.0446
2015-05-07,AIL,EQ,708.4,706.0,716.85,692.3,712.0,709.3,707.48,16165,1143647220000.0,2639.0,10916.0,0.6753
2015-05-08,AIL,EQ,709.3,718.0,726.8,714.5,722.0,723.2,719.93,17045,1227114095000.0,3076.0,11948.0,0.701
2015-05-11,AIL,EQ,723.2,723.2,749.0,723.2,745.0,741.45,738.35,37090,2738546890000.0,2765.0,25687.0,0.6926000000000001
2015-05-12,AIL,EQ,741.45,744.0,763.0,735.0,744.0,743.2,752.66,77082,5801641790000.0,6996.0,31953.0,0.41450000000000004
2015-05-13,AIL,EQ,743.2,748.0,773.0,745.8,758.95,759.95,763.79,89905,6866823240000.001,4931.0,33055.0,0.3677
2015-05-14,AIL,EQ,759.95,748.0,763.8,745.0,747.5,748.2,750.69,15181,1139615775000.0,2636.0,8248.0,0.5433
2015-05-15,AIL,EQ,748.2,753.15,757.5,738.2,743.0,742.45,746.18,9157,683277945000.0,1759.0,5908.0,0.6452
2015-05-18,AIL,EQ,742.45,742.0,766.9,742.0,748.0,747.65,755.69,35242,2663186475000.0,2658.0,12072.0,0.3425
2015-05-19,AIL,EQ,747.65,754.9,754.9,731.0,741.55,744.0,742.04,17749,1317050300000.0,1920.0,10788.0,0.6078
2015-05-20,AIL,EQ,744.0,740.1,750.9,733.55,738.0,739.95,741.15,12461,923545515000.0,811.0,5813.0,0.46649999999999997
2015-05-21,AIL,EQ,739.95,751.5,751.5,729.95,730.0,730.1,730.85,59200,4326630595000.0005,1029.0,55613.0,0.9394
2015-05-22,AIL,EQ,730.1,737.45,745.85,716.5,724.15,725.1,731.76,9342,683608325000.0,1289.0,6485.0,0.6942
2015-05-25,AIL,EQ,725.1,726.3,736.0,722.0,725.8,725.15,727.85,5525,402139055000.0,1107.0,3774.0,0.6831
2015-05-26,AIL,EQ,725.15,730.0,730.0,724.65,728.4,726.85,725.11,62247,4513571600000.0,1394.0,60642.0,0.9742000000000001
2015-05-27,AIL,EQ,726.85,738.0,743.0,724.95,741.15,738.25,734.03,7510,551257975000.0,1635.0,5031.0,0.6698999999999999
2015-05-28,AIL,EQ,738.25,740.0,750.0,736.0,738.65,738.15,742.77,13616,1011361260000.0,2213.0,10833.0,0.7956000000000001
2015-05-29,AIL,EQ,738.15,744.85,744.85,725.0,738.0,732.1,734.21,14739,1082148005000.0001,3878.0,10559.0,0.7164
2015-06-01,AIL,EQ,732.1,743.0,743.0,725.0,729.9,726.75,731.03,9580,700330985000.0,1977.0,7367.0,0.7690000000000001
2015-06-02,AIL,EQ,726.75,726.55,735.0,720.1,721.05,724.25,725.98,16602,1205271180000.0,1182.0,14439.0,0.8697
2015-06-03,AIL,EQ,724.25,722.65,736.0,717.0,735.0,731.9,726.68,43723,3177265580000.0,3250.0,28009.0,0.6406000000000001
2015-06-04,AIL,EQ,731.9,721.0,737.7,720.5,734.9,733.3,729.76,13821,1008602169999.9999,2907.0,8270.0,0.5984
2015-06-05,AIL,EQ,733.3,736.85,737.7,725.2,726.5,727.35,730.53,10220,746598340000.0,1322.0,6390.0,0.6252000000000001
2015-06-08,AIL,EQ,727.35,734.9,736.45,715.55,724.0,722.45,725.65,5075,368267330000.0,1620.0,2827.0,0.557
2015-06-09,AIL,EQ,722.45,729.0,729.0,705.3,712.0,710.9,712.62,10627,757297890000.0,1828.0,5791.0,0.5449
2015-06-10,AIL,EQ,710.9,720.0,730.0,710.0,712.25,712.3,717.56,9962,714834260000.0,1496.0,4159.0,0.4175
2015-06-11,AIL,EQ,712.3,719.9,720.0,711.95,715.0,714.85,715.58,9157,655259355000.0,1161.0,7716.0,0.8426
2015-06-12,AIL,EQ,714.85,717.5,719.0,710.0,712.95,711.45,713.37,5730,408760560000.0,1302.0,3488.0,0.6087
2015-06-15,AIL,EQ,711.45,714.5,725.35,713.0,718.5,717.8,719.61,8302,597421240000.0,1231.0,4266.0,0.5139
2015-06-16,AIL,EQ,717.8,719.8,729.45,708.8,726.0,724.8,718.85,6926,497872065000.00006,1199.0,4079.0,0.5889
2015-06-17,AIL,EQ,724.8,728.85,743.0,722.55,739.0,736.7,736.29,15205,1119527660000.0,1168.0,6107.0,0.40159999999999996
2015-06-18,AIL,EQ,736.7,745.95,745.95,727.5,738.9,738.0,737.36,4268,314704135000.0,779.0,2689.0,0.63
2015-06-19,AIL,EQ,738.0,741.95,753.9,720.1,721.0,723.95,741.53,29486,2186485960000.0002,1649.0,12026.0,0.4079
2015-06-22,AIL,EQ,723.95,745.0,745.0,722.05,722.2,724.15,726.0,9993,725488010000.0,904.0,8259.0,0.8265000000000001
2015-06-23,AIL,EQ,724.15,734.0,736.0,721.05,730.1,732.8,729.23,9446,688832450000.0,1258.0,4346.0,0.4601
2015-06-24,AIL,EQ,732.8,739.85,739.85,724.0,725.75,728.8,731.74,4370,319772445000.0,625.0,2654.0,0.6073
2015-06-25,AIL,EQ,728.8,729.0,737.0,716.2,721.9,720.05,725.93,6978,506550520000.0,813.0,5225.0,0.7488
2015-06-26,AIL,EQ,720.05,728.95,738.0,716.1,731.05,733.6,729.41,12177,888206725000.0,1407.0,7191.0,0.5905
2015-06-29,AIL,EQ,733.6,721.0,740.9,720.25,723.9,722.4,727.91,26112,1900731439999.9998,1841.0,12780.0,0.4894
2015-06-30,AIL,EQ,722.4,732.0,732.0,710.35,717.95,719.65,719.91,10354,745399360000.0,975.0,7439.0,0.7184999999999999
2015-07-01,AIL,EQ,719.65,729.95,740.4,719.5,740.4,735.8,729.28,18776,1369293430000.0,1760.0,12164.0,0.6478
2015-07-02,AIL,EQ,735.8,735.0,750.0,733.2,742.2,742.6,745.03,22222,1655595095000.0,1446.0,12387.0,0.5574
2015-07-03,AIL,EQ,742.6,748.9,762.4,745.0,745.85,749.55,756.02,29528,2232374560000.0,1599.0,11674.0,0.3954
2015-07-06,AIL,EQ,749.55,750.0,807.0,736.8,777.0,778.85,782.11,102062,7982408065000.001,4444.0,27959.0,0.27390000000000003
2015-07-07,AIL,EQ,778.85,785.7,793.95,765.3,766.45,770.05,776.75,20147,1564926950000.0,1044.0,11423.0,0.5670000000000001
2015-07-08,AIL,EQ,770.05,763.0,779.8,750.0,757.8,756.75,764.61,29444,2251319630000.0,1780.0,15635.0,0.531
2015-07-09,AIL,EQ,756.75,769.0,782.7,757.0,764.0,765.0,770.31,18221,1403586530000.0,1216.0,9615.0,0.5277000000000001
2015-07-10,AIL,EQ,765.0,768.0,778.0,762.0,765.1,766.4,769.02,11311,869841465000.0,576.0,6564.0,0.5803
2015-07-13,AIL,EQ,766.4,775.8,775.8,765.2,768.65,769.65,769.12,9091,699210940000.0,454.0,6674.0,0.7341
2015-07-14,AIL,EQ,769.65,768.5,772.85,757.75,761.15,760.15,766.81,9771,749247290000.0,745.0,5242.0,0.5365
2015-07-15,AIL,EQ,760.15,769.7,774.0,760.2,770.0,768.5,769.03,18111,1392782685000.0,1134.0,9422.0,0.5202
2015-07-16,AIL,EQ,768.5,768.55,783.5,761.15,775.0,773.95,777.41,17662,1373061850000.0,1101.0,6247.0,0.35369999999999996
2015-07-17,AIL,EQ,773.95,768.55,782.0,768.5,778.85,776.35,776.67,9348,726033625000.0,723.0,4870.0,0.521
2015-07-20,AIL,EQ,776.35,777.0,802.4,776.0,780.1,782.45,790.35,57378,4534896345000.0,1797.0,19623.0,0.342
2015-07-21,AIL,EQ,782.45,780.05,845.55,780.0,814.9,812.3,822.89,163723,13472588830000.002,11998.0,58745.0,0.3588
2015-07-22,AIL,EQ,812.3,814.35,828.7,813.0,827.0,819.8,821.38,38114,3130594425000.0,2767.0,16474.0,0.4322
2015-07-23,AIL,EQ,819.8,797.0,823.05,785.0,821.4,817.4,801.64,118089,9466502860000.0,4281.0,76240.0,0.6456000000000001
2015-07-24,AIL,EQ,817.4,825.9,835.95,810.25,815.0,815.0,821.12,23359,1918050150000.0,1340.0,13587.0,0.5817
2015-07-27,AIL,EQ,815.0,809.9,824.0,785.7,815.55,818.75,806.4,29816,2404363650000.0,2913.0,16488.0,0.5529999999999999
2015-07-28,AIL,EQ,818.75,823.6,823.8,791.0,800.6,796.0,807.08,11620,937821835000.0,1415.0,4681.0,0.40280000000000005
2015-07-29,AIL,EQ,796.0,792.05,848.0,792.05,829.0,829.5,829.51,42609,3534444840000.0,2842.0,20611.0,0.48369999999999996
2015-07-30,AIL,EQ,829.5,833.0,836.0,813.0,822.0,820.15,823.23,9158,753909825000.0,1048.0,4412.0,0.4818
2015-07-31,AIL,EQ,820.15,811.25,830.0,810.0,819.0,822.55,818.94,10389,850792805000.0001,850.0,6108.0,0.5879
2015-08-03,AIL,EQ,822.55,811.2,829.3,811.2,818.0,817.35,820.88,78864,6473784620000.0,1191.0,74421.0,0.9437000000000001
2015-08-04,AIL,EQ,817.35,827.5,837.65,812.75,823.05,825.65,830.17,14127,1172787915000.0,894.0,7770.0,0.55
2015-08-05,AIL,EQ,825.65,836.0,844.85,826.0,831.0,832.95,833.3,9721,810048335000.0,824.0,6125.0,0.6301
2015-08-06,AIL,EQ,832.95,844.0,876.95,820.2,858.0,857.3,864.63,46584,4027775360000.0,2189.0,26483.0,0.5685
2015-08-07,AIL,EQ,857.3,858.0,866.8,835.0,837.0,840.05,854.49,10035,857483300000.0,917.0,4251.0,0.4236
2015-08-10,AIL,EQ,840.05,847.0,849.8,820.0,821.1,825.85,833.35,6764,563680535000.0,528.0,4224.0,0.6245
2015-08-11,AIL,EQ,825.85,826.05,834.95,816.1,817.6,819.5,824.9,7191,593186655000.0,899.0,4571.0,0.6357
2015-08-12,AIL,EQ,819.5,829.0,829.0,795.0,807.4,806.6,805.56,8543,688188830000.0,1152.0,5063.0,0.5926
2015-08-13,AIL,EQ,806.6,800.0,811.0,768.0,768.1,770.55,782.71,60547,4739082215000.0,2095.0,41405.0,0.6838
2015-08-14,AIL,EQ,770.55,784.9,784.9,743.95,782.0,771.3,757.92,27777,2105272825000.0,1441.0,16004.0,0.5761999999999999
2015-08-17,AIL,EQ,771.3,782.9,782.9,749.0,752.55,754.9,754.71,75439,5693492055000.0,1501.0,70026.0,0.9281999999999999
2015-08-18,AIL,EQ,754.9,769.9,779.0,752.0,757.0,753.6,764.96,28143,2152818664999.9998,2356.0,9193.0,0.32670000000000005
2015-08-19,AIL,EQ,753.6,752.0,762.35,737.25,754.0,754.4,747.81,24317,1818444439999.9998,1877.0,14286.0,0.5875
2015-08-20,AIL,EQ,754.4,749.0,754.4,737.05,739.0,738.85,742.26,26496,1966700339999.9998,1593.0,19077.0,0.72
2015-08-21,AIL,EQ,738.85,727.15,739.0,718.0,730.0,730.05,730.09,57330,4185615420000.0005,1377.0,53866.0,0.9396
2015-08-24,AIL,EQ,730.05,724.0,726.55,658.4,666.0,666.25,688.66,26982,1858153895000.0,2147.0,18943.0,0.7021
2015-08-25,AIL,EQ,666.25,668.0,693.9,612.1,681.0,676.95,646.94,37474,2424353210000.0,2738.0,24525.0,0.6545000000000001
2015-08-26,AIL,EQ,676.95,671.0,695.0,650.0,685.0,685.65,676.8,10789,730202060000.0,1860.0,5792.0,0.5368
2015-08-27,AIL,EQ,685.65,685.0,703.95,682.5,688.5,694.25,694.42,12267,851849985000.0,1713.0,6743.0,0.5497
2015-08-28,AIL,EQ,694.25,708.0,713.0,672.2,675.0,677.85,698.84,12637,883122675000.0,1362.0,7296.0,0.5774
2015-08-31,AIL,EQ,677.85,678.0,678.0,658.4,675.0,671.7,665.79,21651,1441494845000.0,1699.0,14324.0,0.6616
2015-09-01,AIL,EQ,671.7,675.0,683.0,660.1,665.5,664.8,664.98,7339,488029925000.0,1266.0,3931.0,0.5356000000000001
2015-09-02,AIL,EQ,664.8,673.2,679.9,647.0,652.35,650.75,664.97,75103,4994138360000.0,971.0,67936.0,0.9046
2015-09-03,AIL,EQ,650.75,650.75,650.75,630.0,638.65,639.9,637.13,42857,2730547515000.0,2289.0,25375.0,0.5921000000000001
2015-09-04,AIL,EQ,639.9,640.25,643.9,615.3,623.7,622.1,623.11,13836,862128440000.0,1365.0,6993.0,0.5054
2015-09-07,AIL,EQ,622.1,624.4,634.15,601.5,605.0,608.1,615.17,7109,437327595000.0,615.0,3737.0,0.5257000000000001
2015-09-08,AIL,EQ,608.1,609.0,633.05,586.4,630.0,629.45,600.39,51056,3065338620000.0,1567.0,42574.0,0.8339
2015-09-09,AIL,EQ,629.45,662.2,679.0,635.1,641.0,641.5,650.64,56600,3682610815000.0,4001.0,19527.0,0.34500000000000003
2015-09-10,AIL,EQ,641.5,641.95,641.95,622.25,634.2,632.6,630.9,14995,946032935000.0,1571.0,7718.0,0.5147
2015-09-11,AIL,EQ,632.6,630.0,649.0,614.1,621.8,623.15,627.16,17026,1067800994999.9999,1998.0,6533.0,0.3837
2015-09-14,AIL,EQ,623.15,623.7,626.95,612.15,617.0,620.5,619.14,12543,776585525000.0,1503.0,7446.0,0.5936
2015-09-15,AIL,EQ,620.5,623.95,629.3,612.3,615.0,619.45,620.49,20449,1268835625000.0,1911.0,8713.0,0.4261
2015-09-16,AIL,EQ,619.45,624.0,628.0,614.6,619.0,616.8,618.4,12713,786169515000.0,935.0,9257.0,0.7282
2015-09-18,AIL,EQ,616.8,620.0,628.0,613.1,620.0,621.0,620.38,30417,1887012500000.0,1021.0,25342.0,0.8331999999999999
2015-09-21,AIL,EQ,621.0,615.95,625.0,615.95,624.0,622.4,620.0,32275,2001057814999.9998,809.0,30441.0,0.9431999999999999
2015-09-22,AIL,EQ,622.4,625.7,635.75,620.0,621.2,622.5,627.18,20158,1264272260000.0,1934.0,14394.0,0.7141
2015-09-23,AIL,EQ,622.5,625.0,630.0,615.0,618.05,621.35,623.16,11410,711031025000.0,1233.0,7682.0,0.6733
2015-09-24,AIL,EQ,621.35,630.0,634.9,620.0,630.0,630.75,624.84,17315,1081905660000.0,2877.0,12203.0,0.7048000000000001
2015-09-28,AIL,EQ,630.75,624.5,635.0,624.1,631.0,631.55,630.52,11941,752908705000.0,1212.0,10176.0,0.8522
2015-09-29,AIL,EQ,631.55,638.0,638.0,620.5,623.25,625.05,625.8,5614,351321355000.0,911.0,3970.0,0.7072
2015-09-30,AIL,EQ,625.05,638.0,638.0,606.2,619.0,619.6,621.59,27483,1708313370000.0,3215.0,21653.0,0.7879
2015-10-01,AIL,EQ,619.6,628.0,628.0,611.15,612.0,613.8,618.91,20218,1251311045000.0,2239.0,16588.0,0.8205
2015-10-05,AIL,EQ,613.8,613.0,641.1,613.0,621.0,621.7,626.64,21255,1331928860000.0,2332.0,8707.0,0.4096
2015-10-06,AIL,EQ,621.7,632.4,642.0,625.4,630.35,632.65,633.72,30432,1928539914999.9998,3276.0,15516.0,0.5099
2015-10-07,AIL,EQ,632.65,639.0,640.45,627.2,635.0,634.95,635.09,115356,7326099259999.999,1291.0,108599.0,0.9414
2015-10-08,AIL,EQ,634.95,639.0,639.0,611.0,613.0,614.55,619.83,29132,1805692535000.0002,2421.0,22441.0,0.7703
2015-10-09,AIL,EQ,614.55,621.0,640.0,615.25,617.0,618.05,625.22,14916,932584790000.0,1076.0,6582.0,0.4413
2015-10-12,AIL,EQ,618.05,622.0,638.0,617.1,632.4,633.8,627.57,13618,854625815000.0,1484.0,8423.0,0.6185
2015-10-13,AIL,EQ,633.8,630.0,638.4,624.0,627.0,630.1,630.01,8753,551448070000.0,801.0,5624.0,0.6425
2015-10-14,AIL,EQ,630.1,636.5,646.0,631.0,640.75,641.75,640.99,112824,7231853934999.999,1156.0,107912.0,0.9565000000000001
2015-10-15,AIL,EQ,641.75,652.0,652.0,638.05,645.0,646.25,645.48,14857,958984430000.0001,1243.0,8639.0,0.5815
2015-10-16,AIL,EQ,646.25,653.4,653.95,641.95,645.0,644.9,646.36,11882,768000480000.0,1795.0,6326.0,0.5324
2015-10-19,AIL,EQ,644.9,652.35,653.05,642.2,647.2,647.55,647.15,5873,380069855000.0,532.0,4068.0,0.6927
2015-10-20,AIL,EQ,647.55,645.0,672.7,643.1,652.65,656.55,663.33,58242,3863392265000.0,5455.0,31596.0,0.5425
2015-10-21,AIL,EQ,656.55,660.0,667.95,654.05,659.0,659.45,662.43,15533,1028953000000.0,1250.0,7512.0,0.48360000000000003
2015-10-23,AIL,EQ,659.45,666.9,666.9,631.55,635.0,636.7,645.6,35022,2261014385000.0,4106.0,26742.0,0.7636000000000001
2015-10-26,AIL,EQ,636.7,637.0,640.95,630.1,632.05,632.0,632.67,34008,2151590050000.0,1050.0,29741.0,0.8745
2015-10-27,AIL,EQ,632.0,633.3,641.6,630.0,637.0,637.1,633.61,20708,1312070320000.0,467.0,18073.0,0.8728
2015-10-28,AIL,EQ,637.1,635.05,640.0,632.6,634.15,635.85,633.54,30387,1925127405000.0,543.0,27371.0,0.9007
2015-10-29,AIL,EQ,635.85,632.5,636.8,617.0,619.8,620.55,625.53,10183,636980165000.0,977.0,5785.0,0.5681
2015-10-30,AIL,EQ,620.55,627.0,627.0,616.1,620.5,618.9,620.75,25092,1557573880000.0,859.0,22471.0,0.8955
2015-11-02,AIL,EQ,618.9,619.0,622.9,610.0,619.0,616.95,614.62,6015,369692835000.0,844.0,3434.0,0.5709000000000001
2015-11-03,AIL,EQ,616.95,617.0,623.95,610.25,616.4,617.55,618.04,73049,4514725270000.0,433.0,71350.0,0.9767
2015-11-04,AIL,EQ,617.55,615.0,630.45,613.0,627.7,627.4,624.18,9528,594720595000.0,1027.0,6107.0,0.6409999999999999
2015-11-05,AIL,EQ,627.4,630.0,632.9,614.15,614.35,618.75,621.46,4952,307747295000.0,582.0,3849.0,0.7773000000000001
2015-11-06,AIL,EQ,618.75,620.0,621.2,596.2,617.95,611.3,608.86,14811,901776135000.0,781.0,10142.0,0.6848000000000001
2015-11-09,AIL,EQ,611.3,593.8,618.0,584.0,599.5,597.15,595.22,55574,3307847885000.0,3211.0,10360.0,0.1864
2015-11-10,AIL,EQ,597.15,600.0,624.0,581.0,583.75,584.25,606.54,57700,3499727350000.0,3207.0,11008.0,0.1908
2015-11-11,AIL,EQ,584.25,597.0,608.0,596.0,603.0,602.75,602.52,5567,335425515000.0,355.0,4124.0,0.7408
2015-11-13,AIL,EQ,602.75,597.1,605.95,585.35,588.35,587.85,592.08,8659,512682875000.0,1032.0,4325.0,0.49950000000000006
2015-11-16,AIL,EQ,587.85,589.0,604.0,568.0,594.0,590.35,579.49,22877,1325694945000.0,1489.0,12332.0,0.5391
2015-11-17,AIL,EQ,590.35,597.1,612.3,586.0,611.4,609.9,605.56,14197,859706565000.0,1209.0,9734.0,0.6856
2015-11-18,AIL,EQ,609.9,612.0,619.0,589.3,595.5,601.35,600.59,45192,2714193600000.0,3258.0,25833.0,0.5716
2015-11-19,AIL,EQ,601.35,600.0,612.8,599.85,604.0,603.75,606.37,12012,728373365000.0,1410.0,6006.0,0.5
2015-11-20,AIL,EQ,603.75,600.05,608.0,591.5,593.5,597.25,601.76,8360,503072784999.99994,537.0,6652.0,0.7957
2015-11-23,AIL,EQ,597.25,598.05,598.05,581.5,583.25,583.3,588.19,9195,540839125000.0,507.0,6450.0,0.7015000000000001
2015-11-24,AIL,EQ,583.3,587.45,590.0,576.2,577.0,578.75,582.81,7890,459839600000.0,507.0,5199.0,0.6589
2015-11-26,AIL,EQ,578.75,576.5,589.75,573.25,578.9,578.65,579.84,8965,519825084999.99994,630.0,6157.0,0.6868000000000001
2015-11-27,AIL,EQ,578.65,579.95,580.0,572.2,575.0,575.3,577.6,14922,861899380000.0001,1415.0,10319.0,0.6915000000000001
2015-11-30,AIL,EQ,575.3,580.05,612.0,575.6,579.8,581.65,593.29,86504,5132191095000.0,3169.0,42460.0,0.4908
2015-12-01,AIL,EQ,581.65,594.4,609.0,581.95,584.05,586.15,594.02,65746,3905429345000.0005,2889.0,25969.0,0.395
2015-12-02,AIL,EQ,586.15,591.25,599.0,582.95,592.0,589.5,589.42,16136,951088019999.9999,903.0,7134.0,0.4421
2015-12-03,AIL,EQ,589.5,593.0,599.8,585.25,589.0,591.2,591.22,13657,807426425000.0,590.0,7190.0,0.5265
2015-12-04,AIL,EQ,591.2,587.55,593.15,584.0,593.0,588.4,587.99,153908,9049630680000.0,470.0,151677.0,0.9855
2015-12-07,AIL,EQ,588.4,596.0,609.0,579.8,604.0,605.3,599.66,54469,3266265625000.0,2441.0,38336.0,0.7038
2015-12-08,AIL,EQ,605.3,594.0,607.5,590.0,595.0,594.25,600.14,13105,786484100000.0,1451.0,7380.0,0.5631
2015-12-09,AIL,EQ,594.25,588.0,596.0,584.85,586.0,585.1,587.0,8218,482396845000.0,425.0,5871.0,0.7144
2015-12-10,AIL,EQ,585.1,577.15,592.0,577.15,591.0,587.9,587.18,5369,315256545000.0,355.0,3715.0,0.6919
2015-12-11,AIL,EQ,587.9,600.05,607.45,591.0,595.0,594.7,596.2,22020,1312828120000.0,1071.0,5465.0,0.2482
2015-12-14,AIL,EQ,594.7,593.75,600.0,581.3,595.0,594.05,591.8,8664,512737355000.0,607.0,3845.0,0.44380000000000003
2015-12-15,AIL,EQ,594.05,601.95,602.0,591.0,596.6,597.45,593.56,51628,3064449220000.0,765.0,48172.0,0.9331
2015-12-16,AIL,EQ,597.45,605.0,607.3,593.0,600.0,600.05,599.68,11805,707925025000.0,661.0,7605.0,0.6442
2015-12-17,AIL,EQ,600.05,607.85,607.9,581.2,600.0,601.1,598.72,14566,872094140000.0,952.0,5805.0,0.3985
2015-12-18,AIL,EQ,601.1,604.8,604.9,596.1,604.9,603.25,601.14,8578,515659459999.99994,657.0,6257.0,0.7293999999999999
2015-12-21,AIL,EQ,603.25,603.25,607.9,595.2,607.5,606.85,601.14,71282,4285059804999.9995,591.0,57145.0,0.8017000000000001
2015-12-22,AIL,EQ,606.85,601.0,615.7,599.05,614.0,612.6,611.45,11387,696252555000.0,568.0,8567.0,0.7523000000000001
2015-12-23,AIL,EQ,612.6,614.85,640.95,606.5,626.3,629.9,631.57,160912,10162639515000.0,3008.0,133175.0,0.8276000000000001
2015-12-24,AIL,EQ,629.9,629.95,652.0,619.95,647.0,648.25,626.59,190006,11905626065000.0,1547.0,123181.0,0.6483
2015-12-28,AIL,EQ,648.25,650.0,668.45,633.55,661.9,663.75,654.94,33736,2209492255000.0,1713.0,18550.0,0.5499
2015-12-29,AIL,EQ,663.75,660.0,674.9,652.75,665.0,667.45,664.73,24808,1649053495000.0,1023.0,12241.0,0.49340000000000006
2015-12-30,AIL,EQ,667.45,662.1,675.9,658.55,672.5,672.0,669.59,25297,1693861100000.0,915.0,21414.0,0.8465
2015-12-31,AIL,EQ,672.0,670.0,694.0,670.0,690.0,690.85,686.3,46290,3176891545000.0,1704.0,26900.0,0.5811000000000001
2016-01-01,AIL,EQ,690.85,686.0,700.0,685.95,698.85,695.2,693.72,25418,1763306480000.0,905.0,17698.0,0.6962999999999999
2016-01-04,AIL,EQ,695.2,695.2,703.2,686.4,692.0,689.8,691.73,27279,1886958030000.0,899.0,21737.0,0.7968000000000001
2016-01-05,AIL,EQ,689.8,690.0,697.0,684.0,684.85,684.2,685.52,19486,1335810975000.0,415.0,17743.0,0.9106000000000001
2016-01-06,AIL,EQ,684.2,680.05,686.9,675.05,683.0,681.9,681.83,17984,1226196675000.0,864.0,13011.0,0.7234999999999999
2016-01-07,AIL,EQ,681.9,680.0,684.9,671.0,682.0,680.0,677.82,20231,1371288285000.0,943.0,15031.0,0.743
2016-01-08,AIL,EQ,680.0,682.0,688.5,680.0,684.8,683.3,684.81,5986,409927595000.0,462.0,3826.0,0.6392
2016-01-11,AIL,EQ,683.3,680.05,683.25,665.1,670.5,674.05,675.39,6166,416442790000.0,607.0,3345.0,0.5425
2016-01-12,AIL,EQ,674.05,670.0,674.05,651.0,655.0,654.0,662.8,7175,475559684999.99994,567.0,4674.0,0.6514
2016-01-13,AIL,EQ,654.0,660.0,673.85,614.4,640.0,641.0,640.16,36360,2327637525000.0,1087.0,28817.0,0.7925
2016-01-14,AIL,EQ,641.0,635.0,645.85,621.1,623.0,627.5,634.83,8981,570139750000.0,622.0,5823.0,0.6484000000000001
2016-01-15,AIL,EQ,627.5,625.0,646.8,621.1,632.45,627.5,636.47,29073,1850422445000.0,1478.0,21633.0,0.7441
2016-01-18,AIL,EQ,627.5,620.05,631.0,560.05,613.0,615.9,599.57,55785,3344701970000.0,3727.0,31610.0,0.5666
2016-01-19,AIL,EQ,615.9,613.85,614.6,601.0,606.0,609.05,606.4,14500,879286785000.0,787.0,10129.0,0.6986
2016-01-20,AIL,EQ,609.05,605.0,610.8,592.1,600.8,604.0,600.23,20328,1220141135000.0,838.0,16051.0,0.7896
2016-01-21,AIL,EQ,604.0,610.05,620.8,610.0,620.0,616.15,616.53,8688,535639395000.0,649.0,5073.0,0.5839
2016-01-22,AIL,EQ,616.15,622.0,644.4,622.0,641.85,641.7,635.17,245249,15577591405000.002,978.0,239397.0,0.9761
2016-01-25,AIL,EQ,641.7,647.95,671.0,647.95,656.0,654.7,656.25,12513,821162160000.0,1065.0,5669.0,0.45299999999999996
2016-01-27,AIL,EQ,654.7,657.0,674.0,641.0,642.75,645.55,659.5,8883,585832255000.0,700.0,3585.0,0.4036
2016-01-28,AIL,EQ,645.55,646.6,653.0,628.15,635.0,635.45,633.99,14844,941092715000.0,455.0,12198.0,0.8217
2016-01-29,AIL,EQ,635.45,632.15,645.0,625.1,634.95,640.4,637.1,6158,392324670000.0,413.0,4087.0,0.6637000000000001
2016-02-01,AIL,EQ,640.4,645.0,653.0,633.4,640.0,640.4,644.68,4581,295328960000.0,535.0,2855.0,0.6232
2016-02-02,AIL,EQ,640.4,641.0,660.0,625.1,639.95,642.45,648.69,13620,883520035000.0,2001.0,6737.0,0.49460000000000004
2016-02-03,AIL,EQ,642.45,635.05,649.0,630.0,647.0,637.6,637.0,11211,714136625000.0,879.0,8333.0,0.7433
2016-02-04,AIL,EQ,637.6,625.5,645.0,625.5,644.05,641.2,634.43,11916,755983095000.0,616.0,7061.0,0.5926
2016-02-05,AIL,EQ,641.2,649.85,649.95,605.1,632.2,632.1,628.57,102830,6463595310000.0,5030.0,11883.0,0.11560000000000001
2016-02-08,AIL,EQ,632.1,622.55,632.05,615.1,631.9,630.3,625.04,182255,11391747540000.0,909.0,175056.0,0.9605
2016-02-09,AIL,EQ,630.3,615.5,629.6,615.0,620.0,620.25,619.84,3986,247068420000.00003,386.0,2310.0,0.5795
2016-02-10,AIL,EQ,620.25,615.6,646.0,607.0,640.0,643.8,638.08,52634,3358494229999.9995,1723.0,45019.0,0.8553000000000001
2016-02-11,AIL,EQ,643.8,635.0,640.05,601.3,621.0,610.55,619.21,12149,752279670000.0,839.0,7793.0,0.6415000000000001
2016-02-12,AIL,EQ,610.55,601.0,619.0,581.5,599.0,599.85,597.99,10219,611088300000.0,761.0,6705.0,0.6561
2016-02-15,AIL,EQ,599.85,605.0,629.0,603.5,615.0,615.3,614.81,54442,3347166305000.0,730.0,51812.0,0.9517
2016-02-16,AIL,EQ,615.3,609.0,615.0,561.0,590.0,588.3,589.1,20252,1193047655000.0,1647.0,11951.0,0.5901
2016-02-17,AIL,EQ,588.3,590.05,600.95,581.1,595.2,597.2,592.17,8132,481552284999.99994,1093.0,5522.0,0.679
2016-02-18,AIL,EQ,597.2,597.0,612.0,590.0,593.5,596.75,599.96,5760,345579435000.0,852.0,2796.0,0.4854
2016-02-19,AIL,EQ,596.75,594.0,599.0,583.0,599.0,592.15,590.09,6183,364852060000.0,1108.0,3516.0,0.5687
2016-02-22,AIL,EQ,592.15,610.05,615.0,591.0,591.25,594.8,599.2,10752,644261975000.0,976.0,6727.0,0.6257
2016-02-23,AIL,EQ,594.8,593.9,601.3,575.1,577.95,576.85,581.9,8654,503577630000.0,1472.0,5681.0,0.6565000000000001
2016-02-24,AIL,EQ,576.85,581.05,589.85,559.15,560.0,560.85,578.62,19109,1105675880000.0,778.0,10984.0,0.5748
2016-02-25,AIL,EQ,560.85,563.65,582.55,558.1,568.7,569.2,572.25,10909,624264550000.0,1080.0,4641.0,0.4254
2016-02-26,AIL,EQ,569.2,574.0,580.0,561.1,563.0,563.5,567.43,3592,203819105000.0,645.0,1571.0,0.4374
2016-02-29,AIL,EQ,563.5,566.0,577.9,545.05,562.0,562.0,558.3,17315,966703790000.0,1202.0,12343.0,0.7129000000000001
2016-03-01,AIL,EQ,562.0,556.05,585.0,556.0,580.0,578.4,578.12,8881,513427595000.0,1913.0,5987.0,0.6741
2016-03-02,AIL,EQ,578.4,580.05,592.0,571.05,585.0,579.15,582.73,10166,592400055000.0,735.0,6302.0,0.6199
2016-03-03,AIL,EQ,579.15,580.2,584.95,574.15,575.0,576.25,578.49,5013,289995155000.0,467.0,2990.0,0.5964
2016-03-04,AIL,EQ,576.25,588.5,588.5,568.2,579.95,577.85,573.29,42080,2412386285000.0,581.0,39502.0,0.9387000000000001
2016-03-08,AIL,EQ,577.85,577.85,590.2,568.45,589.0,587.7,585.25,10596,620135910000.0,1056.0,7020.0,0.6625
2016-03-09,AIL,EQ,587.7,586.05,587.05,574.15,580.0,580.05,579.19,26523,1536194665000.0,930.0,24337.0,0.9176000000000001
2016-03-10,AIL,EQ,580.05,578.8,584.7,547.4,562.2,567.75,568.97,30489,1734717855000.0,1864.0,18656.0,0.6119
2016-03-11,AIL,EQ,567.75,569.95,591.0,563.7,591.0,586.7,574.39,27428,1575438915000.0,745.0,22858.0,0.8334
2016-03-14,AIL,EQ,586.7,592.95,607.8,580.25,600.8,602.45,597.99,39728,2375682600000.0,1836.0,32564.0,0.8197
2016-03-15,AIL,EQ,602.45,604.15,612.0,588.1,593.0,590.0,598.16,4285,256309745000.00003,476.0,2636.0,0.6152000000000001
2016-03-16,AIL,EQ,590.0,599.05,625.0,586.45,611.95,609.3,597.05,7146,426648515000.00006,824.0,4266.0,0.5970000000000001
2016-03-17,AIL,EQ,609.3,607.8,619.7,578.0,580.0,580.95,602.04,73833,4445041065000.0,1296.0,66151.0,0.8959999999999999
2016-03-18,AIL,EQ,580.95,582.1,593.5,569.1,571.0,571.3,574.16,20877,1198680665000.0,2037.0,15566.0,0.7456
2016-03-21,AIL,EQ,571.3,579.0,594.0,572.2,580.0,580.9,581.79,24874,1447132815000.0,1467.0,17817.0,0.7162999999999999
2016-03-22,AIL,EQ,580.9,583.75,596.8,576.6,588.3,593.5,588.49,8592,505634345000.0,1263.0,4658.0,0.5421
2016-03-23,AIL,EQ,593.5,583.95,594.0,582.65,585.2,588.35,588.73,9419,554520745000.0,671.0,6997.0,0.7429000000000001
2016-03-28,AIL,EQ,588.35,591.05,598.0,557.2,590.0,577.6,578.58,42960,2485577995000.0,1373.0,32555.0,0.7578
2016-03-29,AIL,EQ,577.6,584.2,590.0,576.1,583.0,582.65,583.56,5199,303395005000.0,410.0,3203.0,0.6161
2016-03-30,AIL,EQ,582.65,588.9,603.8,586.0,595.35,599.5,596.34,9254,551851180000.0,782.0,4858.0,0.525
2016-03-31,AIL,EQ,599.5,600.0,615.0,578.8,602.0,607.45,601.38,25398,1527393965000.0,1691.0,9589.0,0.3775
2016-04-01,AIL,EQ,607.45,603.95,615.0,602.95,614.8,613.8,610.53,6779,413878835000.0,844.0,3764.0,0.5552
2016-04-04,AIL,EQ,613.8,614.0,632.7,610.0,625.25,628.3,621.89,67460,4195250700000.0,1146.0,62623.0,0.9283
2016-04-05,AIL,EQ,628.3,637.0,637.0,621.4,630.0,630.8,627.62,26778,1680639414999.9998,1400.0,21946.0,0.8196
2016-04-06,AIL,EQ,630.8,635.0,637.65,623.0,633.0,631.7,630.02,50202,3162838935000.0,470.0,48505.0,0.9662000000000001
2016-04-07,AIL,EQ,631.7,627.6,641.7,625.45,630.0,637.1,637.02,23201,1477942275000.0,663.0,19777.0,0.8523999999999999
2016-04-08,AIL,EQ,637.1,636.05,645.0,624.35,641.0,642.5,634.73,6952,441267609999.99994,841.0,3112.0,0.4476
2016-04-11,AIL,EQ,642.5,645.05,645.05,629.8,636.9,633.65,638.84,6509,415822390000.0,422.0,4686.0,0.7199
2016-04-12,AIL,EQ,633.65,630.75,639.3,625.35,631.8,635.35,634.21,12716,806456870000.0,595.0,9527.0,0.7492000000000001
2016-04-13,AIL,EQ,635.35,655.0,657.0,627.2,629.1,631.25,640.21,14649,937841419999.9999,1601.0,8766.0,0.5984
2016-04-18,AIL,EQ,631.25,625.2,637.05,625.2,629.05,631.05,632.96,6659,421490730000.0,1171.0,4224.0,0.6343
2016-04-20,AIL,EQ,631.05,636.05,636.05,612.05,617.0,617.6,617.92,20346,1257222510000.0,2029.0,15606.0,0.767
2016-04-21,AIL,EQ,617.6,619.05,634.05,616.05,625.0,623.95,628.17,7615,478353209999.99994,502.0,4783.0,0.6281
2016-04-22,AIL,EQ,623.95,630.05,630.05,613.15,613.2,615.35,618.22,10536,651360440000.0,1342.0,8644.0,0.8204000000000001
2016-04-25,AIL,EQ,615.35,612.05,624.9,612.05,620.5,621.35,620.2,2997,185875370000.0,567.0,1853.0,0.6183
2016-04-26,AIL,EQ,621.35,626.55,631.6,612.5,629.55,629.85,624.13,6290,392580860000.0,801.0,3732.0,0.5933
2016-04-27,AIL,EQ,629.85,631.5,650.0,621.15,629.0,635.4,637.51,6938,442306105000.0,599.0,3536.0,0.5097
2016-04-28,AIL,EQ,635.4,633.55,639.0,616.5,617.5,619.05,623.39,33258,2073254555000.0,604.0,31244.0,0.9394
2016-04-29,AIL,EQ,619.05,625.45,636.0,619.1,633.0,633.6,629.56,5321,334989010000.0,496.0,3265.0,0.6136
2016-05-02,AIL,EQ,633.6,634.0,634.0,618.4,622.1,624.55,623.25,6636,413588020000.0,593.0,4779.0,0.7202
2016-05-03,AIL,EQ,624.55,623.0,630.95,614.0,615.6,615.9,622.64,4282,266614229999.99997,498.0,2024.0,0.47270000000000006
2016-05-04,AIL,EQ,615.9,608.0,624.0,607.9,612.3,612.3,613.45,7944,487326059999.99994,667.0,4434.0,0.5582
2016-05-05,AIL,EQ,612.3,614.95,624.75,607.0,607.1,609.1,612.29,10915,668318505000.0,2381.0,5904.0,0.5409
2016-05-06,AIL,EQ,609.1,615.05,626.95,606.95,609.9,610.45,615.53,8450,520126595000.0,1192.0,4065.0,0.4811
2016-05-09,AIL,EQ,610.45,609.9,622.0,605.2,610.05,611.0,611.92,8105,495958095000.0,841.0,4058.0,0.5007
2016-05-10,AIL,EQ,611.0,596.0,622.0,582.0,612.0,610.25,602.95,74111,4468498585000.0,5496.0,36408.0,0.4913
2016-05-11,AIL,EQ,610.25,610.0,620.0,599.0,616.9,615.8,614.47,16457,1011240040000.0,721.0,13216.0,0.8031
2016-05-12,AIL,EQ,615.8,617.1,620.9,610.0,615.5,617.85,615.15,5723,352047705000.0,480.0,3998.0,0.6986
2016-05-13,AIL,EQ,617.85,618.05,619.9,595.0,602.5,600.2,603.61,24797,1496759420000.0,814.0,4266.0,0.172
2016-05-16,AIL,EQ,600.2,602.0,615.85,602.0,615.0,611.75,611.56,17376,1062645630000.0001,566.0,14783.0,0.8508
2016-05-17,AIL,EQ,611.75,617.05,622.0,614.1,620.0,617.7,615.19,68325,4203296725000.0,545.0,65932.0,0.965
2016-05-18,AIL,EQ,617.7,620.05,621.95,608.85,610.0,611.4,614.12,3350,205729220000.0,327.0,2007.0,0.5991
2016-05-19,AIL,EQ,611.4,619.95,621.85,607.25,615.0,610.1,615.33,5917,364093075000.0,623.0,1469.0,0.2483
2016-05-20,AIL,EQ,610.1,595.0,615.0,595.0,607.0,607.1,607.94,5890,358076110000.0,738.0,4199.0,0.7129000000000001
2016-05-23,AIL,EQ,607.1,605.1,614.85,605.1,610.0,610.45,609.2,4109,250318285000.0,342.0,2480.0,0.6036
2016-05-24,AIL,EQ,610.45,615.9,630.0,610.0,620.1,621.25,618.86,12906,798694525000.0,1343.0,8847.0,0.6855
2016-05-25,AIL,EQ,621.25,633.0,633.0,607.0,609.1,611.45,616.59,6767,417247550000.0,1253.0,4594.0,0.6789000000000001
2016-05-26,AIL,EQ,611.45,612.0,618.85,608.75,610.1,613.0,613.21,4219,258714379999.99997,531.0,2039.0,0.4833
2016-05-27,AIL,EQ,613.0,616.0,618.0,612.75,613.05,614.65,614.09,4397,270015410000.0,187.0,3634.0,0.8265000000000001
2016-05-30,AIL,EQ,614.65,618.0,618.0,610.0,613.0,613.0,612.84,7538,461962090000.00006,357.0,5776.0,0.7663
2016-05-31,AIL,EQ,613.0,614.95,619.75,607.0,612.65,613.3,613.19,7603,466211000000.0,954.0,3698.0,0.4864
2016-06-01,AIL,EQ,613.3,617.55,617.55,608.0,611.0,613.8,613.44,4793,294022060000.0,502.0,1255.0,0.2618
2016-06-02,AIL,EQ,613.8,610.55,616.7,606.0,609.35,613.25,612.68,6499,398179045000.0,413.0,4702.0,0.7234999999999999
2016-06-03,AIL,EQ,613.25,608.95,620.0,608.35,613.7,616.8,615.99,8402,517554609999.99994,365.0,6296.0,0.7493000000000001
2016-06-06,AIL,EQ,616.8,623.0,632.9,617.0,632.0,629.5,623.83,21219,1323699620000.0,1219.0,19131.0,0.9016
2016-06-07,AIL,EQ,629.5,632.9,640.0,625.0,631.1,633.15,633.76,11245,712660005000.0,693.0,5275.0,0.46909999999999996
2016-06-08,AIL,EQ,633.15,639.0,643.0,621.0,621.5,624.15,631.15,10434,658543485000.0,1483.0,5926.0,0.568
2016-06-09,AIL,EQ,624.15,627.65,631.25,615.0,615.3,617.05,621.37,6978,433593465000.00006,999.0,2935.0,0.42060000000000003
2016-06-10,AIL,EQ,617.05,618.95,627.35,618.95,621.0,620.25,620.87,6436,399594295000.0,682.0,4012.0,0.6234000000000001
2016-06-13,AIL,EQ,620.25,621.6,626.0,608.5,621.2,620.45,618.64,13444,831694205000.0,814.0,9362.0,0.6964
2016-06-14,AIL,EQ,620.45,622.0,624.8,612.0,618.0,620.05,619.29,6668,412940865000.0,431.0,4395.0,0.6591
2016-06-15,AIL,EQ,620.05,620.0,627.7,612.05,620.0,621.0,620.69,20120,1248822860000.0,780.0,15382.0,0.7645000000000001
2016-06-16,AIL,EQ,621.0,617.5,627.7,617.5,620.1,620.25,623.13,5579,347645395000.0,320.0,3699.0,0.663
2016-06-17,AIL,EQ,620.25,627.2,627.25,610.15,612.7,616.05,622.33,6260,389575935000.0,871.0,2725.0,0.4353
2016-06-20,AIL,EQ,616.05,610.0,614.9,601.6,612.0,610.35,610.64,7926,483992184999.99994,595.0,5959.0,0.7518000000000001
2016-06-21,AIL,EQ,610.35,610.6,619.05,608.4,610.0,610.2,613.21,5905,362102475000.0,754.0,2984.0,0.5053
2016-06-22,AIL,EQ,610.2,610.0,622.0,610.0,619.2,618.2,615.26,55568,3418898335000.0,766.0,53581.0,0.9642000000000001
2016-06-23,AIL,EQ,618.2,621.4,621.4,607.0,608.95,609.8,612.61,3739,229056435000.0,857.0,2251.0,0.6020000000000001
2016-06-24,AIL,EQ,609.8,601.0,615.9,589.35,600.6,596.95,596.75,6186,369152500000.0,481.0,4144.0,0.6698999999999999
2016-06-27,AIL,EQ,596.95,585.5,614.0,585.05,610.0,609.75,608.08,18878,1147925580000.0,998.0,16210.0,0.8587
2016-06-28,AIL,EQ,609.75,610.0,613.4,604.0,610.0,610.0,608.81,4531,275853460000.0,471.0,3700.0,0.8166
2016-06-29,AIL,EQ,610.0,614.5,625.0,605.0,620.0,621.4,613.82,26564,1630538960000.0,737.0,23569.0,0.8873000000000001
2016-06-30,AIL,EQ,621.4,624.0,634.0,617.05,620.0,621.3,626.77,13160,824830140000.0,1030.0,7991.0,0.6072
2016-07-01,AIL,EQ,621.3,618.0,625.0,613.1,617.0,617.2,620.05,8817,546694025000.0,836.0,6353.0,0.7205
2016-07-04,AIL,EQ,617.2,617.95,624.95,617.2,618.0,620.85,620.13,4882,302745670000.0,440.0,3468.0,0.7104
2016-07-05,AIL,EQ,620.85,625.0,634.0,619.05,628.9,628.8,627.27,12562,787981310000.0,669.0,4703.0,0.3744
2016-07-07,AIL,EQ,628.8,631.0,641.0,621.0,637.0,636.8,628.22,10972,689287780000.0,1027.0,7912.0,0.7211
2016-07-08,AIL,EQ,636.8,632.0,638.0,626.05,626.8,627.3,630.41,10531,663884290000.0,1016.0,8252.0,0.7836
2016-07-11,AIL,EQ,627.3,627.3,644.9,627.3,642.0,641.1,639.7,14856,950336444999.9999,949.0,11233.0,0.7561
2016-07-12,AIL,EQ,641.1,637.3,645.9,630.0,645.0,642.7,636.66,8543,543901895000.0,649.0,6065.0,0.7099
2016-07-13,AIL,EQ,642.7,637.0,650.85,636.05,650.4,647.45,644.11,10899,702010620000.0,1120.0,8313.0,0.7626999999999999
2016-07-14,AIL,EQ,647.45,650.85,654.9,643.0,650.0,652.75,649.71,5088,330572200000.0,482.0,3636.0,0.7145999999999999
2016-07-15,AIL,EQ,652.75,652.5,652.5,639.9,640.5,640.25,641.57,24048,1542854760000.0,677.0,22475.0,0.9346
2016-07-18,AIL,EQ,640.25,640.45,644.85,633.0,633.0,638.5,640.29,6421,411131745000.0,228.0,5847.0,0.9106000000000001
2016-07-19,AIL,EQ,638.5,635.95,645.0,633.0,634.5,634.95,635.19,14784,939059444999.9999,1017.0,11884.0,0.8038
2016-07-20,AIL,EQ,634.95,639.05,649.0,629.0,640.0,638.7,638.54,42559,2717546180000.0,1829.0,37138.0,0.8726
2016-07-21,AIL,EQ,638.7,640.45,644.9,631.0,634.5,632.85,636.18,6548,416570230000.0,940.0,2677.0,0.40880000000000005
2016-07-22,AIL,EQ,632.85,634.55,641.0,625.55,627.5,628.15,634.17,163669,10379338285000.0,822.0,148751.0,0.9089
2016-07-25,AIL,EQ,628.15,630.0,639.0,623.0,636.9,631.65,632.92,9851,623487550000.0,1074.0,4645.0,0.4715
2016-07-26,AIL,EQ,631.65,639.3,642.75,626.1,626.1,628.25,633.84,6724,426193820000.0,667.0,2993.0,0.4451
2016-07-27,AIL,EQ,628.25,623.0,634.0,610.0,626.0,624.85,621.32,6339,393856480000.0,314.0,4631.0,0.7306
2016-07-28,AIL,EQ,624.85,628.0,635.0,625.0,625.0,626.8,629.97,3826,241025790000.0,673.0,2465.0,0.6443000000000001
2016-07-29,AIL,EQ,626.8,625.0,632.95,617.0,617.0,619.15,623.43,7131,444568380000.0,725.0,3617.0,0.5072
2016-08-01,AIL,EQ,619.15,620.0,630.0,610.0,610.0,613.45,618.15,9740,602074655000.0,848.0,6837.0,0.7020000000000001
2016-08-02,AIL,EQ,613.45,619.0,619.0,610.0,616.5,612.0,611.58,10570,646435230000.0,882.0,6958.0,0.6583
2016-08-03,AIL,EQ,612.0,616.05,616.05,606.05,615.1,610.15,610.53,5688,347270015000.0,628.0,2572.0,0.4522
2016-08-04,AIL,EQ,610.15,610.1,622.8,606.05,610.45,612.55,612.39,8833,540926645000.0,731.0,4586.0,0.5192
2016-08-05,AIL,EQ,612.55,618.55,618.55,561.05,600.0,602.5,592.05,39142,2317412275000.0,2004.0,18127.0,0.4631
2016-08-08,AIL,EQ,602.5,603.0,627.95,603.0,621.8,618.5,614.7,28332,1741554685000.0002,1043.0,23775.0,0.8392000000000001
2016-08-09,AIL,EQ,618.5,623.0,625.0,611.95,625.0,621.15,618.08,9498,587047830000.0,638.0,7029.0,0.7401000000000001
2016-08-10,AIL,EQ,621.15,613.0,622.9,613.0,622.9,617.95,618.02,6470,399861495000.0,457.0,4004.0,0.6189
2016-08-11,AIL,EQ,617.95,607.0,623.0,607.0,614.95,614.1,616.48,44463,2741052755000.0,1080.0,28364.0,0.6379
2016-08-12,AIL,EQ,614.1,614.55,624.8,601.0,602.0,605.7,614.38,26190,1609071095000.0,876.0,21426.0,0.8181
2016-08-16,AIL,EQ,605.7,615.05,623.8,608.1,617.0,615.1,616.78,25090,1547497925000.0,1287.0,22459.0,0.8951000000000001
2016-08-17,AIL,EQ,615.1,628.0,628.0,603.0,615.0,615.7,617.73,6116,377806075000.0,503.0,3076.0,0.5029
2016-08-18,AIL,EQ,615.7,615.05,618.8,605.0,615.0,608.5,612.61,7267,445186409999.99994,601.0,6163.0,0.8481000000000001
2016-08-19,AIL,EQ,608.5,617.0,617.95,603.75,605.05,607.45,612.78,5823,356822090000.0,639.0,1789.0,0.3072
2016-08-22,AIL,EQ,607.45,610.0,613.0,608.2,608.2,610.85,610.41,4408,269069715000.0,182.0,3372.0,0.765
2016-08-23,AIL,EQ,610.85,605.6,615.0,600.0,601.0,601.45,606.11,5916,358577215000.0,474.0,4172.0,0.7051999999999999
2016-08-24,AIL,EQ,601.45,595.0,605.0,593.5,596.2,597.95,599.38,5906,353993360000.0,420.0,4387.0,0.7428
2016-08-25,AIL,EQ,597.95,602.55,603.85,597.0,597.5,599.25,599.5,6321,378943050000.0,693.0,4122.0,0.6520999999999999
2016-08-26,AIL,EQ,599.25,598.0,606.8,597.0,605.0,600.15,600.04,27349,1641044005000.0,1496.0,24333.0,0.8897
2016-08-29,AIL,EQ,600.15,615.0,615.0,599.05,607.15,609.65,605.65,8315,503598805000.0,659.0,6054.0,0.7281000000000001
2016-08-30,AIL,EQ,609.65,619.3,623.05,604.0,605.05,607.2,613.51,18600,1141134390000.0,476.0,16040.0,0.8623999999999999
2016-08-31,AIL,EQ,607.2,605.0,618.0,605.0,608.0,613.8,612.33,10511,643624535000.0,1094.0,8293.0,0.789
2016-09-01,AIL,EQ,613.8,606.6,614.9,596.5,600.0,603.65,603.87,9752,588892550000.0,773.0,4842.0,0.4965
2016-09-02,AIL,EQ,603.65,597.1,604.6,595.0,595.0,598.55,599.3,158089,9474292480000.0,936.0,153774.0,0.9727
2016-09-06,AIL,EQ,598.55,595.0,598.0,592.5,593.5,593.4,594.34,15897,944815300000.0,1289.0,10741.0,0.6757
2016-09-07,AIL,EQ,593.4,590.0,595.55,587.0,591.5,588.35,593.17,45330,2688828730000.0,1155.0,41715.0,0.9203
2016-09-08,AIL,EQ,588.35,594.5,594.5,582.5,586.0,584.05,587.57,37010,2174592675000.0,634.0,33756.0,0.9120999999999999
2016-09-09,AIL,EQ,584.05,586.9,586.9,577.5,580.0,578.35,580.2,32519,1886744260000.0002,513.0,29807.0,0.9166
2016-09-12,AIL,EQ,578.35,579.0,582.6,574.0,574.25,575.1,577.44,9190,530669380000.0,823.0,4919.0,0.5353
2016-09-14,GEPIL,EQ,575.1,574.0,579.0,556.8,560.0,560.4,564.78,17529,990002085000.0,979.0,13591.0,0.7753
2016-09-15,GEPIL,EQ,560.4,559.9,570.0,559.85,570.0,565.85,564.21,5402,304785180000.0,266.0,3491.0,0.6462000000000001
2016-09-16,GEPIL,EQ,565.85,570.05,575.0,563.0,574.9,568.25,568.54,11980,681106020000.0,764.0,9276.0,0.7743000000000001
2016-09-19,GEPIL,EQ,568.25,569.05,575.85,557.5,562.5,560.55,560.48,22435,1257448080000.0,372.0,21053.0,0.9384
2016-09-20,GEPIL,EQ,560.55,579.8,579.8,556.05,558.0,558.4,559.83,3163,177073375000.0,252.0,2838.0,0.8972
2016-09-21,GEPIL,EQ,558.4,567.4,577.45,561.75,576.0,571.05,569.66,6565,373979085000.0,903.0,4595.0,0.6999
2016-09-22,GEPIL,EQ,571.05,578.6,580.45,568.0,573.4,570.6,575.64,9550,549733850000.0,894.0,8144.0,0.8528
2016-09-23,GEPIL,EQ,570.6,572.0,580.0,566.0,579.8,575.8,574.31,4239,243452025000.0,625.0,2939.0,0.6933
2016-09-26,GEPIL,EQ,575.8,574.8,581.0,568.0,575.0,577.2,577.99,11716,677174395000.0,378.0,10673.0,0.9109999999999999
2016-09-27,GEPIL,EQ,577.2,572.05,581.9,563.0,563.45,569.85,576.1,6265,360926275000.0,677.0,5125.0,0.818
2016-09-28,GEPIL,EQ,569.85,569.0,577.45,561.5,570.0,569.05,568.39,10781,612780835000.0,358.0,9444.0,0.876
2016-09-29,GEPIL,EQ,569.05,566.1,575.5,551.15,552.0,555.15,557.54,5340,297725930000.0,355.0,4446.0,0.8326000000000001
2016-09-30,GEPIL,EQ,555.15,555.05,566.45,549.75,550.0,550.7,551.29,6012,331438360000.0,323.0,4715.0,0.7843000000000001
2016-10-03,GEPIL,EQ,550.7,555.05,561.0,543.95,546.0,547.8,548.2,13795,756238425000.0,1093.0,11053.0,0.8012
2016-10-04,GEPIL,EQ,547.8,557.95,557.95,541.75,544.0,542.95,545.13,7867,428851405000.0,452.0,6169.0,0.7842
2016-10-05,GEPIL,EQ,542.95,541.85,546.0,538.25,540.0,538.85,541.8,48276,2615604365000.0,2375.0,46956.0,0.9727
2016-10-06,GEPIL,EQ,538.85,545.0,552.0,537.05,538.0,539.4,540.67,14126,763752715000.0,1094.0,11388.0,0.8062
2016-10-07,GEPIL,EQ,539.4,542.0,543.95,532.9,543.0,542.35,538.14,10673,574355160000.0,413.0,5797.0,0.5431
2016-10-10,GEPIL,EQ,542.35,538.5,542.0,528.0,532.0,532.7,533.46,14695,783913620000.0,838.0,9378.0,0.6382
2016-10-13,GEPIL,EQ,532.7,533.0,538.0,521.05,521.05,524.0,525.17,13378,702577525000.0,622.0,11783.0,0.8808
2016-10-14,GEPIL,EQ,524.0,534.85,534.85,516.0,516.0,517.0,522.28,8088,422419325000.0,752.0,6942.0,0.8583
2016-10-17,GEPIL,EQ,517.0,511.0,517.95,511.0,511.0,512.5,513.54,6560,336879180000.0,393.0,4960.0,0.7561
2016-10-18,GEPIL,EQ,512.5,513.0,527.9,504.0,512.0,508.3,514.8,10508,540951030000.0,984.0,6987.0,0.6648999999999999
2016-10-19,GEPIL,EQ,508.3,514.0,519.75,495.05,499.0,499.1,507.97,45761,2324532985000.0,1376.0,37027.0,0.8090999999999999
2016-10-20,GEPIL,EQ,499.1,515.9,515.9,501.0,504.0,505.95,507.58,26184,1329046315000.0,965.0,23089.0,0.8818000000000001
2016-10-21,GEPIL,EQ,505.95,511.5,515.0,501.05,513.0,508.6,508.68,6166,313651755000.0,440.0,4459.0,0.7232
2016-10-24,GEPIL,EQ,508.6,511.0,519.0,505.05,518.5,512.2,510.37,48598,2480273695000.0,395.0,47495.0,0.9773000000000001
2016-10-25,GEPIL,EQ,512.2,507.5,518.95,498.5,512.0,510.95,503.32,53578,2696705020000.0,767.0,46522.0,0.8683
2016-10-26,GEPIL,EQ,510.95,512.0,515.0,508.95,515.0,513.5,511.07,12695,648801770000.0,181.0,12514.0,0.9856999999999999
2016-10-27,GEPIL,EQ,513.5,508.0,515.9,508.0,514.5,510.5,510.63,3870,197612880000.0,164.0,3420.0,0.8837
2016-10-28,GEPIL,EQ,510.5,508.15,515.0,508.15,515.0,513.45,511.93,2934,150199030000.0,119.0,2306.0,0.7859999999999999
2016-10-30,GEPIL,EQ,513.45,514.95,522.9,510.2,522.9,515.9,516.61,3526,182157320000.0,132.0,2562.0,0.7266
2016-11-01,GEPIL,EQ,515.9,523.95,534.8,516.05,531.05,532.05,531.51,6997,371897825000.0,899.0,4771.0,0.6819
2016-11-02,GEPIL,EQ,532.05,532.05,534.0,520.0,521.0,521.8,523.7,6815,356901865000.0,301.0,5479.0,0.804
2016-11-03,GEPIL,EQ,521.8,527.95,528.0,511.1,512.1,511.9,521.68,5928,309254435000.0,380.0,5045.0,0.851
2016-11-04,GEPIL,EQ,511.9,512.15,519.5,503.0,506.0,507.75,507.66,3713,188493815000.0,227.0,2676.0,0.7206999999999999
2016-11-07,GEPIL,EQ,507.75,519.0,519.0,498.0,503.0,500.25,502.34,9218,463058770000.0,472.0,6639.0,0.7202
2016-11-08,GEPIL,EQ,500.25,501.05,512.0,498.5,500.1,500.7,503.65,5841,294184255000.0,340.0,2894.0,0.4955
2016-11-09,GEPIL,EQ,500.7,495.0,508.0,470.0,498.0,492.5,485.7,10003,485850530000.0,390.0,7322.0,0.7320000000000001
2016-11-10,GEPIL,EQ,492.5,508.95,509.0,491.05,492.0,496.6,498.1,2362,117650364999.99998,193.0,1766.0,0.7477
2016-11-11,GEPIL,EQ,496.6,490.0,496.95,475.0,483.5,483.3,486.84,6708,326574600000.0,351.0,5510.0,0.8214
2016-11-15,GEPIL,EQ,483.3,490.0,490.0,453.0,462.1,465.2,467.12,10042,469082295000.0,555.0,5581.0,0.5558
2016-11-16,GEPIL,EQ,465.2,465.0,475.0,458.45,468.0,464.75,463.57,5414,250978940000.0,778.0,3804.0,0.7026000000000001
2016-11-17,GEPIL,EQ,464.75,469.0,477.0,465.0,470.0,470.6,468.98,4868,228298179999.99997,210.0,4216.0,0.8661
2016-11-18,GEPIL,EQ,470.6,467.4,472.0,461.0,461.0,461.25,463.43,3857,178746540000.0,683.0,2665.0,0.691
2016-11-21,GEPIL,EQ,461.25,460.0,467.5,450.0,452.9,451.4,454.93,13374,608423710000.0,490.0,11525.0,0.8617
2016-11-22,GEPIL,EQ,451.4,451.9,463.0,435.5,462.95,455.7,451.95,8750,395458220000.0,850.0,5964.0,0.6816
2016-11-23,GEPIL,EQ,455.7,451.05,477.95,450.1,476.0,477.55,468.72,6915,324121490000.0,427.0,5463.0,0.79
2016-11-24,GEPIL,EQ,477.55,478.0,480.0,462.3,479.95,476.8,475.16,2289,108764080000.0,174.0,1779.0,0.7772
2016-11-25,GEPIL,EQ,476.8,479.95,487.5,475.25,487.5,485.35,481.6,5729,275908185000.0,189.0,5295.0,0.9242
2016-11-28,GEPIL,EQ,485.35,466.0,492.95,466.0,470.05,471.5,473.72,5283,250268745000.00003,354.0,3453.0,0.6536
2016-11-29,GEPIL,EQ,471.5,474.15,482.0,463.0,463.1,466.95,471.02,3132,147523380000.0,318.0,1927.0,0.6153000000000001
2016-11-30,GEPIL,EQ,466.95,474.0,474.0,463.1,470.0,469.25,468.98,2754,129157680000.0,161.0,2253.0,0.8181
2016-12-01,GEPIL,EQ,469.25,467.95,485.05,463.0,478.0,477.45,476.85,6581,313812515000.0,598.0,5138.0,0.7807
2016-12-02,GEPIL,EQ,477.45,478.0,495.0,464.95,469.0,468.8,475.4,6479,308009680000.0,384.0,5127.0,0.7913
2016-12-05,GEPIL,EQ,468.8,465.0,499.7,464.8,499.7,480.2,478.17,71115,3400477054999.9995,3283.0,66182.0,0.9306000000000001
2016-12-06,GEPIL,EQ,480.2,489.95,500.05,475.0,495.0,490.2,494.59,6770,334836025000.0,558.0,4919.0,0.7266
2016-12-07,GEPIL,EQ,490.2,491.35,505.0,491.35,492.25,493.7,498.56,4556,227144885000.0,314.0,3073.0,0.6745
2016-12-08,GEPIL,EQ,493.7,503.0,503.0,490.0,490.0,490.75,494.79,2906,143785745000.0,563.0,2084.0,0.7171
2016-12-09,GEPIL,EQ,490.75,495.05,499.95,481.65,489.5,486.05,490.51,5030,246726625000.0,561.0,3497.0,0.6951999999999999
2016-12-12,GEPIL,EQ,486.05,481.0,493.75,481.0,489.4,487.6,487.55,2458,119840880000.0,317.0,1259.0,0.5122
2016-12-13,GEPIL,EQ,487.6,487.8,494.4,485.0,490.0,488.35,490.3,2248,110218420000.0,495.0,1625.0,0.7229000000000001
2016-12-14,GEPIL,EQ,488.35,480.25,490.0,475.5,475.65,479.95,483.34,2166,104690685000.0,245.0,2002.0,0.9243000000000001
2016-12-15,GEPIL,EQ,479.95,493.95,493.95,481.2,486.15,485.55,483.63,2825,136626405000.0,246.0,1810.0,0.6406999999999999
2016-12-16,GEPIL,EQ,485.55,476.0,490.05,476.0,483.9,482.45,482.75,1789,86364390000.0,293.0,1031.0,0.5763
2016-12-19,GEPIL,EQ,482.45,493.0,493.0,474.1,474.25,475.1,477.84,2983,142540940000.0,207.0,2162.0,0.7248
2016-12-20,GEPIL,EQ,475.1,479.0,479.0,465.0,466.65,467.15,470.6,3446,162169635000.0,289.0,2839.0,0.8239000000000001
2016-12-21,GEPIL,EQ,467.15,467.2,470.0,465.55,466.25,467.4,468.25,1493,69910110000.0,96.0,1188.0,0.7957
2016-12-22,GEPIL,EQ,467.4,466.0,466.8,457.15,459.95,459.4,461.72,1191,54990580000.00001,128.0,771.0,0.6474
2016-12-23,GEPIL,EQ,459.4,458.95,473.0,455.05,470.0,467.9,464.66,3528,163931975000.0,284.0,2107.0,0.5972
2016-12-26,GEPIL,EQ,467.9,458.0,465.4,451.0,454.0,456.35,456.97,1936,88470045000.0,207.0,1164.0,0.6012
2016-12-27,GEPIL,EQ,456.35,457.0,463.9,452.55,459.0,461.7,459.78,1770,81381560000.0,119.0,1462.0,0.826
2016-12-28,GEPIL,EQ,461.7,473.95,473.95,455.0,456.0,455.6,460.43,3287,151341930000.0,352.0,2547.0,0.7748999999999999
2016-12-29,GEPIL,EQ,455.6,455.0,463.9,447.1,459.0,456.45,452.33,2123,96029640000.0,251.0,1102.0,0.5191
2016-12-30,GEPIL,EQ,456.45,470.0,483.9,470.0,480.0,478.45,476.69,20584,981210755000.0001,1006.0,10534.0,0.5118
2017-01-02,GEPIL,EQ,478.45,478.0,487.9,475.0,475.5,476.4,478.96,3399,162800155000.0,467.0,1935.0,0.5693
2017-01-03,GEPIL,EQ,476.4,475.85,509.0,475.5,505.0,503.5,498.99,10585,528177825000.0,811.0,4486.0,0.4238
2017-01-04,GEPIL,EQ,503.5,509.5,525.0,506.05,518.7,520.25,518.46,6364,329949315000.0,797.0,3984.0,0.626
2017-01-05,GEPIL,EQ,520.25,520.25,525.0,511.0,519.0,518.6,519.7,4435,230484995000.00003,323.0,2070.0,0.4667
2017-01-06,GEPIL,EQ,518.6,530.0,547.0,516.5,516.5,520.65,530.46,14302,758658425000.0,1237.0,5150.0,0.3601
2017-01-09,GEPIL,EQ,520.65,521.0,558.9,521.0,556.6,551.8,542.25,25351,1374663040000.0,2066.0,14528.0,0.5731
2017-01-10,GEPIL,EQ,551.8,545.1,556.05,531.8,540.0,539.0,541.9,5714,309642480000.0,464.0,3375.0,0.5907
2017-01-11,GEPIL,EQ,539.0,536.0,547.0,535.05,536.95,536.5,537.32,5315,285586950000.0,330.0,3196.0,0.6013000000000001
2017-01-12,GEPIL,EQ,536.5,536.1,542.0,531.1,532.55,535.0,535.58,440989,23618296850000.0,663.0,433927.0,0.9840000000000001
2017-01-13,GEPIL,EQ,535.0,540.0,544.5,521.5,528.0,525.7,525.38,11495,603919955000.0,581.0,8545.0,0.7434000000000001
2017-01-16,GEPIL,EQ,525.7,523.0,539.0,520.25,538.9,538.2,531.66,4794,254875595000.00003,295.0,3894.0,0.8123
2017-01-17,GEPIL,EQ,538.2,534.05,541.8,530.0,533.0,533.15,535.55,2499,133834460000.00002,263.0,2012.0,0.8051
2017-01-18,GEPIL,EQ,533.15,535.0,539.8,525.75,535.0,535.15,535.41,5136,274986525000.0,546.0,3919.0,0.763
2017-01-19,GEPIL,EQ,535.15,535.05,540.25,535.0,539.0,535.35,536.58,6960,373457810000.0,257.0,5123.0,0.7361
2017-01-20,GEPIL,EQ,535.35,535.05,549.7,532.0,545.0,545.4,539.09,12825,691382080000.0,648.0,10754.0,0.8384999999999999
2017-01-23,GEPIL,EQ,545.4,540.05,565.65,540.05,562.0,562.6,557.22,17268,962198960000.0,712.0,14633.0,0.8473999999999999
2017-01-24,GEPIL,EQ,562.6,557.0,575.0,557.0,570.0,569.9,570.61,22956,1309895620000.0,708.0,19416.0,0.8458
2017-01-25,GEPIL,EQ,569.9,573.8,585.0,570.0,580.0,578.8,578.68,26330,1523653055000.0,762.0,23724.0,0.9009999999999999
2017-01-27,GEPIL,EQ,578.8,584.9,622.0,580.15,609.0,611.15,607.16,62247,3779418560000.0,3029.0,49277.0,0.7916
2017-01-30,GEPIL,EQ,611.15,600.0,619.85,590.15,590.15,592.55,607.04,23917,1451845915000.0,1358.0,17360.0,0.7258
2017-01-31,GEPIL,EQ,592.55,602.5,602.5,576.0,579.25,579.95,583.25,15022,876156855000.0001,607.0,12959.0,0.8627
2017-02-01,GEPIL,EQ,579.95,575.1,610.0,570.1,597.0,603.55,593.83,29906,1775914810000.0002,1529.0,26299.0,0.8794
2017-02-02,GEPIL,EQ,603.55,610.0,624.8,603.0,622.0,614.35,612.61,106554,6527557795000.0,1782.0,74266.0,0.6970000000000001
2017-02-03,GEPIL,EQ,614.35,651.0,658.4,616.0,645.0,641.15,632.49,200429,12676909490000.0,6024.0,125391.0,0.6256
2017-02-06,GEPIL,EQ,641.15,642.0,659.0,635.5,640.0,641.6,641.39,306991,19690104540000.0,1747.0,294276.0,0.9586
2017-02-07,GEPIL,EQ,641.6,640.0,644.85,639.0,641.0,640.85,640.95,358827,22998989875000.0,878.0,350753.0,0.9775
2017-02-08,GEPIL,EQ,640.85,643.5,649.0,638.0,640.0,641.95,641.65,18939,1215215680000.0,534.0,15836.0,0.8362
2017-02-09,GEPIL,EQ,641.95,641.0,664.85,639.25,641.1,643.4,647.48,37372,2419753920000.0,1270.0,26902.0,0.7198000000000001
2017-02-10,GEPIL,EQ,643.4,644.0,650.0,626.3,638.25,640.35,642.23,40789,2619604605000.0,541.0,11773.0,0.2886
2017-02-13,GEPIL,EQ,640.35,649.0,649.0,622.3,643.95,643.05,638.15,33921,2164668795000.0,1816.0,27762.0,0.8184
2017-02-14,GEPIL,EQ,643.05,638.75,642.0,637.0,640.0,639.45,639.97,87955,5628829050000.0,449.0,86162.0,0.9795999999999999
2017-02-15,GEPIL,EQ,639.45,634.55,645.0,610.0,610.25,612.9,618.16,11171,690546715000.0,803.0,9248.0,0.8279000000000001
2017-02-16,GEPIL,EQ,612.9,629.0,629.0,609.95,613.1,614.15,614.65,6177,379670235000.0,414.0,4943.0,0.8002
2017-02-17,GEPIL,EQ,614.15,629.0,640.0,614.0,625.05,627.55,627.2,11204,702717435000.0,780.0,8400.0,0.7497
2017-02-20,GEPIL,EQ,627.55,618.4,635.0,615.5,621.0,620.2,622.02,9594,596770395000.0,378.0,8170.0,0.8516
2017-02-21,GEPIL,EQ,620.2,620.9,631.0,619.05,623.0,626.8,620.88,20238,1256546105000.0,347.0,19094.0,0.9435
2017-02-22,GEPIL,EQ,626.8,629.7,635.0,615.0,623.8,620.3,624.44,7587,473760140000.00006,691.0,5910.0,0.779
2017-02-23,GEPIL,EQ,620.3,621.0,621.0,600.1,603.0,603.6,608.52,6427,391094240000.0,420.0,4616.0,0.7182
2017-02-27,GEPIL,EQ,603.6,593.0,614.0,593.0,613.5,604.6,603.96,8427,508956345000.0,653.0,6260.0,0.7429000000000001
2017-02-28,GEPIL,EQ,604.6,615.0,615.0,600.0,605.95,602.2,602.26,5736,345456220000.0,385.0,4040.0,0.7043
2017-03-01,GEPIL,EQ,602.2,609.9,609.9,599.6,604.0,602.25,601.91,8541,514093515000.00006,255.0,7296.0,0.8542000000000001
2017-03-02,GEPIL,EQ,602.25,602.0,602.0,582.1,585.0,589.05,591.69,7365,435777020000.0,460.0,6751.0,0.9166
2017-03-03,GEPIL,EQ,589.05,586.0,595.95,582.6,583.0,584.7,587.93,6970,409786070000.0,348.0,6076.0,0.8717
2017-03-06,GEPIL,EQ,584.7,585.05,603.4,585.0,591.0,592.35,595.98,8341,497105015000.00006,469.0,6564.0,0.787
2017-03-07,GEPIL,EQ,592.35,592.55,601.0,589.1,599.95,597.6,595.56,23327,1389273390000.0,1338.0,17159.0,0.7356
2017-03-08,GEPIL,EQ,597.6,593.45,600.0,586.0,592.5,595.45,594.91,6121,364142795000.0,710.0,4583.0,0.7487
2017-03-09,GEPIL,EQ,595.45,604.0,604.0,593.95,595.0,594.6,596.66,3634,216825925000.0,205.0,2364.0,0.6505
2017-03-10,GEPIL,EQ,594.6,600.0,600.0,586.0,587.1,589.45,591.68,5926,350629930000.0,390.0,4609.0,0.7778
2017-03-14,GEPIL,EQ,589.45,595.0,600.0,579.7,586.0,589.2,584.95,13329,779686400000.0,1089.0,9768.0,0.7328
2017-03-15,GEPIL,EQ,589.2,586.25,588.95,572.3,574.3,573.85,577.3,11018,636069570000.0,682.0,6501.0,0.59
2017-03-16,GEPIL,EQ,573.85,573.15,578.95,567.3,569.3,568.8,572.03,13366,764577085000.0,554.0,10417.0,0.7794
2017-03-17,GEPIL,EQ,568.8,567.6,591.0,564.55,585.0,585.25,578.96,32607,1887811960000.0002,1507.0,25008.0,0.767
2017-03-20,GEPIL,EQ,585.25,590.0,607.5,582.0,587.0,587.25,594.99,34219,2035993655000.0,3339.0,22811.0,0.6666
2017-03-21,GEPIL,EQ,587.25,585.8,604.2,580.0,592.35,598.75,594.33,30641,1821091405000.0,1107.0,25425.0,0.8298000000000001
2017-03-22,GEPIL,EQ,598.75,591.0,594.95,583.1,583.1,583.9,585.87,11581,678495455000.0,624.0,8945.0,0.7724
2017-03-23,GEPIL,EQ,583.9,594.0,599.4,579.8,583.0,582.45,585.64,18946,1109558650000.0,761.0,11925.0,0.6294
2017-03-24,GEPIL,EQ,582.45,588.0,591.9,576.25,582.0,580.45,582.1,18578,1081417075000.0,1721.0,9315.0,0.5014000000000001
2017-03-27,GEPIL,EQ,580.45,587.0,590.0,576.25,578.85,578.6,582.82,19586,1141518335000.0,1093.0,13172.0,0.6725
2017-03-28,GEPIL,EQ,578.6,583.95,584.95,578.0,582.0,579.25,580.66,9718,564281830000.0,325.0,8111.0,0.8346
2017-03-29,GEPIL,EQ,579.25,585.0,585.0,577.0,577.65,579.05,579.48,15725,911232130000.0001,714.0,12658.0,0.805
2017-03-30,GEPIL,EQ,579.05,585.5,585.5,575.25,576.0,575.95,578.26,8439,487990475000.0,458.0,6913.0,0.8192
2017-03-31,GEPIL,EQ,575.95,581.0,594.9,576.05,585.0,587.8,589.98,29857,1761515585000.0002,2904.0,19104.0,0.6398
2017-04-03,GEPIL,EQ,587.8,589.95,598.0,585.0,589.9,588.7,590.48,11067,653480475000.0,610.0,6982.0,0.6309
2017-04-05,GEPIL,EQ,588.7,586.9,615.65,579.15,600.0,599.85,605.23,42551,2575323770000.0,1416.0,28729.0,0.6752
2017-04-06,GEPIL,EQ,599.85,599.9,606.85,592.5,599.0,599.65,600.63,11941,717212010000.0,583.0,8042.0,0.6735
2017-04-07,GEPIL,EQ,599.65,605.0,609.75,585.25,590.0,589.6,601.39,86088,5177227250000.0,2829.0,41327.0,0.48009999999999997
2017-04-10,GEPIL,EQ,589.6,593.0,614.0,592.0,603.2,605.95,604.69,99482,6015552300000.0,4489.0,74984.0,0.7537
2017-04-11,GEPIL,EQ,605.95,609.0,613.8,605.0,612.5,612.95,610.82,24345,1487050440000.0,924.0,17449.0,0.7167
2017-04-12,GEPIL,EQ,612.95,613.0,614.95,605.0,605.55,606.4,609.25,34474,2100332500000.0,937.0,30114.0,0.8734999999999999
2017-04-13,GEPIL,EQ,606.4,606.7,610.8,594.6,609.5,609.75,607.26,29701,1803637720000.0,1101.0,23637.0,0.7958
2017-04-17,GEPIL,EQ,609.75,610.0,633.0,603.55,609.9,607.4,607.62,521000,31657127255000.0,3821.0,463748.0,0.8901000000000001
2017-04-18,GEPIL,EQ,607.4,615.0,623.7,605.35,612.0,612.15,617.43,37104,2290906525000.0,1347.0,17573.0,0.4736
2017-04-19,GEPIL,EQ,612.15,614.9,615.55,606.55,608.2,612.05,611.88,11057,676557925000.0,820.0,7746.0,0.7006
2017-04-20,GEPIL,EQ,612.05,614.2,622.0,611.1,622.0,619.2,616.17,36818,2268618790000.0,561.0,31739.0,0.8621
2017-04-21,GEPIL,EQ,619.2,622.8,638.0,622.5,634.0,630.95,631.65,56684,3580459779999.9995,1415.0,46654.0,0.8231
2017-04-24,GEPIL,EQ,630.95,634.75,682.0,631.25,673.0,676.65,668.27,129494,8653659780000.0,4394.0,59443.0,0.459
2017-04-25,GEPIL,EQ,676.65,681.7,695.0,669.0,688.0,686.2,686.13,47429,3254227980000.0,2800.0,26774.0,0.5645
2017-04-26,GEPIL,EQ,686.2,690.0,693.55,654.0,660.0,664.35,670.15,49615,3324929290000.0,1132.0,30813.0,0.621
2017-04-27,GEPIL,EQ,664.35,658.35,675.0,652.0,669.0,662.05,661.72,20434,1352159250000.0,744.0,13368.0,0.6542
2017-04-28,GEPIL,EQ,662.05,667.0,675.0,656.0,665.0,665.45,665.33,16356,1088215475000.0,1460.0,11055.0,0.6759000000000001
2017-05-02,GEPIL,EQ,665.45,672.0,677.95,645.0,648.7,652.35,659.93,26021,1717200314999.9998,1441.0,19294.0,0.7415
2017-05-03,GEPIL,EQ,652.35,652.4,656.9,642.65,649.0,650.05,649.76,23765,1544146385000.0,2239.0,18598.0,0.7826000000000001
2017-05-04,GEPIL,EQ,650.05,645.6,660.45,642.2,642.6,645.1,651.53,11589,755057370000.0,1022.0,5890.0,0.5082
2017-05-05,GEPIL,EQ,645.1,641.0,658.05,635.4,639.0,638.2,646.44,13765,889823335000.0,710.0,8405.0,0.6106
2017-05-08,GEPIL,EQ,638.2,638.5,648.9,635.0,638.95,637.25,640.89,7850,503099650000.0,458.0,3246.0,0.41350000000000003
2017-05-09,GEPIL,EQ,637.25,637.5,665.0,635.1,656.0,652.35,647.84,30450,1972679820000.0,2447.0,18858.0,0.6193
2017-05-10,GEPIL,EQ,652.35,652.0,681.9,650.8,670.0,668.25,672.43,49619,3336509470000.0,1959.0,26173.0,0.5275
2017-05-11,GEPIL,EQ,668.25,679.55,679.55,655.2,664.4,663.8,664.5,18233,1211578085000.0,1369.0,10946.0,0.6003000000000001
2017-05-12,GEPIL,EQ,663.8,663.8,663.8,644.5,647.0,646.5,651.01,11509,749242250000.0,663.0,7296.0,0.6339
2017-05-15,GEPIL,EQ,646.5,654.95,660.05,652.85,658.0,656.15,656.07,17899,1174291280000.0,1541.0,13349.0,0.7458
2017-05-16,GEPIL,EQ,656.15,657.0,674.9,651.05,662.0,657.55,663.89,31215,2072336800000.0,2598.0,18783.0,0.6017
2017-05-17,GEPIL,EQ,657.55,657.6,664.5,652.1,655.0,657.05,659.24,9757,643220080000.0,965.0,6077.0,0.6228
2017-05-18,GEPIL,EQ,657.05,650.05,660.2,642.0,644.0,644.05,650.77,15156,986304050000.0,1034.0,9016.0,0.5949
2017-05-19,GEPIL,EQ,644.05,646.0,665.0,644.4,657.0,657.9,658.88,34444,2269444155000.0,8776.0,23701.0,0.6881
2017-05-22,GEPIL,EQ,657.9,648.85,675.45,646.3,662.6,666.65,665.59,28903,1923767950000.0,890.0,22221.0,0.7687999999999999
2017-05-23,GEPIL,EQ,666.65,671.85,671.85,645.0,650.0,650.85,651.65,4925,320937900000.0,440.0,2807.0,0.5699000000000001
2017-05-24,GEPIL,EQ,650.85,651.95,658.75,622.0,626.0,628.65,637.94,7128,454724570000.0,517.0,3479.0,0.48810000000000003
2017-05-25,GEPIL,EQ,628.65,631.0,647.35,630.1,645.0,638.95,639.91,4622,295766560000.0,357.0,2629.0,0.5688000000000001
2017-05-26,GEPIL,EQ,638.95,654.2,670.0,642.9,666.0,660.6,659.53,12944,853699885000.0,1074.0,6302.0,0.4869
2017-05-29,GEPIL,EQ,660.6,660.0,670.95,639.0,662.0,661.15,653.37,9855,643893515000.0,750.0,5210.0,0.5287
2017-05-30,GEPIL,EQ,661.15,667.9,667.95,632.1,638.1,641.35,645.31,29874,1927812295000.0,2227.0,17628.0,0.5901
2017-05-31,GEPIL,EQ,641.35,642.0,642.0,618.5,620.4,624.75,630.17,11819,744800085000.0,916.0,8564.0,0.7245999999999999
2017-06-01,GEPIL,EQ,624.75,621.0,628.0,618.05,623.0,620.6,623.42,6485,404287045000.0,466.0,4175.0,0.6437999999999999
2017-06-02,GEPIL,EQ,620.6,633.0,634.85,620.1,625.2,625.45,626.28,11259,705124160000.0,765.0,7094.0,0.6301
2017-06-05,GEPIL,EQ,625.45,630.0,634.7,620.0,621.0,620.25,623.83,8563,534189245000.0,788.0,5738.0,0.6701
2017-06-06,GEPIL,EQ,620.25,625.0,626.9,620.5,626.9,625.5,624.4,4661,291033260000.0,381.0,3241.0,0.6953
2017-06-07,GEPIL,EQ,625.5,633.0,633.0,619.0,629.5,628.35,624.67,11074,691758950000.0,1678.0,8958.0,0.8089000000000001
2017-06-08,GEPIL,EQ,628.35,632.0,632.0,620.35,628.7,627.05,625.23,7293,455980290000.00006,329.0,5601.0,0.768
2017-06-09,GEPIL,EQ,627.05,621.05,628.2,620.0,622.0,625.05,622.62,5250,326877535000.0,248.0,3819.0,0.7273999999999999
2017-06-12,GEPIL,EQ,625.05,622.5,629.3,617.0,617.0,617.75,621.6,6035,375135960000.0,324.0,4625.0,0.7664
2017-06-13,GEPIL,EQ,617.75,618.0,628.0,618.0,624.65,625.25,622.32,7196,447823225000.0,392.0,5772.0,0.8020999999999999
2017-06-14,GEPIL,EQ,625.25,627.9,628.0,618.8,628.0,626.95,624.94,7232,451955400000.0,589.0,5510.0,0.7619
2017-06-15,GEPIL,EQ,626.95,628.8,628.8,620.05,628.0,625.8,625.43,4625,289262545000.0,329.0,4332.0,0.9366
2017-06-16,GEPIL,EQ,625.8,628.8,631.1,624.95,630.0,629.35,627.89,4158,261077595000.00003,328.0,3609.0,0.868
2017-06-19,GEPIL,EQ,629.35,635.0,647.9,622.85,639.0,635.35,633.4,6852,434003630000.0,351.0,5117.0,0.7468000000000001
2017-06-20,GEPIL,EQ,635.35,643.6,650.0,636.0,644.95,642.6,640.41,89749,5747649300000.0,542.0,86536.0,0.9642000000000001
2017-06-21,GEPIL,EQ,642.6,644.95,645.0,641.0,643.0,642.75,643.13,2746,176604720000.0,128.0,2349.0,0.8554
2017-06-22,GEPIL,EQ,642.75,633.5,649.9,633.5,640.0,641.75,641.94,7908,507649520000.0,180.0,7254.0,0.9173
2017-06-23,GEPIL,EQ,641.75,636.6,637.3,619.0,625.0,625.7,625.24,8541,534017400000.0,438.0,5001.0,0.5855
2017-06-27,GEPIL,EQ,625.7,620.35,627.2,613.0,613.1,618.05,620.19,11048,685185690000.0,429.0,8822.0,0.7985
2017-06-28,GEPIL,EQ,618.05,623.7,623.7,604.85,621.5,614.2,613.38,8167,500947900000.0,771.0,4036.0,0.49420000000000003
2017-06-29,GEPIL,EQ,614.2,620.0,621.9,614.0,620.0,620.2,618.78,6497,402019505000.0,361.0,4338.0,0.6677
2017-06-30,GEPIL,EQ,620.2,620.0,623.95,615.05,620.8,620.3,619.86,2472,153230125000.0,811.0,1572.0,0.6359
2017-07-03,GEPIL,EQ,620.3,620.3,637.0,619.65,632.0,630.1,626.07,4164,260696315000.0,207.0,3442.0,0.8266
2017-07-04,GEPIL,EQ,630.1,627.0,630.0,618.6,618.65,620.05,623.04,5207,324418150000.0,361.0,3841.0,0.7377
2017-07-05,GEPIL,EQ,620.05,620.1,639.0,620.1,634.9,630.95,629.68,5498,346199530000.0,400.0,3952.0,0.7188
2017-07-06,GEPIL,EQ,630.95,630.95,638.0,620.15,622.0,624.8,625.53,9462,591874030000.0,275.0,8363.0,0.8839
2017-07-07,GEPIL,EQ,624.8,635.0,660.15,623.5,651.9,651.1,651.44,42568,2773035450000.0,1577.0,28375.0,0.6666
2017-07-10,GEPIL,EQ,651.1,650.0,684.4,650.0,660.0,664.1,662.18,3763,249179550000.0,135.0,3028.0,0.8047
2017-07-11,GEPIL,EQ,664.1,661.9,667.5,650.4,658.9,655.3,661.17,8262,546259150000.0,592.0,6057.0,0.7331000000000001
2017-07-12,GEPIL,EQ,655.3,655.3,679.7,650.0,670.0,669.65,669.73,47118,3155644840000.0,1324.0,41047.0,0.8712000000000001
2017-07-13,GEPIL,EQ,669.65,665.0,669.85,645.0,648.0,647.85,653.2,24018,1568849495000.0,986.0,19069.0,0.7939
2017-07-14,GEPIL,EQ,647.85,642.0,649.15,632.0,636.0,640.0,641.99,17049,1094522744999.9999,629.0,14841.0,0.8704999999999999
2017-07-17,GEPIL,EQ,640.0,640.0,640.0,621.6,634.0,633.65,628.29,24686,1550995625000.0,1049.0,12160.0,0.4926
2017-07-18,GEPIL,EQ,633.65,633.65,642.55,625.75,626.15,632.5,633.98,7412,469905334999.99994,377.0,5426.0,0.7321
2017-07-19,GEPIL,EQ,632.5,644.0,656.95,630.1,653.0,650.65,648.25,10227,662968775000.0,827.0,6721.0,0.6572
2017-07-20,GEPIL,EQ,650.65,654.9,655.0,640.0,645.05,648.2,650.72,7862,511594995000.0,302.0,6069.0,0.7719
2017-07-21,GEPIL,EQ,648.2,648.2,660.0,642.0,654.0,655.15,650.33,7530,489701240000.00006,325.0,5847.0,0.7765000000000001
2017-07-24,GEPIL,EQ,655.15,650.05,661.0,645.6,647.4,646.3,654.93,9496,621923615000.0,340.0,7650.0,0.8056000000000001
2017-07-25,GEPIL,EQ,646.3,645.05,663.0,645.0,660.0,661.5,656.54,12827,842138805000.0001,497.0,11221.0,0.8748
2017-07-26,GEPIL,EQ,661.5,650.1,747.9,650.1,694.5,692.5,710.77,249097,17705071080000.0,10544.0,91723.0,0.3682
2017-07-27,GEPIL,EQ,692.5,698.65,722.9,665.15,684.0,680.85,692.61,83063,5753015695000.0,3975.0,37389.0,0.4501
2017-07-28,GEPIL,EQ,680.85,671.1,710.0,671.1,707.0,705.8,703.47,109368,7693694575000.0,2559.0,80017.0,0.7316
2017-07-31,GEPIL,EQ,705.8,707.1,725.0,707.0,720.0,715.55,713.49,37584,2681592330000.0,1209.0,23865.0,0.635
2017-08-01,GEPIL,EQ,715.55,705.0,712.9,674.35,700.1,705.0,694.82,81565,5667326235000.0,3319.0,43700.0,0.5357999999999999
2017-08-02,GEPIL,EQ,705.0,706.0,715.55,699.0,710.0,712.65,709.77,48835,3466148615000.0,1715.0,39056.0,0.7998000000000001
2017-08-03,GEPIL,EQ,712.65,706.0,711.45,695.0,705.05,706.25,703.9,13564,954774919999.9999,528.0,10116.0,0.7458
2017-08-04,GEPIL,EQ,706.25,693.0,715.0,685.0,710.2,711.25,702.48,15688,1102043940000.0,654.0,10840.0,0.691
2017-08-07,GEPIL,EQ,711.25,705.05,715.0,696.05,707.0,704.95,707.11,4709,332980010000.0,401.0,2444.0,0.519
2017-08-08,GEPIL,EQ,704.95,701.5,704.35,685.0,696.0,693.45,693.57,5813,403173425000.0,313.0,3402.0,0.5852
2017-08-09,GEPIL,EQ,693.45,688.0,698.0,662.0,689.0,672.95,679.25,7261,493201515000.00006,464.0,4303.0,0.5926
2017-08-10,GEPIL,EQ,672.95,683.5,689.8,641.0,667.85,659.65,667.54,18343,1224474840000.0,1262.0,12097.0,0.6595000000000001
2017-08-11,GEPIL,EQ,659.65,635.55,675.75,635.55,673.0,666.6,665.09,19602,1303701815000.0,1371.0,14590.0,0.7443000000000001
2017-08-14,GEPIL,EQ,666.6,673.0,682.75,667.0,672.3,673.25,672.52,3692,248293604999.99997,669.0,2669.0,0.7229000000000001
2017-08-16,GEPIL,EQ,673.25,682.0,682.0,661.7,671.0,671.6,671.42,10016,672492725000.0,581.0,8345.0,0.8331999999999999
2017-08-17,GEPIL,EQ,671.6,682.75,682.8,661.35,666.0,665.4,669.91,12137,813073390000.0,482.0,10491.0,0.8644
2017-08-18,GEPIL,EQ,665.4,670.0,670.0,650.0,664.75,662.0,658.18,10074,663048610000.0,861.0,7202.0,0.7149
2017-08-21,GEPIL,EQ,662.0,654.1,674.75,654.1,664.0,663.5,666.86,12818,854782860000.0,563.0,9773.0,0.7624
2017-08-22,GEPIL,EQ,663.5,658.0,671.0,645.15,667.0,661.1,659.08,10383,684323465000.0,499.0,6638.0,0.6393
2017-08-23,GEPIL,EQ,661.1,658.0,668.35,654.1,668.0,663.9,663.1,5229,346734745000.0,504.0,3622.0,0.6927
2017-08-24,GEPIL,EQ,663.9,668.7,706.0,661.15,665.0,668.9,684.69,45755,3132788990000.0,2178.0,15159.0,0.33130000000000004
2017-08-28,GEPIL,EQ,668.9,661.0,681.0,661.0,666.05,669.15,670.52,19518,1308725645000.0,1318.0,15167.0,0.7770999999999999
2017-08-29,GEPIL,EQ,669.15,672.95,672.95,650.0,652.0,652.65,656.54,6841,449138740000.00006,531.0,4176.0,0.6104
2017-08-30,GEPIL,EQ,652.65,655.05,668.0,650.0,657.0,655.25,658.13,6348,417778515000.0,518.0,3294.0,0.5189
2017-08-31,GEPIL,EQ,655.25,655.5,665.0,650.1,661.0,662.1,658.38,2662,175260585000.0,287.0,1770.0,0.6648999999999999
2017-09-01,GEPIL,EQ,662.1,655.05,668.05,655.05,660.0,661.8,662.85,3513,232858654999.99997,239.0,2478.0,0.7054
2017-09-04,GEPIL,EQ,661.8,654.0,668.0,650.1,662.0,654.2,656.79,6722,441491220000.0,435.0,4505.0,0.6702
2017-09-05,GEPIL,EQ,654.2,662.0,666.9,655.15,662.0,663.1,663.1,3882,257417015000.0,443.0,2517.0,0.6484000000000001
2017-09-06,GEPIL,EQ,663.1,662.0,675.0,655.0,670.1,667.2,660.33,8618,569072535000.0,400.0,6466.0,0.7503000000000001
2017-09-07,GEPIL,EQ,667.2,663.0,671.95,656.05,660.0,663.3,662.82,7767,514815120000.0,453.0,5871.0,0.7559
2017-09-08,GEPIL,EQ,663.3,662.5,663.0,652.0,654.75,653.4,654.95,9087,595154240000.0,346.0,6940.0,0.7637
2017-09-11,GEPIL,EQ,653.4,655.0,664.9,651.1,654.1,654.45,657.49,17061,1121749730000.0,1680.0,13474.0,0.7898000000000001
2017-09-12,GEPIL,EQ,654.45,651.25,662.95,651.2,657.0,657.25,658.32,9011,593212780000.0,662.0,7903.0,0.877
2017-09-13,GEPIL,EQ,657.25,659.35,672.7,656.1,669.85,667.5,666.19,8922,594375495000.0,489.0,6695.0,0.7504000000000001
2017-09-14,GEPIL,EQ,667.5,672.0,693.0,667.25,668.6,671.65,678.01,23744,1609862660000.0,1475.0,15489.0,0.6523000000000001
2017-09-15,GEPIL,EQ,671.65,677.6,685.1,638.05,640.0,656.1,661.3,40192,2657910820000.0,3226.0,34025.0,0.8466
2017-09-18,GEPIL,EQ,656.1,655.0,674.0,648.5,652.1,651.05,655.45,59851,3922914575000.0,2725.0,42767.0,0.7145999999999999
2017-09-19,GEPIL,EQ,651.05,653.95,660.0,645.05,655.3,657.45,652.5,17517,1142976590000.0,643.0,12679.0,0.7238
2017-09-20,GEPIL,EQ,657.45,660.9,667.8,651.75,655.0,655.35,659.05,6513,429236430000.0,877.0,3201.0,0.4915
2017-09-21,GEPIL,EQ,655.35,649.0,665.2,649.0,658.0,659.9,658.25,16561,1090132515000.0,538.0,14132.0,0.8533
2017-09-22,GEPIL,EQ,659.9,650.2,666.0,650.2,655.05,664.25,661.54,18466,1221606495000.0,542.0,16148.0,0.8745
2017-09-25,GEPIL,EQ,664.25,665.0,667.7,629.0,654.0,651.15,655.91,74879,4911387935000.0,1746.0,64878.0,0.8664000000000001
2017-09-26,GEPIL,EQ,651.15,642.05,652.65,624.2,639.0,634.55,634.99,226435,14378464925000.0,2470.0,215133.0,0.9501000000000001
2017-09-27,GEPIL,EQ,634.55,640.9,651.95,628.0,630.15,637.35,638.11,12732,812447745000.0,725.0,9325.0,0.7323999999999999
2017-09-28,GEPIL,EQ,637.35,654.95,655.9,631.65,647.0,646.65,644.2,39505,2544922585000.0,3316.0,13940.0,0.3529
2017-09-29,GEPIL,EQ,646.65,646.0,692.0,640.1,690.0,678.75,676.61,41629,2816665600000.0,1109.0,37065.0,0.8904000000000001
2017-10-03,GEPIL,EQ,678.75,690.0,690.0,650.8,670.0,671.45,666.72,12060,804068655000.0,859.0,5857.0,0.4857
2017-10-04,GEPIL,EQ,671.45,672.0,673.8,652.1,656.0,655.75,661.1,6208,410413590000.0,561.0,4052.0,0.6527
2017-10-05,GEPIL,EQ,655.75,652.0,664.9,649.95,663.9,657.5,654.98,5352,350543165000.0,306.0,3159.0,0.5902000000000001
2017-10-06,GEPIL,EQ,657.5,658.05,668.0,654.05,660.0,657.35,660.13,5293,349404700000.0,376.0,3684.0,0.696
2017-10-09,GEPIL,EQ,657.35,663.9,663.9,651.15,657.9,656.85,656.47,8547,561086880000.0,291.0,6145.0,0.7190000000000001
2017-10-10,GEPIL,EQ,656.85,658.0,660.0,650.1,651.0,652.15,653.47,3832,250409025000.0,215.0,2752.0,0.7182
2017-10-11,GEPIL,EQ,652.15,655.0,664.0,652.15,660.15,658.75,659.04,12107,797902720000.0,568.0,9226.0,0.762
2017-10-12,GEPIL,EQ,658.75,665.0,669.3,651.1,655.25,659.35,659.78,8967,591626430000.0,739.0,5022.0,0.5601
2017-10-13,GEPIL,EQ,659.35,657.05,668.35,653.0,662.5,664.25,661.94,5008,331501410000.0,314.0,3199.0,0.6388
2017-10-16,GEPIL,EQ,664.25,665.0,665.0,657.1,658.0,658.65,660.49,2950,194845335000.0,252.0,2034.0,0.6895
2017-10-17,GEPIL,EQ,658.65,653.15,670.15,641.0,650.3,653.0,654.9,24647,1614140840000.0,970.0,6553.0,0.2659
2017-10-18,GEPIL,EQ,653.0,651.0,656.5,647.7,655.6,653.75,651.76,4086,266310465000.0,285.0,2496.0,0.6109
2017-10-19,GEPIL,EQ,653.75,658.5,658.5,646.0,648.1,650.4,651.55,1194,77794550000.0,81.0,928.0,0.7772
2017-10-23,GEPIL,EQ,650.4,674.95,714.9,673.6,694.5,693.0,694.32,57931,4022283570000.0005,2580.0,29167.0,0.5035000000000001
2017-10-24,GEPIL,EQ,693.0,686.0,695.0,675.0,686.15,689.0,688.31,30507,2099828755000.0,1465.0,14741.0,0.4832
2017-10-25,GEPIL,EQ,689.0,685.65,696.75,685.65,691.0,693.35,693.93,16949,1176147530000.0,723.0,12760.0,0.7528
2017-10-26,GEPIL,EQ,693.35,688.65,693.0,675.1,676.25,678.7,680.28,15557,1058318394999.9999,676.0,11856.0,0.7621
2017-10-27,GEPIL,EQ,678.7,679.0,704.9,679.0,689.4,686.15,696.54,30009,2090246785000.0002,1470.0,20023.0,0.6672
2017-10-30,GEPIL,EQ,686.15,686.0,704.9,684.7,689.95,693.4,696.81,43640,3040899760000.0,1430.0,38225.0,0.8759
2017-10-31,GEPIL,EQ,693.4,692.0,703.95,678.0,680.0,680.0,685.11,15563,1066233585000.0,2003.0,11369.0,0.7305
2017-11-01,GEPIL,EQ,680.0,683.25,700.0,670.6,680.0,680.5,688.83,24992,1721524075000.0,948.0,18217.0,0.7289
2017-11-02,GEPIL,EQ,680.5,687.3,687.3,650.0,659.0,656.55,661.22,35586,2353007820000.0,1685.0,25344.0,0.7122
2017-11-03,GEPIL,EQ,656.55,660.0,672.95,651.6,665.0,665.45,661.89,16952,1122034910000.0,1027.0,10392.0,0.613
2017-11-06,GEPIL,EQ,665.45,672.1,672.1,658.0,667.0,664.8,662.95,15931,1056138905000.0001,1455.0,12458.0,0.782
2017-11-07,GEPIL,EQ,664.8,667.0,669.0,657.1,660.5,661.8,661.25,13496,892421655000.0001,772.0,11376.0,0.8429000000000001
2017-11-08,GEPIL,EQ,661.8,657.0,665.0,649.95,656.0,654.2,654.03,168117,10995345460000.0,2108.0,146397.0,0.8708
2017-11-09,GEPIL,EQ,654.2,654.2,669.0,648.05,665.0,666.2,662.76,7501,497138595000.0,639.0,5362.0,0.7148000000000001
2017-11-10,GEPIL,EQ,666.2,655.1,674.0,655.1,663.0,663.6,664.88,7994,531505500000.0,479.0,5860.0,0.733
2017-11-13,GEPIL,EQ,663.6,663.6,667.6,650.0,655.0,653.7,658.83,10786,710608985000.0,626.0,8555.0,0.7931999999999999
2017-11-14,GEPIL,EQ,653.7,655.0,661.75,650.05,654.0,653.05,656.38,5238,343812180000.0,315.0,3844.0,0.7339
2017-11-15,GEPIL,EQ,653.05,661.0,699.0,646.75,678.0,664.4,679.86,82164,5585994490000.0,3670.0,44444.0,0.5409
2017-11-16,GEPIL,EQ,664.4,675.0,675.3,656.1,662.0,659.45,666.59,18091,1205926415000.0,898.0,15035.0,0.8311000000000001
2017-11-17,GEPIL,EQ,659.45,667.15,691.0,665.45,673.9,683.8,677.67,12088,819165675000.0,883.0,9102.0,0.753
2017-11-20,GEPIL,EQ,683.8,690.0,696.85,670.15,688.95,684.8,684.95,83113,5692860640000.0,1818.0,75532.0,0.9087999999999999
2017-11-21,GEPIL,EQ,684.8,691.6,694.95,677.25,684.0,685.4,687.97,9316,640914470000.0,792.0,6463.0,0.6938
2017-11-22,GEPIL,EQ,685.4,691.4,707.0,681.0,683.0,685.3,692.42,66306,4591179980000.0,1858.0,52029.0,0.7847
2017-11-23,GEPIL,EQ,685.3,692.0,710.0,684.0,686.55,688.3,698.77,46402,3242445970000.0,2047.0,33411.0,0.72
2017-11-24,GEPIL,EQ,688.3,695.0,709.0,670.0,672.2,673.35,688.92,67520,4651609250000.0,1205.0,60188.0,0.8914
2017-11-27,GEPIL,EQ,673.35,675.0,684.65,653.0,656.0,655.35,663.18,61087,4051142340000.0,3348.0,44509.0,0.7286
2017-11-28,GEPIL,EQ,655.35,661.9,668.8,637.0,661.0,648.0,649.72,57726,3750552729999.9995,1888.0,39370.0,0.682
2017-11-29,GEPIL,EQ,648.0,655.05,672.0,653.45,665.9,663.35,660.4,26961,1780506155000.0,1355.0,16186.0,0.6003000000000001
2017-11-30,GEPIL,EQ,663.35,655.2,674.0,655.2,665.2,670.6,667.4,8533,569495165000.0,821.0,6309.0,0.7394
2017-12-01,GEPIL,EQ,670.6,660.0,674.0,651.1,651.1,655.05,663.76,5661,375756430000.0,478.0,4202.0,0.7423000000000001
2017-12-04,GEPIL,EQ,655.05,655.0,683.0,655.0,679.0,676.4,672.59,15867,1067202860000.0,767.0,11340.0,0.7147
2017-12-05,GEPIL,EQ,676.4,669.0,689.9,669.0,689.9,687.15,679.47,10263,697340605000.0,671.0,7946.0,0.7742
2017-12-06,GEPIL,EQ,687.15,691.9,694.75,679.85,682.0,687.5,688.89,17545,1208651030000.0,1707.0,14786.0,0.8427
2017-12-07,GEPIL,EQ,687.5,697.95,710.0,687.65,704.95,702.5,702.69,36844,2588975780000.0,3164.0,28425.0,0.7715000000000001
2017-12-08,GEPIL,EQ,702.5,708.9,708.95,686.05,686.25,689.0,700.15,16796,1175975045000.0,2153.0,12664.0,0.7540000000000001
2017-12-11,GEPIL,EQ,689.0,691.0,702.0,663.15,672.3,675.7,678.36,21631,1467356090000.0,1692.0,12435.0,0.5749000000000001
2017-12-12,GEPIL,EQ,675.7,673.3,680.95,665.1,679.95,675.65,675.34,11172,754490225000.0,1061.0,7704.0,0.6896
2017-12-13,GEPIL,EQ,675.65,667.8,700.0,667.8,682.0,677.45,689.96,25007,1725380950000.0,1607.0,16756.0,0.6701
2017-12-14,GEPIL,EQ,677.45,679.45,694.7,667.0,675.9,673.6,673.05,9266,623651365000.0,437.0,6874.0,0.7419
2017-12-15,GEPIL,EQ,673.6,689.65,689.65,671.0,672.0,676.55,679.29,12233,830980095000.0,1265.0,9722.0,0.7947
2017-12-18,GEPIL,EQ,676.55,661.0,693.95,661.0,680.0,677.3,683.37,11626,794481695000.0,849.0,6435.0,0.5535
2017-12-19,GEPIL,EQ,677.3,689.0,695.5,684.5,687.1,686.9,689.86,14656,1011056665000.0,731.0,10291.0,0.7022
2017-12-20,GEPIL,EQ,686.9,690.0,690.4,675.5,675.5,676.65,679.79,12095,822211745000.0,977.0,8803.0,0.7278
2017-12-21,GEPIL,EQ,676.65,681.0,693.2,679.0,689.9,685.2,684.45,26081,1785117910000.0002,1884.0,18797.0,0.7206999999999999
2017-12-22,GEPIL,EQ,685.2,676.15,724.0,676.15,709.0,708.55,709.38,48537,3443126395000.0005,1615.0,31697.0,0.653
2017-12-26,GEPIL,EQ,708.55,710.0,730.15,702.2,705.0,704.95,716.53,23628,1693012270000.0,2072.0,16358.0,0.6923
2017-12-27,GEPIL,EQ,704.95,706.15,731.95,696.1,710.5,713.35,717.96,33878,2432309005000.0,2216.0,19635.0,0.5796
2017-12-28,GEPIL,EQ,713.35,715.0,735.0,712.5,724.0,722.05,726.68,39585,2876569665000.0,1821.0,30300.0,0.7654000000000001
2017-12-29,GEPIL,EQ,722.05,729.25,733.45,723.0,730.0,727.5,727.64,14717,1070868669999.9999,706.0,9375.0,0.637
2018-01-01,GEPIL,EQ,727.5,745.0,753.0,728.0,743.0,740.95,744.52,22770,1695280960000.0002,1124.0,12975.0,0.5698
2018-01-02,GEPIL,EQ,740.95,746.95,749.0,725.1,725.3,727.5,734.02,7681,563800585000.0,396.0,5550.0,0.7226
2018-01-03,GEPIL,EQ,727.5,726.0,744.6,720.05,736.9,736.45,736.58,8965,660341905000.0,411.0,6151.0,0.6861
2018-01-04,GEPIL,EQ,736.45,736.0,799.0,736.0,774.0,768.55,764.7,121570,9296503095000.0,4492.0,66462.0,0.5467000000000001
2018-01-05,GEPIL,EQ,768.55,776.15,789.5,768.0,783.9,781.05,780.45,29514,2303405725000.0,1974.0,21754.0,0.7371
2018-01-08,GEPIL,EQ,781.05,782.0,849.7,775.55,826.0,827.35,822.55,106336,8746659155000.0,4480.0,57777.0,0.5433
2018-01-09,GEPIL,EQ,827.35,835.0,909.0,827.35,880.0,870.2,872.64,156984,13699010244999.998,7760.0,71346.0,0.4545
2018-01-10,GEPIL,EQ,870.2,873.0,889.95,850.35,856.1,856.55,862.32,28826,2485710000000.0,1391.0,16483.0,0.5718
2018-01-11,GEPIL,EQ,856.55,894.0,916.6,865.0,876.05,879.25,899.07,370998,33355218050000.0,17993.0,56631.0,0.1526
2018-01-12,GEPIL,EQ,879.25,889.0,924.7,882.0,921.95,914.0,900.23,136886,12322839570000.0,5652.0,75428.0,0.551
2018-01-15,GEPIL,EQ,914.0,929.0,943.0,916.0,931.0,931.55,933.96,98724,9220443355000.0,8082.0,44955.0,0.4554
2018-01-16,GEPIL,EQ,931.55,938.7,946.0,917.25,945.0,937.65,935.78,62922,5888130415000.0,5652.0,36358.0,0.5778
2018-01-17,GEPIL,EQ,937.65,932.0,945.0,928.05,941.8,940.6,937.83,52502,4923813150000.0,5839.0,37909.0,0.7220000000000001
2018-01-18,GEPIL,EQ,940.6,945.0,945.0,919.35,928.1,929.75,932.01,42446,3955998935000.0,5859.0,30704.0,0.7234
2018-01-19,GEPIL,EQ,929.75,931.25,943.0,925.1,938.0,934.65,938.92,64555,6061187705000.0,2997.0,43194.0,0.6691
2018-01-22,GEPIL,EQ,934.65,921.1,1044.7,921.1,990.0,976.55,983.99,110566,10879537575000.0,6391.0,38835.0,0.35119999999999996
2018-01-23,GEPIL,EQ,976.55,994.0,1000.0,978.0,989.9,987.65,989.15,64808,6410463665000.0,6252.0,40348.0,0.6226
2018-01-24,GEPIL,EQ,987.65,998.95,1004.95,965.0,999.0,996.15,992.43,73790,7323169334999.999,4568.0,61184.0,0.8292
2018-01-25,GEPIL,EQ,996.15,1000.0,1015.0,980.25,991.0,999.4,996.54,71631,7138298450000.0,1706.0,62352.0,0.8704999999999999
2018-01-29,GEPIL,EQ,999.4,999.0,999.0,950.05,951.5,955.7,974.31,19646,1914132460000.0002,1335.0,15092.0,0.7682
2018-01-30,GEPIL,EQ,955.7,950.05,984.4,930.5,932.6,934.9,968.26,26375,2553772690000.0,3046.0,15615.0,0.5920000000000001
2018-01-31,GEPIL,EQ,934.9,935.0,944.85,921.0,921.6,939.7,938.53,14125,1325669315000.0,1063.0,10001.0,0.708
2018-02-01,GEPIL,EQ,939.7,920.0,970.0,878.6,922.5,922.85,908.03,143191,13002183255000.0,6041.0,92749.0,0.6476999999999999
2018-02-02,GEPIL,EQ,922.85,920.05,920.05,861.0,884.0,882.95,892.63,57023,5090019250000.0,2021.0,31195.0,0.5471
2018-02-05,GEPIL,EQ,882.95,875.0,915.0,855.0,912.7,901.3,889.65,44133,3926292250000.0,2606.0,28864.0,0.654
2018-02-06,GEPIL,EQ,901.3,861.0,907.0,861.0,879.8,889.25,891.98,49090,4378746050000.0,1808.0,36997.0,0.7537
2018-02-07,GEPIL,EQ,889.25,894.9,925.0,865.0,869.0,873.0,894.18,33511,2996474155000.0,1634.0,27661.0,0.8254000000000001
2018-02-08,GEPIL,EQ,873.0,877.0,899.0,855.8,858.35,859.85,877.51,200034,17553083675000.0,1240.0,191207.0,0.9559000000000001
2018-02-09,GEPIL,EQ,859.85,851.0,880.0,845.0,850.0,859.2,867.95,12983,1126861480000.0,706.0,8533.0,0.6572
2018-02-12,GEPIL,EQ,859.2,851.2,887.95,851.2,874.0,873.0,870.64,20643,1797263310000.0002,814.0,14646.0,0.7095
2018-02-14,GEPIL,EQ,873.0,879.95,898.9,875.25,893.0,884.85,893.16,29298,2616769810000.0,2520.0,19966.0,0.6815000000000001
2018-02-15,GEPIL,EQ,884.85,888.0,898.0,852.25,869.9,861.2,876.42,10661,934351925000.0,850.0,5234.0,0.49090000000000006
2018-02-16,GEPIL,EQ,861.2,862.0,875.15,850.05,863.8,857.5,862.07,9440,813795665000.0,641.0,5539.0,0.5868
2018-02-19,GEPIL,EQ,857.5,860.0,866.05,830.05,833.0,836.2,841.71,10856,913757605000.0001,1238.0,7260.0,0.6688
2018-02-20,GEPIL,EQ,836.2,830.1,849.95,812.05,813.15,817.7,827.81,13904,1150987580000.0,1354.0,8094.0,0.5821000000000001
2018-02-21,GEPIL,EQ,817.7,825.85,849.95,807.05,825.0,824.5,822.55,15986,1314923430000.0,1128.0,11195.0,0.7003
2018-02-22,GEPIL,EQ,824.5,824.0,846.0,796.15,845.0,819.8,815.17,15574,1269542195000.0,1082.0,10913.0,0.7007
2018-02-23,GEPIL,EQ,819.8,827.95,848.0,810.05,848.0,840.6,827.52,12847,1063112205000.0001,774.0,7901.0,0.615
2018-02-26,GEPIL,EQ,840.6,848.0,852.55,822.0,830.0,829.95,837.36,9057,758395585000.0,1187.0,6307.0,0.6964
2018-02-27,GEPIL,EQ,829.95,833.95,837.65,824.0,833.0,832.45,833.56,24085,2007638050000.0,535.0,21583.0,0.8961
2018-02-28,GEPIL,EQ,832.45,819.0,859.0,815.0,850.0,840.3,834.27,19283,1608715185000.0,1777.0,15288.0,0.7928000000000001
2018-03-01,GEPIL,EQ,840.3,841.0,856.0,817.0,849.95,838.2,834.86,15353,1281757845000.0,1779.0,9889.0,0.6441
2018-03-05,GEPIL,EQ,838.2,832.5,832.9,818.5,820.0,822.8,823.65,8672,714269725000.0,855.0,6044.0,0.6970000000000001
2018-03-06,GEPIL,EQ,822.8,829.95,829.95,794.2,798.8,802.95,811.32,7336,595184050000.0,742.0,5040.0,0.687
2018-03-07,GEPIL,EQ,802.95,802.85,840.0,785.0,840.0,818.8,809.87,16787,1359526110000.0,902.0,13586.0,0.8093000000000001
2018-03-08,GEPIL,EQ,818.8,822.0,839.95,800.25,818.2,819.4,818.45,9466,774743515000.0,629.0,6831.0,0.7216
2018-03-09,GEPIL,EQ,819.4,815.35,848.7,815.0,845.8,845.0,836.86,12173,1018713585000.0,1349.0,10209.0,0.8387000000000001
2018-03-12,GEPIL,EQ,845.0,861.7,862.0,837.0,842.0,846.8,846.56,7499,634838290000.0,767.0,3981.0,0.5309
2018-03-13,GEPIL,EQ,846.8,846.0,855.25,827.1,827.1,830.05,839.5,7089,595124465000.0,507.0,5536.0,0.7809
2018-03-14,GEPIL,EQ,830.05,825.0,833.2,816.5,825.1,828.85,823.17,23707,1951498089999.9998,1402.0,19840.0,0.8369
2018-03-15,GEPIL,EQ,828.85,836.0,844.95,820.05,842.45,841.8,833.72,8858,738510705000.0,489.0,6622.0,0.7476
2018-03-16,GEPIL,EQ,841.8,844.9,845.0,818.0,824.95,829.2,831.15,20349,1691304760000.0002,1014.0,18325.0,0.9005
2018-03-19,GEPIL,EQ,829.2,829.2,829.2,810.15,817.0,815.45,816.56,6870,560974095000.0,716.0,5059.0,0.7364
2018-03-20,GEPIL,EQ,815.45,812.0,869.0,802.1,855.0,845.55,835.95,26210,2191023410000.0002,1696.0,16833.0,0.6422
2018-03-21,GEPIL,EQ,845.55,858.0,858.0,826.15,827.1,828.2,840.4,17192,1444814300000.0,1545.0,10665.0,0.6203000000000001
2018-03-22,GEPIL,EQ,828.2,836.45,851.0,830.1,850.0,846.75,839.75,22294,1872138595000.0,1994.0,14709.0,0.6598
2018-03-23,GEPIL,EQ,846.75,840.05,867.15,827.3,860.0,861.05,851.07,24618,2095156739999.9998,1310.0,18194.0,0.7391
2018-03-26,GEPIL,EQ,861.05,864.95,894.6,852.0,889.0,883.6,868.07,93932,8153993230000.0,1627.0,81274.0,0.8652
2018-03-27,GEPIL,EQ,883.6,889.0,940.0,885.5,936.0,937.55,919.11,49269,4528353975000.0,2219.0,37525.0,0.7615999999999999
2018-03-28,GEPIL,EQ,937.55,939.5,947.0,924.3,934.55,935.5,936.83,46707,4375636300000.0,1617.0,38814.0,0.831
2018-04-02,GEPIL,EQ,935.5,944.75,974.9,926.05,960.0,959.7,961.41,20298,1951462214999.9998,1284.0,15474.0,0.7623000000000001
2018-04-03,GEPIL,EQ,959.7,959.85,960.0,930.0,932.0,935.8,943.86,7342,692983815000.0,699.0,3552.0,0.48380000000000006
2018-04-04,GEPIL,EQ,935.8,945.0,945.0,878.05,889.9,883.1,902.11,38398,3463907685000.0,4975.0,27527.0,0.7169
2018-04-05,GEPIL,EQ,883.1,885.0,920.0,880.5,884.9,885.65,895.55,50571,4528904755000.0,3325.0,37965.0,0.7506999999999999
2018-04-06,GEPIL,EQ,885.65,893.0,894.45,863.6,886.0,877.25,874.84,11013,963465900000.0,789.0,7016.0,0.6371
2018-04-09,GEPIL,EQ,877.25,885.0,897.95,861.6,866.0,866.85,878.33,15198,1334888620000.0,857.0,11314.0,0.7444
2018-04-10,GEPIL,EQ,866.85,866.85,875.65,856.4,862.0,862.75,866.9,62677,5433490095000.0,623.0,59423.0,0.9481
2018-04-11,GEPIL,EQ,862.75,860.25,870.0,850.05,855.0,853.05,857.11,5001,428638395000.0,423.0,3312.0,0.6623
2018-04-12,GEPIL,EQ,853.05,858.5,877.75,832.25,838.9,837.0,848.2,12550,1064485650000.0,831.0,8542.0,0.6806
2018-04-13,GEPIL,EQ,837.0,837.0,869.95,831.6,868.5,866.05,855.27,11006,941313940000.0,838.0,6425.0,0.5838
2018-04-16,GEPIL,EQ,866.05,858.0,866.95,846.0,852.0,852.6,852.37,4619,393710420000.0,387.0,2610.0,0.5651
2018-04-17,GEPIL,EQ,852.6,852.0,877.9,844.25,870.0,865.95,863.53,6348,548170075000.0,708.0,3050.0,0.4805
2018-04-18,GEPIL,EQ,865.95,876.9,877.0,851.0,851.6,855.15,862.91,5857,505408800000.0,1269.0,4307.0,0.7354
2018-04-19,GEPIL,EQ,855.15,843.05,868.35,843.05,852.0,854.65,855.52,5680,485937045000.0,1359.0,3993.0,0.703
2018-04-20,GEPIL,EQ,854.65,854.05,868.0,851.0,859.5,852.85,857.2,5299,454232465000.00006,326.0,3798.0,0.7167
2018-04-23,GEPIL,EQ,852.85,854.0,885.0,854.0,881.0,881.45,872.98,12025,1049757594999.9999,923.0,8575.0,0.7131000000000001
2018-04-24,GEPIL,EQ,881.45,892.0,892.2,873.0,888.0,888.55,883.94,4880,431360955000.0,756.0,3899.0,0.799
2018-04-25,GEPIL,EQ,888.55,884.6,890.95,872.05,885.0,882.35,882.33,8690,766742920000.0,1868.0,6698.0,0.7708
2018-04-26,GEPIL,EQ,882.35,880.9,885.0,858.0,867.5,864.55,871.32,6706,584307410000.0,590.0,5195.0,0.7747
2018-04-27,GEPIL,EQ,864.55,864.55,869.9,853.15,855.0,858.65,858.97,6536,561421760000.0,488.0,5595.0,0.856
2018-04-30,GEPIL,EQ,858.65,857.5,862.0,848.0,850.0,850.0,854.54,4935,421714795000.0,496.0,4388.0,0.8892
2018-05-02,GEPIL,EQ,850.0,865.95,867.0,848.0,860.0,856.65,857.61,4812,412682025000.0,421.0,3499.0,0.7271
2018-05-03,GEPIL,EQ,856.65,856.0,856.75,834.0,841.35,847.65,843.46,9582,808202605000.0,767.0,6977.0,0.7281000000000001
2018-05-04,GEPIL,EQ,847.65,847.0,862.05,840.1,861.95,858.7,855.17,5545,474192609999.99994,368.0,4717.0,0.8506999999999999
2018-05-07,GEPIL,EQ,858.7,858.7,872.85,850.25,862.0,866.5,867.14,7324,635092690000.0,262.0,5784.0,0.7897
2018-05-08,GEPIL,EQ,866.5,869.65,916.0,860.05,902.65,900.85,894.52,20703,1851928189999.9998,1078.0,13175.0,0.6364
2018-05-09,GEPIL,EQ,900.85,903.2,955.0,902.05,940.0,941.3,935.12,36682,3430220590000.0,2447.0,24114.0,0.6574
2018-05-10,GEPIL,EQ,941.3,944.1,959.05,915.0,915.05,917.85,936.58,7918,741587125000.0,659.0,3337.0,0.4214
2018-05-11,GEPIL,EQ,917.85,917.85,925.0,887.0,902.0,900.0,900.96,31133,2804944275000.0,1030.0,26525.0,0.8520000000000001
2018-05-14,GEPIL,EQ,900.0,891.05,896.55,883.35,890.0,890.2,890.06,7426,660959670000.0,429.0,5629.0,0.758
2018-05-15,GEPIL,EQ,890.2,893.1,906.15,890.1,904.9,900.15,898.47,5791,520301134999.99994,1361.0,4925.0,0.8505
2018-05-16,GEPIL,EQ,900.15,890.0,912.0,887.0,890.0,890.75,895.85,7977,714621235000.0,474.0,5432.0,0.6809999999999999
2018-05-17,GEPIL,EQ,890.75,892.05,899.95,869.6,870.0,872.8,884.89,9040,799936905000.0,673.0,5863.0,0.6486
2018-05-18,GEPIL,EQ,872.8,871.6,890.0,866.0,867.0,870.05,878.18,4161,365408630000.0,366.0,2075.0,0.4987
2018-05-21,GEPIL,EQ,870.05,867.85,867.85,840.1,841.2,844.6,846.39,15527,1314185075000.0,2495.0,13129.0,0.8456
2018-05-22,GEPIL,EQ,844.6,844.2,889.0,832.0,865.0,860.4,847.58,99590,8441013175000.0,3709.0,52225.0,0.5244
2018-05-23,GEPIL,EQ,860.4,860.0,884.0,855.35,877.0,873.75,868.47,11416,991450735000.0,925.0,4426.0,0.38770000000000004
2018-05-24,GEPIL,EQ,873.75,876.0,898.3,870.05,891.05,893.2,888.97,11205,996095580000.0001,1770.0,6104.0,0.5448
2018-05-25,GEPIL,EQ,893.2,897.3,899.0,875.0,875.0,881.95,887.6,5611,498030730000.0,450.0,3046.0,0.5429
2018-05-28,GEPIL,EQ,881.95,881.0,885.5,864.6,865.25,874.1,875.0,7451,651964985000.0,527.0,3811.0,0.5115
2018-05-29,GEPIL,EQ,874.1,875.0,875.0,852.4,861.0,861.3,860.86,3480,299580575000.0,420.0,2189.0,0.629
2018-05-30,GEPIL,EQ,861.3,858.0,873.25,850.05,868.85,868.9,863.0,16392,1414635690000.0,4253.0,12133.0,0.7402
2018-05-31,GEPIL,EQ,868.9,866.85,866.85,848.15,860.0,858.4,855.48,26378,2256580445000.0,6332.0,17186.0,0.6515000000000001
2018-06-01,GEPIL,EQ,858.4,848.2,857.0,830.6,832.0,836.15,842.16,4198,353536770000.0,514.0,2878.0,0.6856
2018-06-04,GEPIL,EQ,836.15,840.05,840.95,825.1,830.0,831.2,829.96,22077,1832297480000.0,3525.0,20260.0,0.9177
2018-06-05,GEPIL,EQ,831.2,831.2,849.95,789.95,840.0,800.35,811.86,88971,7223202000000.0,3901.0,73805.0,0.8295
2018-06-06,GEPIL,EQ,800.35,830.85,850.0,802.2,810.0,812.15,820.34,94016,7712498840000.001,10069.0,76950.0,0.8185
2018-06-07,GEPIL,EQ,812.15,804.1,829.0,804.1,824.1,820.65,821.1,60491,4966911760000.0,2964.0,49362.0,0.816
2018-06-08,GEPIL,EQ,820.65,819.65,835.0,811.1,820.0,822.6,820.35,59993,4921534705000.0,2402.0,56308.0,0.9386
2018-06-11,GEPIL,EQ,822.6,822.0,822.5,805.0,805.3,809.35,816.17,18751,1530405110000.0,1410.0,13057.0,0.6962999999999999
2018-06-12,GEPIL,EQ,809.35,809.35,818.2,803.05,810.0,808.8,811.09,7459,604989160000.0,528.0,4690.0,0.6288
2018-06-13,GEPIL,EQ,808.8,808.2,814.1,807.5,809.9,808.55,810.64,2582,209306000000.0,283.0,1808.0,0.7001999999999999
2018-06-14,GEPIL,EQ,808.55,814.0,815.6,805.0,811.05,810.95,810.69,5412,438747875000.0,456.0,3376.0,0.6238
2018-06-15,GEPIL,EQ,810.95,812.45,837.25,811.45,835.0,829.9,828.79,62094,5146309895000.0,1387.0,57611.0,0.9278000000000001
2018-06-18,GEPIL,EQ,829.9,833.25,839.8,810.25,810.3,813.8,821.22,4738,389092485000.0,474.0,2935.0,0.6195
2018-06-19,GEPIL,EQ,813.8,814.0,815.05,802.5,806.8,805.05,805.33,7835,630979885000.0,669.0,6313.0,0.8057
2018-06-20,GEPIL,EQ,805.05,813.95,828.9,807.05,823.95,821.2,817.35,6356,519509059999.99994,1043.0,5008.0,0.7879
2018-06-21,GEPIL,EQ,821.2,822.95,825.0,810.05,815.0,816.35,817.35,54696,4470560985000.0,533.0,53809.0,0.9838
2018-06-22,GEPIL,EQ,816.35,816.7,824.0,808.75,811.0,818.8,816.3,4774,389703060000.0,260.0,3170.0,0.664
2018-06-25,GEPIL,EQ,818.8,818.0,822.65,804.25,820.25,820.05,819.1,12239,1002490735000.0,382.0,10668.0,0.8715999999999999
2018-06-26,GEPIL,EQ,820.05,820.0,826.0,806.0,826.0,823.4,816.47,6499,530624884999.99994,375.0,4738.0,0.7290000000000001
2018-06-27,GEPIL,EQ,823.4,823.85,823.85,800.0,818.95,817.1,810.51,29818,2416792925000.0,3980.0,19842.0,0.6654000000000001
2018-06-28,GEPIL,EQ,817.1,815.5,815.5,780.0,795.0,795.15,793.46,17154,1361105350000.0,1486.0,12311.0,0.7177
2018-06-29,GEPIL,EQ,795.15,796.8,809.95,795.0,796.1,796.65,799.47,8558,684189865000.0,451.0,6316.0,0.738
2018-07-02,GEPIL,EQ,796.65,804.55,804.55,785.0,785.0,787.3,792.55,12320,976421290000.0,576.0,9579.0,0.7775
2018-07-03,GEPIL,EQ,787.3,781.55,781.55,748.0,764.0,758.45,763.73,21035,1606510420000.0,1789.0,15972.0,0.7593000000000001
2018-07-04,GEPIL,EQ,758.45,772.0,778.0,755.3,756.0,762.05,768.85,32467,2496215055000.0,2595.0,10511.0,0.3237
2018-07-05,GEPIL,EQ,762.05,768.15,768.15,750.0,750.0,751.6,754.15,4554,343438640000.0,859.0,2781.0,0.6107
2018-07-06,GEPIL,EQ,751.6,751.6,767.7,732.6,755.0,756.55,753.6,11887,895807560000.0,1057.0,8063.0,0.6783
2018-07-09,GEPIL,EQ,756.55,759.35,785.05,740.3,780.75,772.65,763.91,8937,682708405000.0,1184.0,5861.0,0.6558
2018-07-10,GEPIL,EQ,772.65,772.65,775.15,750.0,755.0,755.35,757.34,8435,638814650000.0,988.0,6047.0,0.7169
2018-07-11,GEPIL,EQ,755.35,761.4,761.4,733.55,750.0,756.9,749.57,22434,1681576364999.9998,1932.0,16400.0,0.731
2018-07-12,GEPIL,EQ,756.9,750.1,755.05,742.55,749.0,750.2,750.65,33744,2532980150000.0,3694.0,27639.0,0.8190999999999999
2018-07-13,GEPIL,EQ,750.2,744.3,759.0,742.0,758.9,754.85,746.04,172263,12851521260000.0,605.0,170248.0,0.9883
2018-07-16,GEPIL,EQ,754.85,751.05,773.0,735.0,773.0,756.4,751.23,12795,961199210000.0,1327.0,8734.0,0.6826000000000001
2018-07-17,GEPIL,EQ,756.4,763.95,767.95,746.05,748.2,750.05,754.91,4537,342503180000.0,856.0,2902.0,0.6396000000000001
2018-07-18,GEPIL,EQ,750.05,750.05,763.85,749.25,757.35,755.05,756.03,3936,297573985000.0,319.0,2447.0,0.6217
2018-07-19,GEPIL,EQ,755.05,750.0,758.0,738.1,739.0,740.35,749.15,3547,265721870000.00003,689.0,2752.0,0.7759
2018-07-20,GEPIL,EQ,740.35,743.0,746.0,732.7,737.0,738.3,735.82,51629,3798942900000.0,817.0,49987.0,0.9682
2018-07-23,GEPIL,EQ,738.3,730.05,752.0,730.05,750.0,747.8,745.73,12173,907779410000.0,1165.0,8777.0,0.721
2018-07-24,GEPIL,EQ,747.8,746.8,769.95,740.1,760.0,760.75,757.52,31426,2380571725000.0,1827.0,25272.0,0.8042
2018-07-25,GEPIL,EQ,760.75,762.35,779.4,750.0,777.0,776.05,767.99,18444,1416478755000.0,717.0,14751.0,0.7998000000000001
2018-07-26,GEPIL,EQ,776.05,776.05,801.0,760.55,801.0,795.95,785.98,20290,1594746835000.0,1039.0,18247.0,0.8993000000000001
2018-07-27,GEPIL,EQ,795.95,795.0,805.45,774.0,795.0,797.75,787.91,15416,1214643265000.0,2086.0,5185.0,0.33630000000000004
2018-07-30,GEPIL,EQ,797.75,799.8,819.95,794.3,812.0,810.5,804.57,11734,944076755000.0001,1396.0,8717.0,0.7429000000000001
2018-07-31,GEPIL,EQ,810.5,816.45,816.45,799.7,812.0,806.85,804.34,8409,676368130000.0,1447.0,6575.0,0.7819
2018-08-01,GEPIL,EQ,806.85,818.9,818.9,800.15,805.0,803.85,803.9,6362,511443759999.99994,797.0,4171.0,0.6556000000000001
2018-08-02,GEPIL,EQ,803.85,804.0,844.4,761.2,830.0,820.15,805.41,170698,13748216685000.0,7615.0,58228.0,0.3411
2018-08-03,GEPIL,EQ,820.15,829.0,829.0,782.0,800.0,800.3,796.83,22372,1782660100000.0,2157.0,13067.0,0.5841
2018-08-06,GEPIL,EQ,800.3,802.05,812.15,786.15,788.0,792.95,795.42,9828,781734175000.0,1104.0,6451.0,0.6564
2018-08-07,GEPIL,EQ,792.95,787.75,790.35,764.0,764.5,765.7,774.37,10240,792954925000.0,1183.0,7446.0,0.7271
2018-08-08,GEPIL,EQ,765.7,757.0,776.2,756.0,776.2,769.8,766.73,145715,11172470085000.0,1125.0,133531.0,0.9164
2018-08-09,GEPIL,EQ,769.8,772.0,773.6,760.55,761.0,762.05,764.86,5037,385261270000.0,1081.0,3356.0,0.6663
2018-08-10,GEPIL,EQ,762.05,760.05,764.9,734.0,743.1,743.35,746.07,18655,1391794815000.0,2073.0,10995.0,0.5894
2018-08-13,GEPIL,EQ,743.35,743.55,768.8,734.5,749.65,750.3,753.37,9257,697393435000.0,1207.0,6604.0,0.7134
2018-08-14,GEPIL,EQ,750.3,755.55,784.8,750.15,782.15,775.55,774.02,55539,4298836654999.9995,4304.0,48587.0,0.8748
2018-08-16,GEPIL,EQ,775.55,775.55,807.0,772.0,790.0,784.5,782.2,107469,8406189050000.0,2945.0,95832.0,0.8917
2018-08-17,GEPIL,EQ,784.5,796.25,803.0,786.65,790.0,792.0,797.27,9396,749116290000.0,2459.0,6821.0,0.7259000000000001
2018-08-20,GEPIL,EQ,792.0,780.15,800.8,780.15,796.0,797.0,797.92,16508,1317202735000.0,4913.0,12758.0,0.7728
2018-08-21,GEPIL,EQ,797.0,795.0,795.0,771.65,772.7,775.45,782.95,5335,417703400000.0,502.0,3222.0,0.6039
2018-08-23,GEPIL,EQ,775.45,781.85,794.8,770.25,779.95,777.7,777.1,9030,701717940000.0,1364.0,5505.0,0.6096
2018-08-24,GEPIL,EQ,777.7,776.95,784.9,772.6,777.0,779.0,776.58,4583,355904440000.0,941.0,3047.0,0.6648000000000001
2018-08-27,GEPIL,EQ,779.0,770.0,780.95,765.0,765.3,766.35,770.69,6378,491543455000.0,1358.0,3773.0,0.5916
2018-08-28,GEPIL,EQ,766.35,765.3,801.0,760.35,782.5,783.2,788.77,23202,1830112235000.0002,2419.0,10554.0,0.4549
2018-08-29,GEPIL,EQ,783.2,783.2,795.35,763.0,764.05,768.25,779.26,10199,794766415000.0,2111.0,4664.0,0.4573
2018-08-30,GEPIL,EQ,768.25,767.95,770.0,752.1,765.1,761.5,759.88,8865,673630290000.0,2063.0,4986.0,0.5624
2018-08-31,GEPIL,EQ,761.5,761.5,779.35,740.05,761.0,760.4,760.52,157161,11952394230000.0,2773.0,138084.0,0.8786
2018-09-03,GEPIL,EQ,760.4,760.4,779.85,750.05,775.0,775.25,770.21,35011,2696589900000.0,3126.0,28502.0,0.8140999999999999
2018-09-04,GEPIL,EQ,775.25,761.3,779.95,754.3,756.0,757.4,760.23,5863,445725370000.0,1179.0,3867.0,0.6596
2018-09-05,GEPIL,EQ,757.4,750.1,759.45,742.15,758.95,753.5,750.21,7735,580283930000.0,1219.0,4818.0,0.6229
2018-09-06,GEPIL,EQ,753.5,750.7,765.0,750.0,756.9,752.65,755.75,6169,466221405000.0,1655.0,4070.0,0.6598
2018-09-07,GEPIL,EQ,752.65,752.65,767.95,747.0,767.95,761.8,757.33,7434,562999695000.0,1332.0,5098.0,0.6858
2018-09-10,GEPIL,EQ,761.8,768.0,771.9,747.0,756.7,760.25,760.17,13489,1025395040000.0,1965.0,8261.0,0.6124
2018-09-11,GEPIL,EQ,760.25,752.8,765.0,747.55,752.0,750.75,751.19,5110,383858645000.0,602.0,3318.0,0.6493000000000001
2018-09-12,GEPIL,EQ,750.75,745.95,759.0,740.25,755.0,749.7,748.9,8773,657008605000.0,378.0,6853.0,0.7811
2018-09-14,GEPIL,EQ,749.7,749.0,754.15,742.0,743.0,744.75,746.9,4024,300550955000.0,418.0,2621.0,0.6513
2018-09-17,GEPIL,EQ,744.75,740.05,749.95,735.0,739.9,738.2,740.88,8804,652270035000.0,585.0,6528.0,0.7415
2018-09-18,GEPIL,EQ,738.2,738.5,742.8,731.15,740.0,737.35,738.85,119048,8795813955000.0,736.0,115128.0,0.9671
2018-09-19,GEPIL,EQ,737.35,737.0,749.9,725.15,725.2,729.55,734.54,5731,420966659999.99994,341.0,3912.0,0.6826000000000001
2018-09-21,GEPIL,EQ,729.55,730.0,734.2,709.0,717.95,719.0,720.78,13480,971612375000.0,1195.0,8679.0,0.6437999999999999
2018-09-24,GEPIL,EQ,719.0,718.95,730.45,684.05,725.0,723.2,712.23,15725,1119984785000.0,979.0,11596.0,0.7373999999999999
2018-09-25,GEPIL,EQ,723.2,710.3,742.0,692.0,742.0,735.65,717.76,11935,856649344999.9999,677.0,8357.0,0.7001999999999999
2018-09-26,GEPIL,EQ,735.65,730.05,745.0,712.0,745.0,742.3,734.21,8888,652561900000.0,853.0,4903.0,0.5516
2018-09-27,GEPIL,EQ,742.3,733.0,754.9,733.0,750.0,750.35,749.83,8477,635628300000.0,779.0,5782.0,0.6820999999999999
2018-09-28,GEPIL,EQ,750.35,742.15,750.0,707.75,747.0,745.9,737.07,28595,2107645475000.0,1727.0,20372.0,0.7123999999999999
2018-10-01,GEPIL,EQ,745.9,738.45,738.45,716.05,735.9,735.25,729.96,12039,878804044999.9999,459.0,8974.0,0.7454000000000001
2018-10-03,GEPIL,EQ,735.25,730.0,744.85,720.1,740.0,740.25,733.71,9788,718154415000.0,1003.0,6262.0,0.6398
2018-10-04,GEPIL,EQ,740.25,739.8,740.65,720.0,740.0,737.45,730.82,7662,559955085000.0,497.0,4839.0,0.6315999999999999
2018-10-05,GEPIL,EQ,737.45,730.0,745.9,720.6,730.0,738.7,735.11,11727,862065385000.0,939.0,8829.0,0.7529000000000001
2018-10-08,GEPIL,EQ,738.7,720.25,745.9,708.1,725.0,723.95,723.7,7016,507745495000.0,486.0,4708.0,0.6709999999999999
2018-10-09,GEPIL,EQ,723.95,734.0,734.0,705.15,728.75,727.05,724.59,36697,2659018875000.0,567.0,30620.0,0.8344
2018-10-10,GEPIL,EQ,727.05,723.15,727.55,715.0,721.8,721.85,721.91,6726,485556000000.0,391.0,4694.0,0.6979000000000001
2018-10-11,GEPIL,EQ,721.85,699.9,732.9,685.0,725.0,726.0,714.27,14434,1030972400000.0,1520.0,8599.0,0.5957
2018-10-12,GEPIL,EQ,726.0,732.9,743.0,714.35,740.5,740.05,731.1,14104,1031141219999.9999,1278.0,10129.0,0.7182
2018-10-15,GEPIL,EQ,740.05,730.15,784.8,725.0,784.8,757.8,747.61,8072,603469645000.0,749.0,5815.0,0.7204
2018-10-16,GEPIL,EQ,757.8,770.0,829.9,747.8,791.5,800.0,790.91,33812,2674235880000.0,2164.0,24094.0,0.7126
2018-10-17,GEPIL,EQ,800.0,799.95,799.95,771.15,795.0,794.8,790.74,20291,1604500645000.0,1457.0,10750.0,0.5297999999999999
2018-10-19,GEPIL,EQ,794.8,794.8,829.0,771.6,825.0,816.25,808.42,39833,3220161440000.0,1650.0,27990.0,0.7027
2018-10-22,GEPIL,EQ,816.25,819.0,828.75,790.05,825.0,813.5,809.44,16125,1305228415000.0,1044.0,9452.0,0.5861999999999999
2018-10-23,GEPIL,EQ,813.5,810.05,828.0,796.0,826.0,816.7,813.53,22769,1852333720000.0,1062.0,13093.0,0.5750000000000001
2018-10-24,GEPIL,EQ,816.7,820.0,827.05,805.0,826.0,823.65,818.54,6972,570687740000.0,521.0,3948.0,0.5663
2018-10-25,GEPIL,EQ,823.65,820.95,828.0,786.25,825.0,821.45,810.84,19086,1547564640000.0,1242.0,10057.0,0.5269
2018-10-26,GEPIL,EQ,821.45,818.0,826.0,808.0,818.0,822.5,817.66,3759,307358075000.0,374.0,1560.0,0.41500000000000004
2018-10-29,GEPIL,EQ,822.5,813.65,823.9,808.0,808.0,816.3,815.22,5766,470058570000.0,441.0,2788.0,0.48350000000000004
2018-10-30,GEPIL,EQ,816.3,816.0,816.0,800.2,800.25,804.15,807.67,1986,160403665000.0,217.0,1022.0,0.5146000000000001
2018-10-31,GEPIL,EQ,804.15,800.35,840.2,793.0,830.05,830.6,821.85,25316,2080588480000.0,1753.0,9728.0,0.38430000000000003
2018-11-01,GEPIL,EQ,830.6,825.75,845.95,820.05,821.05,824.4,830.55,5039,418515480000.0,328.0,2512.0,0.4985
2018-11-02,GEPIL,EQ,824.4,829.95,842.0,816.0,816.0,825.95,831.57,8921,741846850000.0,401.0,6218.0,0.6970000000000001
2018-11-05,GEPIL,EQ,825.95,817.5,843.0,817.3,823.95,830.0,833.67,11914,993236075000.0,464.0,6910.0,0.58
2018-11-06,GEPIL,EQ,830.0,824.05,869.8,824.05,848.0,848.55,852.64,15751,1342994240000.0,1042.0,7197.0,0.4569
2018-11-07,GEPIL,EQ,848.55,840.2,860.0,830.05,845.05,849.7,850.84,1939,164977555000.0,180.0,1396.0,0.72
2018-11-09,GEPIL,EQ,849.7,846.0,847.0,830.1,830.1,838.55,839.45,5047,423671730000.0,593.0,2586.0,0.5124000000000001
2018-11-12,GEPIL,EQ,838.55,833.0,857.0,824.0,851.0,852.0,846.33,8861,749931400000.0,887.0,5523.0,0.6233
2018-11-13,GEPIL,EQ,852.0,843.1,851.0,833.05,843.6,846.5,846.03,5972,505251759999.99994,510.0,4044.0,0.6772
2018-11-14,GEPIL,EQ,846.5,840.05,852.0,816.05,817.0,826.6,840.75,18700,1572197835000.0,982.0,4873.0,0.2606
2018-11-15,GEPIL,EQ,826.6,813.05,849.9,813.05,842.0,847.2,837.98,10506,880381950000.0,583.0,6828.0,0.6498999999999999
2018-11-16,GEPIL,EQ,847.2,843.05,847.9,835.25,842.7,841.45,840.21,2962,248871500000.0,439.0,2051.0,0.6924
2018-11-19,GEPIL,EQ,841.45,840.0,865.0,836.95,860.0,860.9,851.23,3945,335808740000.0,364.0,3162.0,0.8015000000000001
2018-11-20,GEPIL,EQ,860.9,852.1,861.0,838.0,845.0,844.75,846.98,5463,462707470000.0,603.0,2988.0,0.547
2018-11-21,GEPIL,EQ,844.75,840.9,845.75,830.05,833.5,836.9,838.48,1883,157884875000.0,257.0,1094.0,0.5810000000000001
2018-11-22,GEPIL,EQ,836.9,836.1,841.1,815.0,815.05,820.15,820.3,257037,21084747375000.0,767.0,253287.0,0.9854
2018-11-26,GEPIL,EQ,820.15,822.6,824.95,800.05,802.0,808.25,812.18,4860,394718315000.0,528.0,2048.0,0.4214
2018-11-27,GEPIL,EQ,808.25,795.0,804.4,794.1,795.0,796.35,797.4,15757,1256464205000.0,464.0,11875.0,0.7536
2018-11-28,GEPIL,EQ,796.35,795.05,807.0,792.1,792.1,798.65,799.22,3286,262623690000.0,315.0,1856.0,0.5648
2018-11-29,GEPIL,EQ,798.65,790.45,809.9,782.3,808.95,808.0,800.69,9190,735831070000.0,753.0,4426.0,0.4816
2018-11-30,GEPIL,EQ,808.0,804.95,824.95,796.7,810.7,816.4,809.76,8316,673397410000.0,1203.0,3264.0,0.3925
2018-12-03,GEPIL,EQ,816.4,819.0,829.95,800.45,802.1,810.9,821.7,77728,6386887225000.0,659.0,75583.0,0.9723999999999999
2018-12-04,GEPIL,EQ,810.9,809.5,819.95,800.05,808.65,812.65,808.56,5062,409290665000.0,739.0,3438.0,0.6792
2018-12-05,GEPIL,EQ,812.65,810.85,829.95,807.55,826.4,826.4,822.09,11993,985934569999.9999,1599.0,8394.0,0.6999
2018-12-06,GEPIL,EQ,826.4,820.05,829.95,818.0,828.0,825.8,824.28,4094,337458225000.0,931.0,2855.0,0.6973999999999999
2018-12-07,GEPIL,EQ,825.8,826.4,828.95,810.1,818.0,813.85,822.21,4945,406582230000.0,862.0,3201.0,0.6473000000000001
2018-12-10,GEPIL,EQ,813.85,810.1,818.85,797.0,813.5,813.2,807.71,5562,449249250000.0,775.0,2724.0,0.48979999999999996
2018-12-11,GEPIL,EQ,813.2,800.05,829.95,800.05,829.0,820.7,819.88,100904,8272963959999.999,717.0,92078.0,0.9125
2018-12-12,GEPIL,EQ,820.7,820.05,829.95,817.9,822.95,820.2,822.09,1248,102596445000.0,325.0,722.0,0.5785
2018-12-13,GEPIL,EQ,820.2,820.55,826.25,810.0,810.05,814.85,816.64,4375,357277890000.0,418.0,3140.0,0.7177
2018-12-14,GEPIL,EQ,814.85,811.15,845.05,811.15,844.8,840.95,829.98,8775,728305590000.0,802.0,6550.0,0.7464000000000001
2018-12-17,GEPIL,EQ,840.95,848.95,849.0,828.0,846.0,838.55,836.18,4559,381213185000.0,493.0,2834.0,0.6215999999999999
2018-12-18,GEPIL,EQ,838.55,838.0,839.95,810.05,815.0,814.55,819.09,12443,1019192994999.9999,1017.0,9768.0,0.785
2018-12-19,GEPIL,EQ,814.55,814.55,825.3,811.0,821.7,820.5,819.68,3084,252788250000.0,348.0,2154.0,0.6984
2018-12-20,GEPIL,EQ,820.5,816.8,829.95,811.9,816.95,816.3,816.14,2363,192853340000.0,187.0,1484.0,0.628
2018-12-21,GEPIL,EQ,816.3,817.1,828.0,806.0,822.0,825.05,823.31,17323,1426220300000.0,676.0,14643.0,0.8453
2018-12-24,GEPIL,EQ,825.05,829.0,859.9,829.0,845.0,845.2,841.48,14424,1213743820000.0,1220.0,4906.0,0.3401
2018-12-26,GEPIL,EQ,845.2,840.65,841.05,822.9,824.25,825.45,830.06,7129,591751045000.0,368.0,5502.0,0.7718
2018-12-27,GEPIL,EQ,825.45,839.0,839.0,824.5,824.5,825.0,828.25,1282,106181725000.0,111.0,1003.0,0.7824
2018-12-28,GEPIL,EQ,825.0,825.05,832.2,818.15,818.25,820.55,826.09,11955,987594490000.0,691.0,9130.0,0.7637
2018-12-31,GEPIL,EQ,820.55,820.7,837.0,815.9,835.0,835.1,832.21,4513,375578280000.0,1764.0,3358.0,0.7441
2019-01-01,GEPIL,EQ,835.1,835.1,849.95,817.0,822.95,821.3,832.98,9597,799410425000.0,775.0,3044.0,0.3172
2019-01-02,GEPIL,EQ,821.3,825.95,831.8,812.0,823.8,815.9,821.71,2205,181187765000.0,293.0,826.0,0.37460000000000004
2019-01-03,GEPIL,EQ,815.9,812.0,823.85,811.0,815.95,814.95,819.09,3640,298148220000.0,894.0,2372.0,0.6516
2019-01-04,GEPIL,EQ,814.95,817.0,820.0,804.55,814.4,815.9,812.72,5716,464552065000.00006,701.0,4246.0,0.7428
2019-01-07,GEPIL,EQ,815.9,815.0,825.95,814.0,823.0,820.25,821.29,2177,178793780000.0,453.0,1244.0,0.5714
2019-01-08,GEPIL,EQ,820.25,821.0,822.95,809.0,809.0,811.3,815.79,3246,264805515000.0,489.0,2568.0,0.7911
2019-01-09,GEPIL,EQ,811.3,812.0,816.0,805.75,806.0,813.6,811.66,2191,177834050000.0,350.0,1579.0,0.7206999999999999
2019-01-10,GEPIL,EQ,813.6,810.15,827.0,808.95,810.0,813.5,818.35,7274,595267645000.0,653.0,5097.0,0.7007
2019-01-11,GEPIL,EQ,813.5,812.5,825.0,810.9,824.9,824.6,820.68,4592,376857325000.0,928.0,3524.0,0.7674
2019-01-14,GEPIL,EQ,824.6,817.05,825.0,812.0,812.0,815.85,819.05,2914,238672190000.0,540.0,1967.0,0.675
2019-01-15,GEPIL,EQ,815.85,810.1,816.0,809.0,809.0,811.95,813.09,4642,377437420000.0,230.0,3607.0,0.777
2019-01-16,GEPIL,EQ,811.95,814.45,825.45,806.0,807.1,818.05,820.17,16350,1340981160000.0,2792.0,10506.0,0.6426000000000001
2019-01-17,GEPIL,EQ,818.05,807.6,819.95,807.6,818.0,815.85,815.32,2408,196329570000.0,266.0,1931.0,0.8019
2019-01-18,GEPIL,EQ,815.85,815.8,832.95,815.0,818.5,823.95,824.78,9863,813477650000.0,455.0,6389.0,0.6478
2019-01-21,GEPIL,EQ,823.95,815.0,823.0,812.0,813.0,815.5,818.24,1751,143273230000.0,194.0,1144.0,0.6533
2019-01-22,GEPIL,EQ,815.5,815.95,822.0,811.15,819.55,819.95,817.99,3178,259955785000.0,329.0,2719.0,0.8556
2019-01-23,GEPIL,EQ,819.95,818.0,818.05,809.0,809.0,810.3,812.55,1557,126514735000.00002,144.0,1002.0,0.6435
2019-01-24,GEPIL,EQ,810.3,805.1,818.0,797.1,809.0,812.7,809.22,4818,389883975000.0,606.0,2150.0,0.4462
2019-01-25,GEPIL,EQ,812.7,815.65,815.65,796.65,801.0,801.25,800.17,24236,1939296620000.0,324.0,22474.0,0.9273
2019-01-28,GEPIL,EQ,801.25,790.25,806.25,790.0,800.0,800.85,797.32,4013,319964630000.0,294.0,2792.0,0.6957
2019-01-29,GEPIL,EQ,800.85,796.0,809.9,795.95,805.0,803.8,802.84,5392,432889484999.99994,295.0,3954.0,0.7333
2019-01-30,GEPIL,EQ,803.8,800.1,809.2,773.5,783.0,781.75,797.17,21127,1684185339999.9998,1167.0,16481.0,0.7801
2019-01-31,GEPIL,EQ,781.75,784.95,790.0,769.05,770.05,771.85,781.27,4670,364851685000.0,369.0,2635.0,0.5642
2019-02-01,GEPIL,EQ,771.85,774.95,780.95,761.0,780.0,774.2,774.14,4392,340003525000.0,624.0,2287.0,0.5207
2019-02-04,GEPIL,EQ,774.2,770.05,774.4,752.0,772.9,761.85,763.34,5505,420221005000.0,826.0,2720.0,0.4941
2019-02-05,GEPIL,EQ,761.85,762.0,763.95,748.1,748.1,757.25,755.23,6771,511363555000.0,2476.0,4217.0,0.6228
2019-02-06,GEPIL,EQ,757.25,755.0,793.95,737.0,770.0,772.45,746.13,81154,6055146850000.0,2455.0,76481.0,0.9424
2019-02-07,GEPIL,EQ,772.45,772.9,774.0,747.6,748.55,750.45,764.84,6543,500431640000.00006,607.0,4840.0,0.7397
2019-02-08,GEPIL,EQ,750.45,749.0,749.0,727.05,737.15,741.9,736.58,7009,516271159999.99994,2106.0,3857.0,0.5503
2019-02-11,GEPIL,EQ,741.9,741.05,741.85,727.1,735.0,736.15,734.18,4971,364960790000.0,260.0,3439.0,0.6918000000000001
2019-02-12,GEPIL,EQ,736.15,735.0,808.0,713.3,775.0,779.25,773.94,81196,6284099425000.0,3982.0,17936.0,0.2209
2019-02-13,GEPIL,EQ,779.25,770.5,779.95,737.45,744.5,752.4,762.2,15933,1214414050000.0,1697.0,7756.0,0.4868
2019-02-14,GEPIL,EQ,752.4,741.0,762.95,732.1,760.05,760.7,746.35,12787,954358560000.0,1210.0,8793.0,0.6877
2019-02-15,GEPIL,EQ,760.7,760.15,760.15,732.15,733.6,746.2,749.52,5586,418680845000.0,344.0,4438.0,0.7945000000000001
2019-02-18,GEPIL,EQ,746.2,749.95,768.0,737.1,760.0,762.65,757.5,9411,712882730000.0,774.0,4704.0,0.49979999999999997
2019-02-19,GEPIL,EQ,762.65,762.6,769.85,745.0,750.0,752.15,760.24,3224,245101110000.0,232.0,1906.0,0.5912
2019-02-20,GEPIL,EQ,752.15,750.5,753.95,738.0,750.0,750.0,742.95,10174,755874460000.0,682.0,7869.0,0.7734000000000001
2019-02-21,GEPIL,EQ,750.0,749.1,757.95,743.0,754.95,751.45,750.82,3742,280957435000.0,352.0,1287.0,0.34390000000000004
2019-02-22,GEPIL,EQ,751.45,751.65,764.95,750.05,762.0,759.65,758.85,3681,279334235000.0,486.0,2020.0,0.5488000000000001
2019-02-25,GEPIL,EQ,759.65,754.05,802.8,754.0,795.1,794.45,780.34,10438,814513960000.0,599.0,8729.0,0.8362999999999999
2019-02-26,GEPIL,EQ,794.45,794.55,804.7,781.35,790.05,796.5,790.09,142521,11260381560000.0,355.0,140885.0,0.9884999999999999
2019-02-27,GEPIL,EQ,796.5,799.75,809.95,788.65,798.5,793.65,795.12,6147,488759065000.00006,612.0,3690.0,0.6003000000000001
2019-02-28,GEPIL,EQ,793.65,797.5,809.5,789.65,805.0,805.45,801.93,7092,568728170000.0,604.0,4822.0,0.6799
2019-03-01,GEPIL,EQ,805.45,803.75,819.45,803.75,817.0,815.65,810.33,4378,354762090000.0,666.0,2493.0,0.5694
2019-03-05,GEPIL,EQ,815.65,815.65,824.0,807.25,810.05,817.55,817.45,13929,1138626875000.0,797.0,9012.0,0.647
2019-03-06,GEPIL,EQ,817.55,819.95,827.7,811.35,812.55,815.4,821.72,11191,919590760000.0,479.0,8572.0,0.766
2019-03-07,GEPIL,EQ,815.4,812.0,833.0,812.0,832.9,828.55,824.21,6326,521394795000.0,454.0,3875.0,0.6126
2019-03-08,GEPIL,EQ,828.55,820.15,852.75,820.15,851.0,848.6,843.84,10550,890252575000.0,487.0,7634.0,0.7236
2019-03-11,GEPIL,EQ,848.6,843.05,856.9,840.05,850.1,853.7,850.23,8773,745905940000.0,486.0,7596.0,0.8658
2019-03-12,GEPIL,EQ,853.7,849.95,857.95,849.95,855.0,852.9,852.07,8024,683701740000.0,404.0,7158.0,0.8921
2019-03-13,GEPIL,EQ,852.9,854.0,857.8,833.0,836.0,840.85,847.18,7162,606747750000.0,679.0,5634.0,0.7867000000000001
2019-03-14,GEPIL,EQ,840.85,842.15,842.15,824.65,828.9,828.65,831.14,4780,397284840000.0,331.0,3437.0,0.7190000000000001
2019-03-15,GEPIL,EQ,828.65,826.4,849.85,823.05,848.0,842.75,839.22,14828,1244396700000.0,692.0,12178.0,0.8212999999999999
2019-03-18,GEPIL,EQ,842.75,835.05,842.8,831.0,840.5,839.7,836.54,3145,263090929999.99997,664.0,2439.0,0.7755
2019-03-19,GEPIL,EQ,839.7,835.0,835.85,811.0,812.05,817.15,819.52,17777,1456867495000.0,4775.0,12087.0,0.6799
2019-03-20,GEPIL,EQ,817.15,821.65,825.0,812.0,815.25,814.5,817.03,1993,162834365000.0,189.0,1182.0,0.5931000000000001
2019-03-22,GEPIL,EQ,814.5,815.15,839.95,810.05,839.95,828.75,823.92,6624,545762105000.0,1019.0,4974.0,0.7509
2019-03-25,GEPIL,EQ,828.75,838.9,838.95,796.55,825.9,813.8,811.93,20940,1700179289999.9998,1585.0,10699.0,0.5109
2019-03-26,GEPIL,EQ,813.8,816.1,816.65,801.0,801.0,802.1,806.64,4317,348226630000.0,405.0,3269.0,0.7572
2019-03-27,GEPIL,EQ,802.1,807.2,815.9,802.95,814.8,813.7,810.75,5475,443885705000.0,232.0,4001.0,0.7308
2019-03-28,GEPIL,EQ,813.7,819.5,819.5,788.0,801.25,802.4,796.91,20447,1629431985000.0,1052.0,12831.0,0.6275000000000001
2019-03-29,GEPIL,EQ,802.4,810.0,813.45,802.05,809.0,809.25,808.78,3350,270939665000.0,451.0,2282.0,0.6812
2019-04-01,GEPIL,EQ,809.25,819.65,821.05,811.2,819.0,819.1,818.98,3463,283611260000.0,288.0,2684.0,0.7751000000000001
2019-04-02,GEPIL,EQ,819.1,820.15,832.95,814.15,832.95,827.25,823.2,9225,759404435000.0,484.0,7204.0,0.7809
2019-04-03,GEPIL,EQ,827.25,831.9,831.95,812.0,819.4,817.05,820.39,8869,727600800000.0,367.0,7690.0,0.8671
2019-04-04,GEPIL,EQ,817.05,828.95,829.35,810.0,820.0,825.4,816.43,7290,595180365000.0,524.0,5461.0,0.7491
2019-04-05,GEPIL,EQ,825.4,822.45,836.35,819.9,828.0,825.1,826.4,6908,570879460000.0,407.0,5815.0,0.8418000000000001
2019-04-08,GEPIL,EQ,825.1,825.1,855.7,825.05,845.0,842.15,844.72,11650,984093035000.0,1518.0,8851.0,0.7597
2019-04-09,GEPIL,EQ,842.15,839.15,853.95,839.15,853.5,851.05,847.7,6073,514807940000.00006,1496.0,5139.0,0.8462000000000001
2019-04-10,GEPIL,EQ,851.05,850.4,890.0,840.0,870.0,865.65,866.19,46250,4006144670000.0005,2256.0,26330.0,0.5693
2019-04-11,GEPIL,EQ,865.65,870.0,883.0,860.55,866.0,870.4,870.76,11640,1013565505000.0001,970.0,5026.0,0.4318
2019-04-12,GEPIL,EQ,870.4,876.95,876.95,847.2,847.2,851.15,858.07,8043,690144445000.0,1185.0,5421.0,0.674
2019-04-15,GEPIL,EQ,851.15,863.9,871.4,850.0,868.95,861.1,859.19,27641,2374898215000.0,701.0,25552.0,0.9244
2019-04-16,GEPIL,EQ,861.1,862.9,870.0,838.8,860.0,860.85,852.19,9131,778137190000.0,969.0,5724.0,0.6269
2019-04-18,GEPIL,EQ,860.85,850.45,864.8,847.25,851.0,854.65,855.48,12564,1074824685000.0,1210.0,5228.0,0.4161
2019-04-22,GEPIL,EQ,854.65,860.0,870.95,844.05,865.0,867.9,865.07,35947,3109683880000.0,1055.0,33686.0,0.9370999999999999
2019-04-23,GEPIL,EQ,867.9,865.0,895.0,852.2,895.0,890.4,877.41,27006,2369530935000.0,2237.0,20631.0,0.7639
2019-04-24,GEPIL,EQ,890.4,889.85,905.0,885.2,903.0,897.05,897.09,18102,1623917910000.0,1361.0,8951.0,0.49450000000000005
2019-04-25,GEPIL,EQ,897.05,894.1,910.65,894.1,905.0,904.85,904.91,20562,1860666880000.0,1107.0,16467.0,0.8008
2019-04-26,GEPIL,EQ,904.85,904.0,909.95,887.3,905.0,896.0,901.78,8359,753800835000.0,831.0,5931.0,0.7095
2019-04-30,GEPIL,EQ,896.0,896.0,916.3,893.7,908.0,905.7,905.31,13100,1185954415000.0,811.0,8877.0,0.6776000000000001
2019-05-02,GEPIL,EQ,905.7,914.0,914.0,891.65,901.0,899.1,901.71,12476,1124970915000.0,912.0,9567.0,0.7668
2019-05-03,GEPIL,EQ,899.1,893.0,905.0,888.25,898.0,898.1,902.26,15568,1404638150000.0,783.0,9985.0,0.6414
2019-05-06,GEPIL,EQ,898.1,905.0,931.8,900.05,919.25,920.15,919.34,46930,4314456195000.0005,3556.0,23073.0,0.4916
2019-05-07,GEPIL,EQ,920.15,922.05,927.0,901.0,901.0,906.2,913.98,16971,1551110635000.0,887.0,11861.0,0.6989
2019-05-08,GEPIL,EQ,906.2,906.0,906.05,880.95,887.0,890.8,893.39,13113,1171497695000.0,923.0,8907.0,0.6792
2019-05-09,GEPIL,EQ,890.8,883.0,911.0,883.0,901.5,904.2,902.66,14023,1265806925000.0,1021.0,7621.0,0.5435
2019-05-10,GEPIL,EQ,904.2,910.6,910.6,885.05,885.05,885.5,891.56,8458,754080125000.0,1060.0,6270.0,0.7413
2019-05-13,GEPIL,EQ,885.5,893.95,903.95,873.0,873.0,882.3,893.13,9484,847048905000.0001,597.0,6837.0,0.7209000000000001
2019-05-14,GEPIL,EQ,882.3,873.0,905.0,870.0,882.5,900.05,892.25,9382,837109500000.0,1272.0,7261.0,0.7739
2019-05-15,GEPIL,EQ,900.05,900.05,910.0,879.3,880.3,900.0,900.56,13324,1199908795000.0,684.0,9061.0,0.6801
2019-05-16,GEPIL,EQ,900.0,893.25,921.0,893.25,900.0,901.4,899.44,87432,7863966515000.001,1294.0,80859.0,0.9248000000000001
2019-05-17,GEPIL,EQ,901.4,910.4,913.0,900.0,902.05,902.9,908.1,6411,582183600000.0,396.0,4407.0,0.6874
2019-05-20,GEPIL,EQ,902.9,925.0,938.0,903.0,923.9,917.75,922.41,29078,2682191090000.0,2427.0,18967.0,0.6523000000000001
2019-05-21,GEPIL,EQ,917.75,925.0,925.0,890.1,890.5,893.05,907.37,8334,756200240000.0,530.0,5289.0,0.6346
2019-05-22,GEPIL,EQ,893.05,899.0,900.05,888.8,896.0,897.5,897.49,10448,937700360000.0,381.0,6788.0,0.6497
2019-05-23,GEPIL,EQ,897.5,892.1,910.05,890.1,900.8,897.45,901.07,9065,816823795000.0,575.0,6291.0,0.6940000000000001
2019-05-24,GEPIL,EQ,897.45,897.4,908.9,897.05,904.95,904.6,903.23,14619,1320437645000.0,621.0,10393.0,0.7109000000000001
2019-05-27,GEPIL,EQ,904.6,905.0,925.0,895.0,921.0,918.4,908.91,14910,1355186845000.0,1031.0,9037.0,0.6061
2019-05-28,GEPIL,EQ,918.4,901.0,901.0,865.0,877.0,872.05,883.04,49281,4351708529999.9995,4012.0,36750.0,0.7456999999999999
2019-05-29,GEPIL,EQ,872.05,872.05,889.05,871.5,880.0,878.35,881.44,4519,398321340000.0,393.0,3136.0,0.6940000000000001
2019-05-30,GEPIL,EQ,878.35,874.9,884.95,874.8,880.0,880.05,880.4,7435,654575390000.0,704.0,5757.0,0.7743000000000001
2019-05-31,GEPIL,EQ,880.05,876.45,900.95,875.0,878.2,883.55,890.91,11763,1047980230000.0001,699.0,8406.0,0.7145999999999999
2019-06-03,GEPIL,EQ,883.55,884.0,885.5,873.65,882.0,881.4,881.3,3656,322201660000.0,951.0,2622.0,0.7172
2019-06-04,GEPIL,EQ,881.4,925.0,929.0,902.1,912.5,908.6,917.46,165381,15173081055000.002,7412.0,19234.0,0.11630000000000001
2019-06-06,GEPIL,EQ,908.6,908.6,911.45,876.3,876.3,881.85,893.27,19210,1715965105000.0,901.0,10985.0,0.5718
2019-06-07,GEPIL,EQ,881.85,880.0,880.0,860.1,868.0,868.75,869.21,6519,566639835000.0,553.0,3016.0,0.4626
2019-06-10,GEPIL,EQ,868.75,880.0,880.0,835.6,866.2,865.25,854.34,15602,1332947280000.0,2007.0,6946.0,0.44520000000000004
2019-06-11,GEPIL,EQ,865.25,867.05,872.15,855.05,855.05,868.65,863.86,5481,473481959999.99994,526.0,3385.0,0.6176
2019-06-12,GEPIL,EQ,868.65,865.0,872.0,859.55,870.0,865.95,866.4,4113,356350945000.0,288.0,2868.0,0.6973
2019-06-13,GEPIL,EQ,865.95,855.0,882.95,855.0,870.0,869.95,877.02,10610,930518619999.9999,591.0,7463.0,0.7034
2019-06-14,GEPIL,EQ,869.95,862.0,878.45,857.95,865.0,864.0,864.38,8448,730226330000.0,1199.0,5942.0,0.7034
2019-06-17,GEPIL,EQ,864.0,851.0,860.95,842.0,842.0,847.45,850.59,7968,677753970000.0,2696.0,5405.0,0.6136
2019-06-18,GEPIL,EQ,847.45,839.2,858.3,839.2,841.0,844.85,846.72,4042,342244955000.0,553.0,2837.0,0.6398
2019-06-19,GEPIL,EQ,844.85,840.0,855.15,830.1,833.1,836.85,842.25,8665,729810785000.0,1125.0,4823.0,0.5566
2019-06-20,GEPIL,EQ,836.85,836.75,848.0,814.5,832.1,824.5,826.63,11807,975999960000.0,1314.0,9045.0,0.7661
2019-06-21,GEPIL,EQ,824.5,810.0,850.0,810.0,849.0,848.6,842.25,7014,590754190000.0,798.0,5048.0,0.7197
2019-06-24,GEPIL,EQ,848.6,841.15,848.8,823.1,825.0,828.9,832.55,4917,409362575000.0,457.0,3248.0,0.6606000000000001
2019-06-25,GEPIL,EQ,828.9,827.45,853.0,817.55,850.0,850.2,843.38,7638,644172885000.0,455.0,5600.0,0.7332
2019-06-26,GEPIL,EQ,850.2,842.9,885.0,842.9,884.0,878.2,873.72,31933,2790060255000.0,1059.0,30025.0,0.9401999999999999
2019-06-27,GEPIL,EQ,878.2,883.65,891.95,860.5,861.0,865.2,875.44,5659,495413284999.99994,749.0,3323.0,0.5872
2019-06-28,GEPIL,EQ,865.2,885.0,885.0,849.95,866.0,869.0,862.5,9835,848269490000.0,1991.0,5676.0,0.5771000000000001
2019-07-01,GEPIL,EQ,869.0,869.0,914.0,859.95,862.0,862.75,887.51,28710,2548032650000.0,2497.0,5940.0,0.20690000000000003
2019-07-02,GEPIL,EQ,862.75,863.95,878.0,860.0,860.1,863.75,868.34,9773,848631819999.9999,966.0,4771.0,0.4882
2019-07-03,GEPIL,EQ,863.75,852.05,872.65,850.0,851.0,853.45,863.32,20894,1803815470000.0,571.0,18170.0,0.8695999999999999
2019-07-04,GEPIL,EQ,853.45,854.0,875.0,854.0,870.0,871.8,867.09,9176,795641995000.0,702.0,6668.0,0.7267
2019-07-05,GEPIL,EQ,871.8,862.5,890.9,855.0,855.1,857.1,867.14,4926,427155075000.0,552.0,2827.0,0.5739
2019-07-08,GEPIL,EQ,857.1,855.1,857.45,843.2,849.0,846.85,847.13,3516,297850400000.0,277.0,1888.0,0.537
2019-07-09,GEPIL,EQ,846.85,846.0,874.0,835.05,870.0,870.05,868.02,21255,1844982189999.9998,2691.0,19225.0,0.9045000000000001
2019-07-10,GEPIL,EQ,870.05,862.15,866.45,840.2,840.25,846.45,854.17,6720,574001365000.0,1676.0,4100.0,0.6101
2019-07-11,GEPIL,EQ,846.45,840.1,858.45,840.1,842.0,847.25,850.74,5829,495897980000.0,423.0,3854.0,0.6612
2019-07-12,GEPIL,EQ,847.25,845.6,857.0,840.05,841.5,842.2,851.97,8217,700065205000.0,397.0,6213.0,0.7561
2019-07-15,GEPIL,EQ,842.2,842.2,844.45,820.3,820.3,823.7,830.93,2150,178649755000.0,424.0,1431.0,0.6656000000000001
2019-07-16,GEPIL,EQ,823.7,817.6,858.0,817.6,845.0,834.95,829.98,8326,691044710000.0,2509.0,4614.0,0.5542
2019-07-17,GEPIL,EQ,834.95,845.0,858.0,827.05,858.0,853.8,850.05,4812,409046170000.0,365.0,3699.0,0.7687
2019-07-18,GEPIL,EQ,853.8,842.65,851.9,836.7,845.0,844.2,845.02,6619,559316965000.0,1533.0,4637.0,0.7006
2019-07-19,GEPIL,EQ,844.2,845.0,845.65,815.05,824.0,823.65,825.29,6803,561447155000.0,1624.0,4181.0,0.6146
2019-07-22,GEPIL,EQ,823.65,804.0,823.6,792.5,792.55,795.55,797.72,8286,660993070000.0,822.0,4867.0,0.5874
2019-07-23,GEPIL,EQ,795.55,795.2,844.0,785.0,822.5,833.0,816.38,11448,934586515000.0,1771.0,4854.0,0.424
2019-07-24,GEPIL,EQ,833.0,762.0,844.6,753.0,835.0,832.7,798.54,89001,7107092270000.0,4530.0,48053.0,0.5399
2019-07-25,GEPIL,EQ,832.7,832.7,854.0,782.0,799.0,792.75,803.67,18021,1448301565000.0,2619.0,7664.0,0.4253
2019-07-26,GEPIL,EQ,792.75,792.75,819.9,775.0,794.0,801.55,792.19,9404,744975620000.0,1052.0,4577.0,0.4867
2019-07-29,GEPIL,EQ,801.55,794.0,805.0,770.1,791.0,786.25,784.38,11843,928940760000.0,2169.0,6404.0,0.5407000000000001
2019-07-30,GEPIL,EQ,786.25,783.6,791.85,765.2,775.0,775.7,775.94,7314,567522720000.0,1407.0,4213.0,0.5760000000000001
2019-07-31,GEPIL,EQ,775.7,765.6,778.95,765.1,770.0,768.85,767.58,6221,477511805000.0,504.0,3916.0,0.6295000000000001
2019-08-01,GEPIL,EQ,768.85,769.85,781.75,760.0,770.0,772.25,771.16,8279,638446315000.0,1018.0,4730.0,0.5713
2019-08-02,GEPIL,EQ,772.25,771.95,788.95,753.6,764.2,776.35,762.91,11561,882003860000.0,1032.0,6844.0,0.5920000000000001
2019-08-05,GEPIL,EQ,776.35,775.0,776.3,749.95,761.0,760.1,758.71,6002,455379330000.0,633.0,3622.0,0.6035
2019-08-06,GEPIL,EQ,760.1,752.5,776.95,743.7,762.1,767.15,761.08,5853,445460534999.99994,457.0,3764.0,0.6431
2019-08-07,GEPIL,EQ,767.15,763.6,777.05,748.1,751.5,757.95,757.55,6083,460815670000.0,782.0,3020.0,0.4965
2019-08-08,GEPIL,EQ,757.95,750.9,754.7,695.1,730.0,733.0,731.15,28269,2066879714999.9998,5049.0,14829.0,0.5246000000000001
2019-08-09,GEPIL,EQ,733.0,715.6,778.0,715.6,758.0,765.5,757.67,8223,623032520000.0,831.0,4242.0,0.5159
2019-08-13,GEPIL,EQ,765.5,758.0,758.05,731.15,731.15,737.9,748.41,3701,276987595000.0,628.0,2184.0,0.5901
2019-08-14,GEPIL,EQ,737.9,748.0,765.85,729.95,753.9,757.55,748.35,3584,268210350000.0,404.0,2293.0,0.6398
2019-08-16,GEPIL,EQ,757.55,740.0,770.0,728.05,750.0,751.0,751.55,16210,1218254780000.0,778.0,8874.0,0.5474
2019-08-19,GEPIL,EQ,751.0,745.6,760.85,733.75,755.0,756.5,744.18,18228,1356498830000.0,1602.0,13728.0,0.7531
2019-08-20,GEPIL,EQ,756.5,748.0,752.0,735.0,735.0,737.8,740.95,3094,229249375000.0,343.0,1754.0,0.5669
2019-08-21,GEPIL,EQ,737.8,732.6,737.15,719.95,730.0,729.75,729.21,9300,678169055000.0,581.0,6688.0,0.7191
2019-08-22,GEPIL,EQ,729.75,723.3,745.0,707.65,734.0,736.35,716.59,38396,2751437680000.0,2724.0,25362.0,0.6605
2019-08-23,GEPIL,EQ,736.35,727.4,820.0,724.55,800.2,806.6,791.82,25493,2018594645000.0,1850.0,16812.0,0.6595000000000001
2019-08-26,GEPIL,EQ,806.6,806.95,817.95,770.1,780.05,794.45,786.13,9611,755552380000.0,943.0,3383.0,0.35200000000000004
2019-08-27,GEPIL,EQ,794.45,781.0,816.85,772.6,810.0,800.0,793.56,23991,1903825850000.0,1629.0,17051.0,0.7107
2019-08-28,GEPIL,EQ,800.0,793.6,801.0,758.0,792.5,794.2,789.51,29138,2300471085000.0,1972.0,20653.0,0.7088
2019-08-29,GEPIL,EQ,794.2,793.6,801.5,770.2,775.0,779.7,788.82,10181,803100310000.0,1179.0,5448.0,0.5351
2019-08-30,GEPIL,EQ,779.7,775.0,786.05,762.0,763.05,767.75,770.71,9586,738803715000.0,1167.0,6184.0,0.6451000000000001
2019-09-03,GEPIL,EQ,767.75,774.0,809.0,752.0,797.0,798.6,783.25,21890,1714536400000.0,3434.0,12653.0,0.578
2019-09-04,GEPIL,EQ,798.6,784.6,793.3,771.5,772.05,774.75,781.04,5269,411530935000.0,878.0,2992.0,0.5678
2019-09-05,GEPIL,EQ,774.75,776.6,776.65,750.15,754.0,755.4,760.54,30366,2309466910000.0,910.0,27985.0,0.9216
2019-09-06,GEPIL,EQ,755.4,750.0,764.7,744.2,751.0,750.55,753.09,6887,518652159999.99994,568.0,3603.0,0.5232
2019-09-09,GEPIL,EQ,750.55,744.0,764.5,739.9,760.0,759.7,755.54,5722,432321575000.0,465.0,4165.0,0.7279000000000001
2019-09-11,GEPIL,EQ,759.7,769.95,774.8,753.85,757.0,756.45,761.76,3918,298457200000.0,439.0,2301.0,0.5872999999999999
2019-09-12,GEPIL,EQ,756.45,752.35,765.0,740.05,740.05,746.6,751.1,3560,267392120000.00003,282.0,1820.0,0.5112
2019-09-13,GEPIL,EQ,746.6,748.9,804.55,739.75,785.0,784.7,782.45,25941,2029753645000.0,2448.0,14302.0,0.5513
2019-09-16,GEPIL,EQ,784.7,784.0,786.0,761.55,764.2,770.95,774.96,9176,711104255000.0,1530.0,3973.0,0.433
2019-09-17,GEPIL,EQ,770.95,770.0,772.25,750.05,751.25,754.15,758.61,8995,682367525000.0,1731.0,5610.0,0.6237
2019-09-18,GEPIL,EQ,754.15,750.2,752.8,745.0,745.0,746.15,749.58,9502,712247030000.0,272.0,8552.0,0.9
2019-09-19,GEPIL,EQ,746.15,746.15,752.45,731.2,731.2,737.9,742.58,13767,1022303219999.9999,948.0,10512.0,0.7636000000000001
2019-09-20,GEPIL,EQ,737.9,739.95,786.0,731.25,765.5,760.25,765.33,36775,2814515330000.0,1490.0,27826.0,0.7567
2019-09-23,GEPIL,EQ,760.25,784.95,844.1,784.95,839.5,836.8,810.52,68109,5520353220000.0,2708.0,53515.0,0.7857
2019-09-24,GEPIL,EQ,836.8,853.45,853.45,812.0,830.05,823.55,832.45,29056,2418768075000.0,1487.0,20285.0,0.6981
2019-09-25,GEPIL,EQ,823.55,811.75,826.6,803.75,810.0,815.7,812.56,3799,308692695000.0,400.0,2298.0,0.6049
2019-09-26,GEPIL,EQ,815.7,811.05,820.25,802.0,803.0,807.75,808.8,38855,3142603790000.0,761.0,34833.0,0.8965000000000001
2019-09-27,GEPIL,EQ,807.75,808.95,851.25,800.35,821.5,822.75,833.98,35066,2924435275000.0,2327.0,18683.0,0.5328
2019-09-30,GEPIL,EQ,822.75,820.2,833.95,790.05,798.5,798.75,806.72,12425,1002348780000.0001,1041.0,7665.0,0.6169
2019-10-01,GEPIL,EQ,798.75,798.55,803.95,777.45,793.0,798.75,797.26,37292,2973135495000.0,1192.0,31239.0,0.8377
2019-10-03,GEPIL,EQ,798.75,793.0,798.7,765.0,775.35,774.9,774.1,54361,4208108840000.0,2271.0,34221.0,0.6295000000000001
2019-10-04,GEPIL,EQ,774.9,800.0,800.0,765.0,765.0,767.95,772.79,5053,390489060000.0,603.0,3068.0,0.6072
2019-10-07,GEPIL,EQ,767.95,762.85,774.95,750.1,750.1,755.75,763.99,14379,1098538455000.0001,976.0,7309.0,0.5083
2019-10-09,GEPIL,EQ,755.75,753.75,755.65,730.0,735.0,740.0,741.18,14213,1053439985000.0,1537.0,9700.0,0.6825
2019-10-10,GEPIL,EQ,740.0,743.1,743.15,712.25,712.25,717.4,726.56,10772,782646810000.0,1013.0,7966.0,0.7395
2019-10-11,GEPIL,EQ,717.4,718.1,735.55,715.0,715.0,720.95,724.82,10122,733660770000.0,1026.0,7080.0,0.6995
2019-10-14,GEPIL,EQ,720.95,720.0,737.9,708.15,712.0,716.35,726.59,11830,859550744999.9999,1054.0,8537.0,0.7216
2019-10-15,GEPIL,EQ,716.35,712.1,718.0,692.15,693.15,698.75,702.04,24539,1722730595000.0,3460.0,16241.0,0.6618
2019-10-16,GEPIL,EQ,698.75,705.0,707.5,685.25,703.75,704.25,695.53,30390,2113717750000.0,1130.0,27031.0,0.8895000000000001
2019-10-17,GEPIL,EQ,704.25,704.25,715.6,701.2,705.0,708.3,709.72,6198,439884445000.0,944.0,3985.0,0.6429
2019-10-18,GEPIL,EQ,708.3,702.05,715.05,701.0,715.0,711.5,709.38,51939,3684446295000.0005,997.0,49918.0,0.9611000000000001
2019-10-22,GEPIL,EQ,711.5,712.0,725.0,707.0,722.9,722.85,717.48,9263,664601385000.0,747.0,6512.0,0.703
2019-10-23,GEPIL,EQ,722.85,712.05,717.0,701.6,714.0,710.4,710.54,6926,492122790000.00006,637.0,4648.0,0.6711
2019-10-24,GEPIL,EQ,710.4,712.65,712.65,694.5,705.0,704.55,703.55,13411,943529960000.0,1855.0,6257.0,0.46659999999999996
2019-10-25,GEPIL,EQ,704.55,705.85,715.25,700.05,702.1,707.15,707.05,4961,350767190000.0,694.0,2826.0,0.5696
2019-10-27,GEPIL,EQ,707.15,713.95,716.0,691.2,702.0,702.3,702.93,2151,151199860000.0,175.0,1335.0,0.6206
2019-10-29,GEPIL,EQ,702.3,702.3,730.0,701.65,716.0,724.55,714.41,12558,897154819999.9999,1497.0,7567.0,0.6026
2019-10-30,GEPIL,EQ,724.55,730.0,739.8,720.0,735.0,735.5,728.72,14059,1024503750000.0,805.0,10193.0,0.725
2019-10-31,GEPIL,EQ,735.5,738.4,764.3,737.0,749.95,749.15,750.32,28114,2109450100000.0,3302.0,20806.0,0.7401000000000001
2019-11-01,GEPIL,EQ,749.15,749.7,753.25,702.9,703.0,707.8,720.07,21127,1521286385000.0,1476.0,14023.0,0.6637000000000001
2019-11-04,GEPIL,EQ,707.8,708.0,725.4,702.55,714.8,717.7,711.97,11725,834787195000.0,852.0,7346.0,0.6265
2019-11-05,GEPIL,EQ,717.7,706.0,715.25,688.55,708.9,710.15,700.13,41204,2884807070000.0,1445.0,31262.0,0.7587
2019-11-06,GEPIL,EQ,710.15,703.65,710.0,688.7,688.85,691.7,694.88,11828,821906590000.0,907.0,8028.0,0.6787000000000001
2019-11-07,GEPIL,EQ,691.7,690.05,697.9,676.1,684.0,683.85,684.03,16279,1113535750000.0,1235.0,12526.0,0.7695000000000001
2019-11-08,GEPIL,EQ,683.85,690.0,700.0,681.1,685.05,688.05,688.6,13131,904204880000.0001,2654.0,8383.0,0.6384000000000001
2019-11-11,GEPIL,EQ,688.05,706.0,706.0,685.9,696.0,694.5,693.24,28386,1967831489999.9998,1581.0,15849.0,0.5583
2019-11-13,GEPIL,EQ,694.5,702.0,702.3,681.1,685.0,685.0,685.91,17514,1201302120000.0,1577.0,14104.0,0.8053
2019-11-14,GEPIL,EQ,685.0,684.2,688.0,669.6,688.0,679.95,677.06,16159,1094054444999.9999,1317.0,8182.0,0.5063000000000001
2019-11-15,GEPIL,EQ,679.95,675.0,700.0,670.25,679.0,686.65,687.94,26981,1856118914999.9998,5787.0,13471.0,0.4993
2019-11-18,GEPIL,EQ,686.65,707.3,707.3,686.45,701.1,700.85,697.44,8177,570297035000.0,984.0,5596.0,0.6844
2019-11-19,GEPIL,EQ,700.85,701.15,705.0,690.0,700.0,700.0,698.62,14660,1024175340000.0,809.0,13264.0,0.9048
2019-11-20,GEPIL,EQ,700.0,699.95,718.3,699.0,710.2,707.65,701.41,93208,6537673790000.0,1360.0,83551.0,0.8964
2019-11-21,GEPIL,EQ,707.65,710.15,711.3,685.95,690.0,693.1,699.03,31169,2178814195000.0,1964.0,18839.0,0.6043999999999999
2019-11-22,GEPIL,EQ,693.1,703.85,703.85,683.4,695.8,695.1,691.92,11595,802277980000.0,677.0,6617.0,0.5707
2019-11-25,GEPIL,EQ,695.1,695.85,727.95,670.25,725.0,721.8,704.1,60009,4225235850000.0,5189.0,29912.0,0.4985
2019-11-26,GEPIL,EQ,721.8,715.7,744.0,688.0,705.0,703.05,705.65,34076,2404584470000.0,4323.0,14480.0,0.42490000000000006
2019-11-27,GEPIL,EQ,703.05,703.1,720.0,690.15,720.0,714.25,704.43,4564,321501965000.0,625.0,2375.0,0.5204
2019-11-28,GEPIL,EQ,714.25,720.0,720.05,693.05,698.5,698.7,699.47,16943,1185116645000.0,1392.0,9180.0,0.5418000000000001
2019-11-29,GEPIL,EQ,698.7,700.1,704.95,690.25,698.9,695.45,698.68,4780,333971150000.0,819.0,2433.0,0.509
2019-12-02,GEPIL,EQ,695.45,693.5,729.75,688.55,724.05,722.15,716.67,14127,1012434865000.0,2015.0,7804.0,0.5524
2019-12-03,GEPIL,EQ,722.15,717.5,737.95,700.1,737.95,735.45,722.98,14229,1028729675000.0,2250.0,8315.0,0.5844
2019-12-04,GEPIL,EQ,735.45,732.35,742.5,717.25,728.0,726.1,728.64,19619,1429527125000.0,2007.0,8420.0,0.4292
2019-12-05,GEPIL,EQ,726.1,725.0,746.45,720.0,740.55,741.6,731.71,16380,1198545070000.0,2677.0,12205.0,0.7451000000000001
2019-12-06,GEPIL,EQ,741.6,749.95,759.8,720.0,720.0,724.8,745.27,22429,1671557290000.0,2580.0,9577.0,0.42700000000000005
2019-12-09,GEPIL,EQ,724.8,717.3,727.0,703.0,705.0,708.4,714.85,8702,622064985000.0,663.0,5564.0,0.6394
2019-12-10,GEPIL,EQ,708.4,706.2,708.9,686.2,705.0,701.9,700.83,25329,1775141970000.0,1082.0,13521.0,0.5338
2019-12-11,GEPIL,EQ,701.9,699.9,704.4,673.0,690.0,696.95,689.13,60903,4197027604999.9995,3908.0,23046.0,0.37840000000000007
2019-12-12,GEPIL,EQ,696.95,694.1,725.0,691.6,720.0,715.85,712.55,9526,678779455000.0,862.0,6336.0,0.6651
2019-12-13,GEPIL,EQ,715.85,722.0,725.0,708.0,710.0,715.65,716.27,4764,341229190000.0,702.0,1958.0,0.41100000000000003
2019-12-16,GEPIL,EQ,715.65,719.5,720.75,700.0,700.0,702.15,709.32,5177,367216565000.0,411.0,2824.0,0.5455
2019-12-17,GEPIL,EQ,702.15,700.0,729.95,685.15,726.0,725.1,706.15,36381,2569036325000.0,4149.0,15181.0,0.4173
2019-12-18,GEPIL,EQ,725.1,727.85,727.85,704.7,725.0,725.0,717.82,9790,702749565000.0,1120.0,4299.0,0.4391
2019-12-19,GEPIL,EQ,725.0,724.9,725.0,701.25,702.15,707.6,711.13,7332,521400600000.0,551.0,4445.0,0.6062
2019-12-20,GEPIL,EQ,707.6,705.0,714.8,691.05,710.0,709.8,706.41,37629,2658165975000.0,6726.0,21493.0,0.5712
2019-12-23,GEPIL,EQ,709.8,709.8,709.8,693.1,695.0,697.35,700.07,13385,937048125000.0,1104.0,7262.0,0.5425
2019-12-24,GEPIL,EQ,697.35,695.05,699.5,685.0,685.45,686.3,689.95,9867,680772830000.0,679.0,6695.0,0.6785
2019-12-26,GEPIL,EQ,686.3,690.0,704.05,685.25,695.0,696.3,695.47,7828,544411220000.0,476.0,4971.0,0.635
2019-12-27,GEPIL,EQ,696.3,692.15,725.0,692.1,725.0,720.05,716.47,35675,2556023240000.0,3090.0,23025.0,0.6454000000000001
2019-12-30,GEPIL,EQ,720.05,710.9,745.0,710.0,742.0,742.4,723.32,118579,8577088409999.999,2134.0,110353.0,0.9306000000000001
2019-12-31,GEPIL,EQ,742.4,742.0,751.65,725.7,737.0,745.3,741.74,11088,822439255000.0,1106.0,5869.0,0.5293
2020-01-01,GEPIL,EQ,745.3,743.95,744.0,726.0,729.0,729.05,734.09,3622,265886915000.0,518.0,1731.0,0.4779
2020-01-02,GEPIL,EQ,729.05,728.4,749.3,725.15,740.0,737.95,737.22,3246,239301400000.0,466.0,1812.0,0.5582
2020-01-03,GEPIL,EQ,737.95,739.0,747.8,732.5,745.9,742.2,740.39,9245,684494675000.0,728.0,5958.0,0.6445000000000001
2020-01-06,GEPIL,EQ,742.2,730.0,740.05,692.0,693.4,703.45,712.49,10222,728305940000.0,1023.0,6625.0,0.6481
2020-01-07,GEPIL,EQ,703.45,703.0,714.8,695.6,699.0,700.65,705.32,6420,452815450000.0,881.0,3767.0,0.5868
2020-01-08,GEPIL,EQ,700.65,695.05,708.0,695.0,700.0,701.4,702.7,2421,170123555000.0,337.0,1650.0,0.6815000000000001
2020-01-09,GEPIL,EQ,701.4,705.1,723.25,701.4,720.0,719.65,712.07,13480,959869050000.0,1466.0,5885.0,0.4366
2020-01-10,GEPIL,EQ,719.65,721.2,721.2,700.0,700.0,704.45,707.74,7819,553381845000.0,776.0,4036.0,0.5162
2020-01-13,GEPIL,EQ,704.45,718.9,718.9,692.55,693.5,695.6,698.17,21361,1491360915000.0,1672.0,12582.0,0.589
2020-01-14,GEPIL,EQ,695.6,696.0,701.2,681.75,690.0,690.25,692.13,18861,1305419600000.0,1049.0,13799.0,0.7316
2020-01-15,GEPIL,EQ,690.25,693.0,698.95,683.4,687.0,688.5,690.22,10313,711828685000.0,607.0,6921.0,0.6711
2020-01-16,GEPIL,EQ,688.5,692.1,694.15,682.0,682.05,683.15,686.65,16266,1116897725000.0,1020.0,12132.0,0.7459
2020-01-17,GEPIL,EQ,683.15,693.6,693.6,682.15,686.25,689.65,687.94,10381,714145885000.0,702.0,6561.0,0.632
2020-01-20,GEPIL,EQ,689.65,688.0,699.3,676.0,676.0,678.15,683.15,9693,662175465000.0,619.0,7917.0,0.8168000000000001
2020-01-21,GEPIL,EQ,678.15,677.5,697.5,675.1,694.8,691.75,686.42,11389,781761535000.0,1029.0,8882.0,0.7798999999999999
2020-01-22,GEPIL,EQ,691.75,691.75,692.0,678.0,680.0,680.3,683.04,185759,12688005205000.0,1249.0,180484.0,0.9716
2020-01-23,GEPIL,EQ,680.3,680.05,688.0,676.0,685.0,684.05,681.6,6802,463624580000.0,793.0,4156.0,0.611
2020-01-24,GEPIL,EQ,684.05,692.7,705.0,675.8,682.0,686.1,687.78,17469,1201477105000.0,1511.0,8390.0,0.4803
2020-01-27,GEPIL,EQ,686.1,694.95,694.95,675.0,675.1,676.25,680.82,8911,606677360000.0,929.0,5608.0,0.6293
2020-01-28,GEPIL,EQ,676.25,684.9,698.85,676.05,692.35,691.15,686.3,13563,930835090000.0,1335.0,8477.0,0.625
2020-01-29,GEPIL,EQ,691.15,700.0,714.5,691.15,705.0,705.15,702.3,20530,1441819940000.0,1592.0,11044.0,0.5379
2020-01-30,GEPIL,EQ,705.15,705.15,708.95,680.0,690.0,687.35,695.07,10393,722386350000.0,1025.0,4280.0,0.4118
2020-01-31,GEPIL,EQ,687.35,689.45,697.9,685.65,688.0,690.1,690.85,8980,620383790000.0,1306.0,3959.0,0.44090000000000007
2020-02-01,GEPIL,EQ,690.1,689.9,701.8,668.1,689.05,675.9,674.92,77857,5254689495000.0,2959.0,49736.0,0.6388
2020-02-03,GEPIL,EQ,675.9,690.0,690.0,677.5,685.0,684.95,683.68,4493,307178485000.0,486.0,3041.0,0.6768000000000001
2020-02-04,GEPIL,EQ,684.95,685.0,695.05,666.0,671.0,668.7,674.37,20894,1409018900000.0,1334.0,15117.0,0.7234999999999999
2020-02-05,GEPIL,EQ,668.7,670.1,686.0,669.1,672.1,677.2,676.92,8561,579507890000.0,1100.0,6000.0,0.7009000000000001
2020-02-06,GEPIL,EQ,677.2,709.95,744.0,709.75,729.95,731.05,725.67,162719,11808021160000.0,8046.0,66350.0,0.4078
2020-02-07,GEPIL,EQ,731.05,735.0,789.65,705.65,780.0,780.3,755.76,94159,7116123415000.001,7282.0,49246.0,0.523
2020-02-10,GEPIL,EQ,780.3,780.3,822.0,750.0,820.0,811.95,789.8,106305,8396003475000.0,9134.0,56548.0,0.5319
2020-02-11,GEPIL,EQ,811.95,821.95,824.9,770.0,774.55,778.65,792.13,19709,1561204775000.0,2129.0,9632.0,0.48869999999999997
2020-02-12,GEPIL,EQ,778.65,780.0,786.0,745.1,780.0,780.05,769.29,56854,4373712885000.0,5365.0,24079.0,0.42350000000000004
2020-02-13,GEPIL,EQ,780.05,772.1,808.0,772.1,803.0,803.05,801.3,45319,3631401804999.9995,3399.0,18566.0,0.4097
2020-02-14,GEPIL,EQ,803.05,788.0,827.0,761.0,769.0,768.0,786.43,10324,811913580000.0,1374.0,5343.0,0.5175
2020-02-17,GEPIL,EQ,768.0,765.0,786.95,752.45,780.0,777.45,774.71,21016,1628133400000.0,2690.0,12862.0,0.612
2020-02-18,GEPIL,EQ,777.45,760.0,780.15,760.0,763.15,766.2,771.48,10775,831265135000.0,902.0,6669.0,0.6189
2020-02-19,GEPIL,EQ,766.2,765.0,778.0,761.95,765.2,769.95,772.21,13086,1010515165000.0,963.0,8051.0,0.6152000000000001
2020-02-20,GEPIL,EQ,769.95,761.5,804.25,761.5,796.0,790.45,780.47,28005,2185704445000.0,1699.0,19759.0,0.7056
2020-02-24,GEPIL,EQ,790.45,775.05,790.35,750.0,752.25,758.05,770.34,15677,1207654900000.0,1742.0,9722.0,0.6201
2020-02-25,GEPIL,EQ,758.05,759.8,759.8,733.05,744.75,740.7,748.22,13498,1009949340000.0,1017.0,7483.0,0.5544
2020-02-26,GEPIL,EQ,740.7,740.7,745.45,720.0,723.0,726.5,732.73,9288,680559970000.0,955.0,5658.0,0.6092000000000001
2020-02-27,GEPIL,EQ,726.5,725.45,728.45,705.0,705.15,707.75,713.16,16496,1176423195000.0,1085.0,10719.0,0.6498
2020-02-28,GEPIL,EQ,707.75,700.0,723.75,684.1,699.35,703.35,707.04,38818,2744594040000.0,4597.0,20112.0,0.5181
2020-03-02,GEPIL,EQ,703.35,728.0,731.2,706.25,730.0,730.05,724.2,46959,3400755375000.0,3670.0,29650.0,0.6314000000000001
2020-03-03,GEPIL,EQ,730.05,734.95,735.05,696.65,733.9,718.25,711.97,31979,2276809105000.0,5505.0,15500.0,0.4847
2020-03-04,GEPIL,EQ,718.25,722.0,723.25,694.15,696.0,699.1,704.17,13462,947957819999.9999,1790.0,8212.0,0.61
2020-03-05,GEPIL,EQ,699.1,700.4,707.65,691.05,691.05,694.35,699.64,10342,723569360000.0,1455.0,3940.0,0.381
2020-03-06,GEPIL,EQ,694.35,688.5,711.4,679.2,704.0,697.1,692.93,13497,935249240000.0,1396.0,6496.0,0.48130000000000006
2020-03-09,GEPIL,EQ,697.1,691.05,691.05,662.5,671.7,675.15,673.9,11631,783818610000.0,1534.0,4658.0,0.40049999999999997
2020-03-11,GEPIL,EQ,675.15,676.75,693.5,641.0,641.6,646.55,662.38,16608,1100073040000.0,1620.0,8060.0,0.4853
2020-03-12,GEPIL,EQ,646.55,596.0,615.0,570.0,596.95,595.0,587.81,29963,1761240595000.0,5029.0,19040.0,0.6355
2020-03-13,GEPIL,EQ,595.0,502.0,607.35,480.1,600.0,593.3,563.56,40064,2257849980000.0,3672.0,21063.0,0.5257000000000001
2020-03-16,GEPIL,EQ,593.3,588.95,618.5,562.05,591.5,585.85,589.4,9642,568296985000.0,890.0,6980.0,0.7239
2020-03-17,GEPIL,EQ,585.85,572.0,606.0,568.05,590.0,590.05,587.5,15737,924550990000.0,1853.0,10755.0,0.6834
2020-03-18,GEPIL,EQ,590.05,587.5,594.0,542.65,550.0,565.8,582.76,20063,1169189690000.0,5213.0,10863.0,0.5414
2020-03-19,GEPIL,EQ,565.8,550.0,556.45,500.1,535.0,533.7,528.27,32060,1693619580000.0,3000.0,18544.0,0.5784
2020-03-20,GEPIL,EQ,533.7,553.55,561.7,513.0,550.45,550.85,536.92,6917,371388940000.0,1374.0,3449.0,0.4986
2020-03-23,GEPIL,EQ,550.85,530.0,552.5,482.05,489.95,489.9,512.88,14686,753221095000.0,1199.0,10641.0,0.7245999999999999
2020-03-24,GEPIL,EQ,489.9,510.7,528.4,451.25,472.0,468.75,496.75,16096,799574555000.0,1387.0,9995.0,0.621
2020-03-25,GEPIL,EQ,468.75,460.0,489.0,445.7,476.4,476.3,469.4,2412,113218739999.99998,508.0,1552.0,0.6434000000000001
2020-03-26,GEPIL,EQ,476.3,472.0,489.0,441.5,462.25,463.75,466.09,15416,718531835000.0,1190.0,10172.0,0.6598
2020-03-27,GEPIL,EQ,463.75,460.1,482.35,456.0,456.0,463.65,468.68,3856,180724530000.0,480.0,2534.0,0.6572
2020-03-30,GEPIL,EQ,463.65,455.0,466.75,435.0,445.0,444.15,444.82,15955,709709665000.0,4088.0,10139.0,0.6355
2020-03-31,GEPIL,EQ,444.15,450.0,479.0,426.75,477.8,475.0,454.51,26189,1190314095000.0,2137.0,16863.0,0.6439
2020-04-01,GEPIL,EQ,475.0,499.95,499.95,460.1,464.0,464.05,484.68,21326,1033633975000.0,1537.0,8926.0,0.4186
2020-04-03,GEPIL,EQ,464.05,470.0,470.0,450.1,460.0,460.75,459.12,3253,149350690000.0,561.0,1740.0,0.5349
2020-04-07,GEPIL,EQ,460.75,470.3,485.35,452.1,452.1,460.05,467.41,9966,465822440000.00006,967.0,6989.0,0.7012999999999999
2020-04-08,GEPIL,EQ,460.05,463.0,471.55,453.1,459.95,458.0,459.32,27212,1249913205000.0,1186.0,21459.0,0.7886
2020-04-09,GEPIL,EQ,458.0,464.0,464.0,441.15,459.5,459.05,455.5,54470,2481121820000.0,4478.0,29537.0,0.5423
2020-04-13,GEPIL,EQ,459.05,459.1,463.5,438.65,440.0,440.3,445.59,22150,986984630000.0001,1525.0,17526.0,0.7912
2020-04-15,GEPIL,EQ,440.3,452.0,452.0,439.05,448.95,449.25,446.64,57783,2580793550000.0,4196.0,30522.0,0.5282
2020-04-16,GEPIL,EQ,449.25,447.0,447.2,437.15,445.0,440.45,440.4,30319,1335253965000.0,2185.0,20162.0,0.665
2020-04-17,GEPIL,EQ,440.45,449.7,449.75,435.15,437.0,437.95,440.17,32922,1449143820000.0,2178.0,17233.0,0.5234000000000001
2020-04-20,GEPIL,EQ,437.95,443.0,443.0,438.0,438.8,439.2,439.76,22063,970247605000.0001,735.0,16611.0,0.7529000000000001
2020-04-21,GEPIL,EQ,439.2,439.2,439.2,426.0,430.5,428.7,429.58,19740,847987025000.0,1505.0,11061.0,0.5603
2020-04-22,GEPIL,EQ,428.7,425.05,436.0,425.05,427.5,430.5,430.05,17252,741915440000.0,1133.0,11853.0,0.6870999999999999
2020-04-23,GEPIL,EQ,430.5,435.0,442.7,427.65,432.0,431.45,436.49,23425,1022469315000.0,1683.0,12916.0,0.5514
2020-04-24,GEPIL,EQ,431.45,437.0,437.0,429.0,431.0,430.6,430.32,172767,7434571480000.0,851.0,168038.0,0.9726
2020-04-27,GEPIL,EQ,430.6,433.0,474.7,428.0,448.6,442.25,442.39,750490,33201153989999.996,10354.0,501291.0,0.668
2020-04-28,GEPIL,EQ,442.25,454.5,459.9,433.1,435.5,435.9,442.9,40779,1806093095000.0,1969.0,22734.0,0.5575
2020-04-29,GEPIL,EQ,435.9,435.3,446.95,435.3,438.0,439.75,439.69,30249,1330027880000.0,2165.0,18120.0,0.599
2020-04-30,GEPIL,EQ,439.75,442.05,454.95,441.0,449.0,446.5,448.5,52695,2363383805000.0,7664.0,26776.0,0.5081
2020-05-04,GEPIL,EQ,446.5,450.0,459.0,430.15,433.7,434.6,445.05,37181,1654754180000.0,2801.0,22463.0,0.6042000000000001
2020-05-05,GEPIL,EQ,434.6,439.75,442.15,409.9,415.5,415.3,423.17,32719,1384573680000.0,1894.0,21831.0,0.6672
2020-05-06,GEPIL,EQ,415.3,419.8,423.75,410.3,411.8,412.35,415.19,19472,808466045000.0,1272.0,7855.0,0.40340000000000004
2020-05-07,GEPIL,EQ,412.35,412.4,417.0,406.05,407.5,408.25,410.14,16008,656548490000.0,826.0,8463.0,0.5287
2020-05-08,GEPIL,EQ,408.25,412.0,417.0,405.0,405.15,406.9,408.75,16085,657475330000.0,975.0,9992.0,0.6212
2020-05-11,GEPIL,EQ,406.9,407.1,413.5,398.7,400.0,400.0,403.57,16615,670526070000.0,1445.0,10001.0,0.6019
2020-05-12,GEPIL,EQ,400.0,399.95,400.0,375.0,387.5,386.75,385.68,29037,1119898380000.0,1961.0,17038.0,0.5868
2020-05-13,GEPIL,EQ,386.75,415.0,415.0,383.7,384.5,384.5,387.7,32074,1243520275000.0,2320.0,22182.0,0.6916
2020-05-14,GEPIL,EQ,384.5,384.5,387.85,379.0,380.0,381.65,384.0,21685,832695695000.0,1367.0,13239.0,0.6104999999999999
2020-05-15,GEPIL,EQ,381.65,381.8,385.0,381.75,384.95,383.0,383.86,11445,439328655000.0,853.0,7305.0,0.6383
2020-05-18,GEPIL,EQ,383.0,389.95,390.0,365.15,367.0,370.0,376.3,28780,1083000790000.0,1857.0,17903.0,0.6221
2020-05-19,GEPIL,EQ,370.0,375.0,379.95,370.0,374.0,373.6,374.29,13791,516182925000.0,900.0,9549.0,0.6924
2020-05-20,GEPIL,EQ,373.6,370.05,380.0,370.0,380.0,377.95,375.17,15497,581401835000.0,841.0,9745.0,0.6288
2020-05-21,GEPIL,EQ,377.95,377.95,385.55,375.1,377.7,375.85,381.06,61593,2347049650000.0,2673.0,45565.0,0.7398
2020-05-22,GEPIL,EQ,375.85,377.95,385.0,371.75,375.25,377.2,378.99,20733,785755410000.0,1556.0,7610.0,0.36700000000000005
2020-05-26,GEPIL,EQ,377.2,378.0,384.0,370.2,379.45,377.9,378.75,19553,740571660000.0,937.0,9911.0,0.5069
2020-05-27,GEPIL,EQ,377.9,379.8,382.9,371.4,373.65,372.8,376.0,19108,718460485000.0,1229.0,10338.0,0.541
2020-05-28,GEPIL,EQ,372.8,373.7,384.9,373.7,380.2,381.05,380.27,13602,517249405000.0,1138.0,7224.0,0.5311
2020-05-29,GEPIL,EQ,381.05,381.0,384.9,377.4,382.9,383.75,383.33,20364,780613350000.0,1267.0,10976.0,0.539
2020-06-01,GEPIL,EQ,383.75,384.05,399.65,384.05,397.0,396.0,393.27,41995,1651517795000.0,1437.0,29206.0,0.6955
2020-06-02,GEPIL,EQ,396.0,398.9,400.15,392.75,396.75,397.2,397.12,34386,1365535430000.0,1392.0,22739.0,0.6613
2020-06-03,GEPIL,EQ,397.2,399.85,409.9,396.0,397.0,397.9,404.93,71000,2875011895000.0,4596.0,44907.0,0.6325000000000001
2020-06-04,GEPIL,EQ,397.9,401.05,409.45,400.0,406.0,405.5,404.93,15627,632789825000.0,890.0,9591.0,0.6137
2020-06-05,GEPIL,EQ,405.5,407.9,422.0,406.0,414.0,413.3,415.16,88389,3669555350000.0,3502.0,37091.0,0.41960000000000003
2020-06-08,GEPIL,EQ,413.3,420.0,420.05,405.05,414.95,414.3,415.19,197554,8202178080000.0,5545.0,173800.0,0.8798
2020-06-09,GEPIL,EQ,414.3,415.0,428.4,410.3,417.1,418.85,416.56,261753,10903538870000.0,4853.0,196680.0,0.7514000000000001
2020-06-10,GEPIL,EQ,418.85,418.0,434.4,418.0,427.1,427.4,427.94,54013,2311445570000.0,2559.0,25244.0,0.46740000000000004
2020-06-11,GEPIL,EQ,427.4,427.0,433.0,415.05,420.8,418.25,424.96,40667,1728169889999.9998,1876.0,22279.0,0.5478000000000001
2020-06-12,GEPIL,EQ,418.25,407.65,415.95,402.15,409.3,412.4,410.34,29801,1222849040000.0,1379.0,13954.0,0.4682
2020-06-15,GEPIL,EQ,412.4,412.15,415.85,403.0,404.0,403.6,406.99,26946,1096677235000.0,1715.0,15541.0,0.5767
2020-06-16,GEPIL,EQ,403.6,404.6,416.45,392.0,399.8,399.15,404.0,43445,1755162610000.0002,2343.0,23687.0,0.5452
2020-06-17,GEPIL,EQ,399.15,396.6,407.8,395.65,402.9,401.05,401.2,25371,1017893244999.9999,1993.0,11663.0,0.4597
2020-06-18,GEPIL,EQ,401.05,404.9,411.0,402.05,404.0,404.35,406.39,25419,1033009569999.9999,1612.0,14390.0,0.5661
2020-06-19,GEPIL,EQ,404.35,406.9,428.0,406.9,427.0,423.75,419.89,71693,3010340970000.0,3678.0,41255.0,0.5754
2020-06-22,GEPIL,EQ,423.75,431.0,499.95,430.1,473.0,474.75,458.92,338536,15536158600000.0,13919.0,88388.0,0.2611
2020-06-23,GEPIL,EQ,474.75,480.5,480.5,457.25,463.0,462.55,467.25,79376,3708837635000.0,4409.0,22596.0,0.4953
2020-06-24,GEPIL,EQ,462.55,467.0,484.95,466.45,473.05,472.05,470.68,167784,7897232775000.0,2897.0,145948.0,0.8699
2020-06-25,GEPIL,EQ,472.05,471.0,479.85,456.0,466.0,464.55,473.53,137771,6523824015000.0,2113.0,121386.0,0.8811
2020-06-26,GEPIL,EQ,464.55,471.65,480.55,470.0,472.1,475.7,476.37,27255,1298343780000.0,1877.0,12752.0,0.4679
2020-06-29,GEPIL,EQ,475.7,477.0,477.0,464.75,466.0,467.25,467.27,30369,1419060455000.0,1421.0,19106.0,0.6291
2020-06-30,GEPIL,EQ,467.25,468.0,473.9,440.1,448.85,449.05,458.71,25937,1189768895000.0,2344.0,11851.0,0.4569
2020-07-01,GEPIL,EQ,449.05,449.95,472.1,449.25,459.3,460.35,459.21,22454,1031109794999.9999,1743.0,9110.0,0.4057
2020-07-02,GEPIL,EQ,460.35,462.0,470.0,456.15,462.0,460.95,464.67,34199,1589125815000.0,1396.0,24978.0,0.7304
2020-07-03,GEPIL,EQ,460.95,467.0,469.85,460.05,467.0,468.1,465.84,20321,946634650000.0,1768.0,9949.0,0.48960000000000004
2020-07-06,GEPIL,EQ,468.1,472.0,518.95,472.0,515.0,512.0,498.7,364305,18167959715000.0,9609.0,166226.0,0.45630000000000004
2020-07-07,GEPIL,EQ,512.0,517.9,549.0,503.15,525.4,525.05,522.9,295948,15475027040000.0,10229.0,127795.0,0.4318
2020-07-08,GEPIL,EQ,525.05,529.8,530.0,518.0,520.0,520.4,522.95,51555,2696082365000.0,2680.0,28563.0,0.554
2020-07-09,GEPIL,EQ,520.4,525.95,525.95,507.0,510.2,512.25,519.28,32453,1685235430000.0,1806.0,18344.0,0.5652
2020-07-10,GEPIL,EQ,512.25,526.0,532.0,514.0,514.0,516.5,523.92,111837,5859330970000.0,4012.0,26091.0,0.23329999999999998
2020-07-13,GEPIL,EQ,516.5,516.5,522.55,505.95,512.2,510.25,513.2,29238,1500485780000.0,1482.0,19506.0,0.6670999999999999
2020-07-14,GEPIL,EQ,510.25,514.7,514.7,494.45,496.3,497.0,501.58,39953,2003953525000.0,1798.0,20539.0,0.5141
2020-07-15,GEPIL,EQ,497.0,506.0,512.5,490.05,490.05,491.1,500.59,33705,1687251205000.0,2032.0,11139.0,0.33049999999999996
2020-07-16,GEPIL,EQ,491.1,497.9,504.25,481.0,499.9,497.45,491.92,27663,1360809650000.0,1987.0,12265.0,0.4434
2020-07-17,GEPIL,EQ,497.45,500.05,507.0,495.1,501.95,499.4,500.45,29940,1498343160000.0,2026.0,14728.0,0.4919
2020-07-20,GEPIL,EQ,499.4,506.0,517.5,499.0,511.2,511.55,509.32,37373,1903484925000.0,1941.0,17612.0,0.4712
2020-07-21,GEPIL,EQ,511.55,511.6,515.5,503.8,509.0,511.3,511.21,20254,1035394910000.0,1382.0,11593.0,0.5724
2020-07-22,GEPIL,EQ,511.3,511.3,523.0,505.0,506.0,506.8,512.14,26893,1377290240000.0,1765.0,12246.0,0.4554
2020-07-23,GEPIL,EQ,506.8,506.8,511.9,495.65,496.5,497.25,500.69,26232,1313419640000.0,1765.0,15601.0,0.5947
2020-07-24,GEPIL,EQ,497.25,492.0,498.1,484.0,488.0,486.4,489.4,16545,809709000000.0,1432.0,10123.0,0.6118
2020-07-27,GEPIL,EQ,486.4,492.45,492.45,472.2,481.0,481.0,478.73,11385,545029255000.0,1136.0,5503.0,0.48340000000000005
2020-07-28,GEPIL,EQ,481.0,484.1,512.05,477.65,503.5,502.6,501.59,44592,2236692925000.0,3081.0,18750.0,0.4205
2020-07-29,GEPIL,EQ,502.6,502.95,506.0,490.0,490.15,491.25,495.09,10668,528161365000.00006,1078.0,5498.0,0.5154
2020-07-30,GEPIL,EQ,491.25,495.9,497.95,486.05,487.1,488.1,489.92,39502,1935293150000.0,724.0,36282.0,0.9185
2020-07-31,GEPIL,EQ,488.1,483.0,493.7,475.0,483.7,485.4,482.89,19889,960412875000.0,1471.0,11656.0,0.5861
2020-08-03,GEPIL,EQ,485.4,475.45,489.0,475.45,480.0,479.65,479.83,9745,467599190000.00006,781.0,6300.0,0.6465000000000001
2020-08-04,GEPIL,EQ,479.65,479.65,490.0,477.0,480.0,480.1,483.1,11151,538703259999.99994,1066.0,4571.0,0.40990000000000004
2020-08-05,GEPIL,EQ,480.1,484.0,488.3,475.85,476.0,476.65,480.08,15456,742008055000.0,715.0,10521.0,0.6807
2020-08-06,GEPIL,EQ,476.65,480.95,484.85,477.05,477.65,478.4,480.23,14146,679339325000.0,1284.0,7750.0,0.5479
2020-08-07,GEPIL,EQ,478.4,476.1,499.0,476.1,491.85,490.85,489.78,19599,959920990000.0,1501.0,7096.0,0.36210000000000003
2020-08-10,GEPIL,EQ,490.85,491.0,500.0,489.15,500.0,497.05,496.37,18568,921664594999.9999,1309.0,11511.0,0.6199
2020-08-11,GEPIL,EQ,497.05,505.0,510.0,475.0,491.1,497.3,496.58,80316,3988307485000.0,3863.0,22671.0,0.2823
2020-08-12,GEPIL,EQ,497.3,500.0,500.0,487.0,498.0,497.9,495.44,17328,858499500000.0,1677.0,7199.0,0.4155
2020-08-13,GEPIL,EQ,497.9,505.85,505.85,495.0,496.1,496.7,498.52,15703,782819595000.0,1217.0,9118.0,0.5807
2020-08-14,GEPIL,EQ,496.7,505.0,505.0,491.0,497.0,495.25,496.89,16954,842434050000.0,1471.0,8786.0,0.5182
2020-08-17,GEPIL,EQ,495.25,500.0,500.0,490.0,493.9,492.2,493.14,12373,610159670000.0,926.0,7341.0,0.5933
2020-08-18,GEPIL,EQ,492.2,504.3,504.3,492.3,495.1,496.15,495.84,8961,444322609999.99994,802.0,4498.0,0.502
2020-08-19,GEPIL,EQ,496.15,497.95,517.05,495.0,510.8,509.35,508.32,51745,2630293920000.0,3866.0,21623.0,0.4179
2020-08-20,GEPIL,EQ,509.35,508.95,513.5,501.0,513.0,511.7,508.18,19850,1008744230000.0001,1661.0,11799.0,0.5944
2020-08-21,GEPIL,EQ,511.7,523.95,530.35,505.35,507.5,507.0,517.47,48659,2517973520000.0,4298.0,23266.0,0.4781
2020-08-24,GEPIL,EQ,507.0,507.0,517.15,502.55,503.0,504.85,507.86,22700,1152844070000.0,1401.0,14267.0,0.6285000000000001
2020-08-25,GEPIL,EQ,504.85,508.9,509.85,499.55,500.0,500.35,503.69,19742,994387440000.0,1236.0,12525.0,0.6344
2020-08-26,GEPIL,EQ,500.35,504.75,506.0,489.75,493.5,492.4,495.44,26560,1315898470000.0,1462.0,19135.0,0.7204
2020-08-27,GEPIL,EQ,492.4,494.9,498.9,490.8,493.9,491.7,493.65,23561,1163087185000.0,1140.0,16834.0,0.7145
2020-08-28,GEPIL,EQ,491.7,491.05,505.0,491.05,493.0,493.3,497.4,18094,899992905000.0001,1903.0,7797.0,0.43090000000000006
2020-08-31,GEPIL,EQ,493.3,498.4,499.4,459.05,475.0,475.75,483.33,40609,1962755535000.0002,2527.0,18802.0,0.46299999999999997
2020-09-01,GEPIL,EQ,475.75,478.15,493.3,461.2,466.0,465.85,473.99,20083,951918515000.0,1854.0,10570.0,0.5263
2020-09-02,GEPIL,EQ,465.85,465.0,478.9,465.0,472.85,468.6,471.63,10804,509551070000.0,1122.0,5360.0,0.4961
2020-09-03,GEPIL,EQ,468.6,471.95,481.6,468.0,470.0,469.75,472.05,16431,775631945000.0,1055.0,11536.0,0.7021
2020-09-04,GEPIL,EQ,469.75,467.95,473.9,451.2,466.6,464.8,466.55,14426,673048315000.0,1405.0,7808.0,0.5412
2020-09-07,GEPIL,EQ,464.8,461.0,470.3,461.0,468.0,467.0,464.87,5137,238802990000.0,713.0,3006.0,0.5852
2020-09-08,GEPIL,EQ,467.0,468.0,474.35,450.6,453.9,452.7,460.64,17482,805289485000.0,1380.0,10471.0,0.599
2020-09-09,GEPIL,EQ,452.7,455.0,455.0,430.0,447.95,447.25,441.36,11784,520101490000.00006,1243.0,5528.0,0.46909999999999996
2020-09-10,GEPIL,EQ,447.25,447.15,464.15,447.15,454.95,452.4,456.8,10209,466344725000.0,1005.0,4035.0,0.39520000000000005
2020-09-11,GEPIL,EQ,452.4,454.7,464.7,452.0,455.6,458.95,459.28,5852,268770329999.99997,598.0,3460.0,0.5913
2020-09-14,GEPIL,EQ,458.95,462.9,490.0,462.75,485.0,483.45,470.41,69015,3246524710000.0,1851.0,62580.0,0.9068
2020-09-15,GEPIL,EQ,483.45,493.4,504.0,483.9,491.2,494.35,496.89,50698,2519137835000.0,1875.0,38287.0,0.7552
2020-09-16,GEPIL,EQ,494.35,496.85,499.9,470.0,483.0,485.75,479.87,57074,2738827665000.0,3020.0,30594.0,0.536
2020-09-17,GEPIL,EQ,485.75,485.0,488.9,471.5,472.9,473.05,477.75,15874,758383160000.0,1477.0,6402.0,0.4033
2020-09-18,GEPIL,EQ,473.05,475.45,476.3,462.05,463.6,463.35,468.22,16936,792979200000.0,1866.0,9047.0,0.5342
2020-09-21,GEPIL,EQ,463.35,465.65,468.4,440.0,449.95,453.8,453.06,31321,1419021770000.0,2413.0,13128.0,0.4191
2020-09-22,GEPIL,EQ,453.8,445.05,457.55,410.8,447.0,446.1,436.07,30342,1323125630000.0,2714.0,7815.0,0.2576
2020-09-23,GEPIL,EQ,446.1,444.0,459.6,428.0,430.0,431.55,441.01,26067,1149575725000.0,2821.0,9471.0,0.3633
2020-09-24,GEPIL,EQ,431.55,427.0,433.3,416.75,420.0,420.45,421.22,11856,499401470000.0,993.0,7181.0,0.6057
2020-09-25,GEPIL,EQ,420.45,425.1,445.0,418.75,424.3,423.35,428.0,33591,1437697665000.0,2162.0,18063.0,0.5377000000000001
2020-09-28,GEPIL,EQ,423.35,426.2,434.6,416.2,421.0,423.35,427.88,14191,607206215000.0,898.0,8712.0,0.6139
2020-09-29,GEPIL,EQ,423.35,425.5,435.0,422.4,426.0,425.7,429.82,14206,610599405000.0,933.0,6542.0,0.46049999999999996
2020-09-30,GEPIL,EQ,425.7,426.0,430.15,424.0,426.05,426.95,427.93,6448,275929660000.0,317.0,4398.0,0.6820999999999999
2020-10-01,GEPIL,EQ,426.95,427.0,432.95,426.6,429.95,429.05,429.4,5539,237842295000.00003,414.0,3622.0,0.6539
2020-10-05,GEPIL,EQ,429.05,431.2,435.0,417.15,420.5,419.55,422.38,12663,534864705000.0,786.0,9183.0,0.7252
2020-10-06,GEPIL,EQ,419.55,424.95,427.85,419.0,419.35,419.7,421.84,9919,418425980000.0,645.0,6128.0,0.6178
2020-10-07,GEPIL,EQ,419.7,420.0,425.55,416.05,416.2,417.45,419.88,8181,343507030000.0,779.0,4568.0,0.5584
2020-10-08,GEPIL,EQ,417.45,419.55,424.4,415.0,417.95,415.85,417.99,7176,299952205000.0,670.0,4599.0,0.6409
2020-10-09,GEPIL,EQ,415.85,417.95,418.05,408.0,410.45,410.65,411.82,11709,482196850000.0,1009.0,7081.0,0.6047
2020-10-12,GEPIL,EQ,410.65,412.75,425.0,410.0,412.0,412.95,416.43,16573,690141290000.0,1446.0,6739.0,0.40659999999999996
2020-10-13,GEPIL,EQ,412.95,417.8,417.8,407.6,407.8,408.35,409.83,6616,271142770000.00003,686.0,3517.0,0.5316
2020-10-14,GEPIL,EQ,408.35,408.35,408.35,391.1,397.5,396.35,397.39,75567,3002929400000.0,2687.0,15057.0,0.1993
2020-10-15,GEPIL,EQ,396.35,397.0,400.75,383.0,387.9,385.05,389.17,23835,927578755000.0001,1918.0,16282.0,0.6831
2020-10-16,GEPIL,EQ,385.05,385.05,393.5,379.95,382.95,382.35,384.38,18350,705333890000.0,2004.0,12636.0,0.6886
2020-10-19,GEPIL,EQ,382.35,384.3,391.45,375.7,378.8,378.1,384.24,34001,1306471085000.0,2496.0,12929.0,0.3803
2020-10-20,GEPIL,EQ,378.1,379.95,385.95,375.0,377.95,377.15,380.49,18069,687499775000.0,1031.0,9396.0,0.52
2020-10-21,GEPIL,EQ,377.15,379.05,385.0,379.05,383.7,383.2,382.99,9732,372730290000.0,680.0,4981.0,0.5118
2020-10-22,GEPIL,EQ,383.2,383.7,395.45,383.65,392.9,392.95,392.39,21147,829792380000.0,1246.0,15223.0,0.7199
2020-10-23,GEPIL,EQ,392.95,394.95,400.0,382.2,388.45,387.65,391.62,19687,770989710000.0,1654.0,10389.0,0.5277000000000001
2020-10-26,GEPIL,EQ,387.65,389.5,391.0,366.0,369.8,368.6,373.41,44536,1663023135000.0,2912.0,36681.0,0.8236
2020-10-27,GEPIL,EQ,368.6,370.45,371.2,297.0,298.7,301.0,314.61,911768,28684945550000.0,35475.0,405586.0,0.4448
2020-10-28,GEPIL,EQ,301.0,307.4,311.35,243.1,249.4,249.05,271.21,2572844,69778077354999.99,88145.0,669652.0,0.26030000000000003
2020-10-29,GEPIL,EQ,249.05,249.0,265.5,225.35,227.95,227.7,243.52,1937382,47178980375000.0,46981.0,423409.0,0.21850000000000003
2020-10-30,GEPIL,EQ,227.7,230.9,230.95,204.95,204.95,204.95,213.69,1379098,29470086105000.0,54688.0,479007.0,0.3473
2020-11-02,GEPIL,EQ,204.95,205.95,223.0,198.35,200.9,201.9,208.48,1325598,27635407170000.0,40766,449719,0.3393
2020-11-03,GEPIL,EQ,201.9,205.0,208.0,183.0,186.9,185.7,194.27,975744,18955371540000.0,33771,403701,0.41369999999999996
2020-11-04,GEPIL,EQ,185.7,186.95,194.95,177.1,194.95,194.25,189.27,1404902,26590256875000.0,27953,549849,0.3914
2020-11-05,GEPIL,EQ,194.25,197.55,203.95,192.0,203.95,203.95,200.01,554277,11086025005000.0,9054,247194,0.446
2020-11-06,GEPIL,EQ,203.95,206.5,214.1,205.0,214.1,214.1,211.08,424048,8951012190000.0,8919,220984,0.5211
2020-11-09,GEPIL,EQ,214.1,222.0,224.8,220.0,224.8,224.8,223.79,102454,2292805285000.0,1237,84959,0.8292
2020-11-10,GEPIL,EQ,224.8,236.0,236.0,236.0,236.0,236.0,236.0,71624,1690326400000.0,593,71617,0.9999
2020-11-11,GEPIL,EQ,236.0,239.0,239.0,224.2,225.85,226.4,228.96,618259,14155887310000.0,12820,314492,0.5086999999999999
2020-11-12,GEPIL,EQ,226.4,237.7,237.7,230.8,237.7,237.7,236.14,290943,6870208270000.0,3398,125617,0.4318
2020-11-13,GEPIL,EQ,237.7,239.95,249.55,239.0,249.55,249.55,246.95,128512,3173667265000.0,2015,92925,0.7231000000000001
2020-11-14,GEPIL,EQ,249.55,262.0,262.0,262.0,262.0,262.0,262.0,47001,1231426200000.0,394,45001,0.9573999999999999
2020-11-17,GEPIL,EQ,262.0,271.7,275.1,263.0,275.1,275.1,271.94,679149,18468799090000.0,9683,316057,0.4654
2020-11-18,GEPIL,EQ,275.1,283.4,288.85,281.0,288.85,288.85,286.74,112095,3214207015000.0,1282,80831,0.7211
2020-11-19,GEPIL,EQ,288.85,302.0,303.25,296.2,303.25,303.25,302.57,296232,8963137765000.0,2679,187867,0.6342
2020-11-20,GEPIL,EQ,303.25,316.0,318.4,315.0,318.4,318.4,317.38,115645,3670309325000.0,1479,75376,0.6518
2020-11-23,GEPIL,EQ,318.4,334.3,334.3,334.3,334.3,334.3,334.3,29733,993974190000.0,479,29732,1.0
2020-11-24,GEPIL,EQ,334.3,351.0,351.0,317.6,317.6,317.6,328.76,755700,24844260860000.0,8568,329694,0.4363
2020-11-25,GEPIL,EQ,317.6,301.75,301.75,301.75,301.75,301.75,301.75,29546,891550550000.0,920,29512,0.9988
2020-11-26,GEPIL,EQ,301.75,286.7,286.7,286.7,286.7,286.7,286.7,46926,1345368420000.0,1199,46926,1.0
2020-11-27,GEPIL,EQ,286.7,283.0,301.0,272.4,272.4,274.1,287.12,1298259,37275087305000.0,20501,683019,0.5261
2020-12-01,GEPIL,EQ,274.1,265.1,280.0,265.0,272.55,273.5,273.54,363931,9954888655000.0,8838,199776,0.5489
2020-12-02,GEPIL,EQ,273.5,278.5,280.0,271.0,279.4,278.4,276.39,226573,6262178100000.0,6955,163801,0.723
2020-12-03,GEPIL,EQ,278.4,281.0,284.5,277.95,279.05,279.35,280.82,202513,5686995375000.0,7449,137496,0.6789000000000001
2020-12-04,GEPIL,EQ,279.35,282.0,284.0,274.5,281.1,281.9,280.49,248349,6965839945000.0,7016,167818,0.6757
2020-12-07,GEPIL,EQ,281.9,284.95,295.95,277.55,286.35,286.3,286.93,276055,7920857220000.0,12003,175413,0.6354
2020-12-08,GEPIL,EQ,286.3,290.0,295.0,281.0,283.8,283.05,287.88,303353,8732822055000.0,10860,182024,0.6
2020-12-09,GEPIL,EQ,283.05,283.0,287.4,281.2,282.0,282.15,283.37,158603,4494314435000.0,4458,114716,0.7232999999999999
2020-12-10,GEPIL,EQ,282.15,283.5,285.0,275.0,279.65,278.55,278.34,91452,2545508950000.0,4467,57500,0.6287
2020-12-11,GEPIL,EQ,278.55,284.65,292.45,280.0,292.45,291.2,287.86,272680,7849471540000.001,6276,202363,0.7421
2020-12-14,GEPIL,EQ,291.2,298.4,305.75,295.0,305.75,305.75,303.7,654178,19867700330000.0,10105,328082,0.5015
2020-12-15,GEPIL,EQ,305.75,308.8,308.8,298.0,300.9,301.0,302.8,287827,8715273870000.0,8076,183628,0.638
2020-12-16,GEPIL,EQ,301.0,305.0,305.55,302.0,303.2,303.1,303.63,93596,2841902030000.0,2632,59511,0.6358
2020-12-17,GEPIL,EQ,303.1,303.0,313.3,300.0,301.95,301.15,305.3,176689,5394365785000.0,6298,99717,0.5644
2020-12-18,GEPIL,EQ,301.15,306.8,306.8,290.0,295.7,295.85,295.88,176020,5208137415000.0,5399,109215,0.6204999999999999
2020-12-21,GEPIL,EQ,295.85,295.85,295.85,281.1,281.1,281.1,288.7,138820,4007734004999.9995,5081,109989,0.7923
2020-12-22,GEPIL,EQ,281.1,270.6,280.0,267.05,275.85,275.85,270.76,204312,5531970865000.0,5358,113006,0.5531
2020-12-23,GEPIL,EQ,275.85,276.0,284.5,276.0,283.0,282.3,281.65,67043,1888275330000.0,2560,41150,0.6138
2020-12-24,GEPIL,EQ,282.3,283.9,291.0,280.65,285.95,284.35,286.4,73682,2110225114999.9998,2745,45042,0.6113000000000001
2020-12-28,GEPIL,EQ,284.35,290.0,290.0,282.3,283.0,283.9,285.36,73309,2091915305000.0,2035,48197,0.6574
2020-12-29,GEPIL,EQ,283.9,288.0,288.0,280.0,282.0,282.05,283.87,73545,2087736264999.9998,2190,43614,0.593
2020-12-30,GEPIL,EQ,282.05,285.0,286.0,277.1,285.0,285.05,283.61,68794,1951093714999.9998,2362,46955,0.6825
2020-12-31,GEPIL,EQ,285.05,287.0,290.0,283.7,289.0,289.05,287.88,90254,2598273385000.0,2233,70689,0.7831999999999999
2021-01-01,GEPIL,EQ,289.05,289.8,293.0,289.5,290.25,291.45,290.78,67343,1958188510000.0002,1913,44092,0.6547
2021-01-04,GEPIL,EQ,291.45,290.0,295.0,282.1,290.9,291.2,291.28,99278,2891776050000.0,2741,66917,0.674
2021-01-05,GEPIL,EQ,291.2,290.0,300.0,286.5,288.8,287.65,290.09,211928,6147768145000.0,3760,179841,0.8486
2021-01-06,GEPIL,EQ,287.65,290.15,294.4,287.1,287.55,288.5,291.22,130577,3802620240000.0,4817,91539,0.701
2021-01-07,GEPIL,EQ,288.5,290.4,293.45,289.5,290.1,290.65,290.94,49675,1445227775000.0,1739,34020,0.6849
2021-01-08,GEPIL,EQ,290.65,293.5,294.0,289.75,290.6,290.5,291.72,106426,3104662715000.0,2922,77605,0.7292000000000001
2021-01-11,GEPIL,EQ,290.5,291.0,292.75,285.0,290.1,290.1,289.6,85072,2463669820000.0,3134,49303,0.5795
2021-01-12,GEPIL,EQ,290.1,290.0,291.8,286.1,287.65,287.5,288.2,57477,1656512655000.0,2334,38958,0.6778000000000001
2021-01-13,GEPIL,EQ,287.5,290.95,290.95,285.2,287.15,287.55,288.53,68954,1989559175000.0,2805,45991,0.667
2021-01-14,GEPIL,EQ,287.55,287.25,290.0,286.8,286.9,287.2,287.68,48808,1404129825000.0,1768,30904,0.6332
2021-01-15,GEPIL,EQ,287.2,289.9,289.9,281.1,281.75,281.6,283.41,63560,1801364025000.0,2166,46189,0.7267
2021-01-18,GEPIL,EQ,281.6,281.75,283.2,270.0,272.5,272.95,275.49,79012,2176679430000.0,2478,55263,0.6994
2021-01-19,GEPIL,EQ,272.95,278.7,286.55,275.05,280.1,280.7,282.78,94507,2672505940000.0,2641,47607,0.5037
2021-01-20,GEPIL,EQ,280.7,282.05,286.9,272.0,277.0,278.15,282.03,125485,3539017835000.0,3901,38074,0.3034
2021-01-21,GEPIL,EQ,278.15,278.2,284.0,275.0,276.7,276.1,278.74,51880,1446118415000.0,1632,31061,0.5987
2021-01-22,GEPIL,EQ,276.1,276.1,279.2,271.8,273.6,272.7,274.89,45876,1261090435000.0,1463,30580,0.6666
2021-01-25,GEPIL,EQ,272.7,275.05,275.05,267.1,272.0,269.6,272.05,75938,2065928864999.9998,2242,48038,0.6325999999999999
2021-01-27,GEPIL,EQ,269.6,272.95,275.45,261.7,264.95,264.4,265.22,57784,1532559865000.0,2497,30979,0.5361
2021-01-28,GEPIL,EQ,264.4,264.95,272.35,260.6,268.0,267.85,267.56,68715,1838530870000.0,2594,35457,0.516
2021-01-29,GEPIL,EQ,267.85,269.65,271.7,265.1,265.7,266.4,267.99,50126,1343323890000.0,1722,26051,0.5197
2021-02-01,GEPIL,EQ,266.4,266.4,274.5,263.1,270.7,270.65,269.62,58522,1577855350000.0,2493,29166,0.49840000000000007
2021-02-02,GEPIL,EQ,270.65,276.0,284.15,271.0,282.0,282.25,280.2,191652,5370090990000.0,3899,79755,0.4161
2021-02-03,GEPIL,EQ,282.25,284.7,295.45,278.35,286.9,288.35,290.04,263197,7633867800000.0,5434,126455,0.4805
2021-02-04,GEPIL,EQ,288.35,289.95,295.0,286.0,288.15,288.85,290.48,165676,4812549700000.0,3456,90678,0.5473
2021-02-05,GEPIL,EQ,288.85,294.0,296.7,288.85,292.5,291.15,292.44,265191,7755253025000.0,5941,139153,0.5246999999999999
2021-02-08,GEPIL,EQ,291.15,294.0,297.0,291.0,294.0,293.75,294.58,149154,4393844690000.0,3693,86347,0.5789
2021-02-09,GEPIL,EQ,293.75,296.95,297.0,280.3,282.0,281.15,287.22,259258,7446308370000.0,5340,143431,0.5532
2021-02-10,GEPIL,EQ,281.15,283.0,287.5,280.85,283.85,283.8,284.28,67048,1906072945000.0,2074,26144,0.3899
2021-02-11,GEPIL,EQ,283.8,285.0,286.85,278.55,280.9,280.0,281.73,89708,2527322570000.0,3334,54533,0.6079
2021-02-12,GEPIL,EQ,280.0,281.5,284.75,278.2,279.8,279.2,281.02,59651,1676325710000.0,1501,38865,0.6515000000000001
2021-02-15,GEPIL,EQ,279.2,280.7,283.5,277.8,278.0,278.3,279.69,61881,1730730930000.0,1578,37597,0.6076
2021-02-16,GEPIL,EQ,278.3,278.0,280.35,274.05,274.95,275.0,275.95,53558,1477938485000.0,1477,35841,0.6692
2021-02-17,GEPIL,EQ,275.0,275.0,278.55,273.75,275.9,275.6,275.93,57890,1597383825000.0,1369,32201,0.5562
2021-02-18,GEPIL,EQ,275.6,277.1,279.9,274.0,275.0,274.7,276.19,90205,2491339605000.0,2460,56887,0.6306
2021-02-19,GEPIL,EQ,274.7,277.95,286.8,274.65,280.4,279.7,281.26,127016,3572403160000.0,3072,58282,0.45890000000000003
2021-02-22,GEPIL,EQ,279.7,281.5,283.5,275.5,276.0,276.7,278.92,56390,1572824235000.0,1654,35723,0.6335000000000001
2021-02-23,GEPIL,EQ,276.7,278.2,279.7,274.7,275.25,276.35,277.68,47683,1324074500000.0,1263,28208,0.5916
2021-02-24,GEPIL,EQ,276.35,277.8,279.0,275.0,277.1,276.75,277.26,21955,608729700000.0,781,16499,0.7515000000000001
2021-02-25,GEPIL,EQ,276.75,278.2,284.4,277.35,278.0,278.85,279.8,136499,3819230545000.0005,2664,39384,0.28850000000000003
2021-02-26,GEPIL,EQ,278.85,275.9,278.35,272.0,275.0,274.6,275.47,56387,1553301210000.0,1800,35029,0.6212
2021-03-01,GEPIL,EQ,274.6,273.2,279.6,273.2,276.9,276.3,276.79,73481,2033915714999.9998,2299,38540,0.5245000000000001
2021-03-02,GEPIL,EQ,276.3,279.95,291.65,276.35,288.45,287.75,285.81,259838,7426341665000.001,5647,115120,0.443
2021-03-03,GEPIL,EQ,287.75,290.0,293.0,285.4,287.25,286.95,288.56,148807,4293944025000.0,4090,93073,0.6255
2021-03-04,GEPIL,EQ,286.95,286.0,303.8,283.2,296.0,296.75,297.27,463413,13775770835000.0,10170,205455,0.4434
2021-03-05,GEPIL,EQ,296.75,299.0,314.0,297.0,302.0,302.45,305.84,610707,18677757550000.0,17209,236242,0.38680000000000003
2021-03-08,GEPIL,EQ,302.45,305.0,309.8,300.25,301.0,301.85,305.62,198975,6081121830000.0,7995,70237,0.353
2021-03-09,GEPIL,EQ,301.85,302.5,304.8,291.05,292.0,292.35,295.93,134610,3983526135000.0,3697,79326,0.5893
2021-03-10,GEPIL,EQ,292.35,295.0,295.0,286.4,289.55,288.1,290.13,86758,2517101780000.0,3492,49029,0.5651
2021-03-12,GEPIL,EQ,288.1,294.0,294.0,283.7,285.5,285.6,288.88,76846,2219953605000.0,2498,41988,0.5464
2021-03-15,GEPIL,EQ,285.6,285.6,292.0,281.3,284.95,284.1,286.5,111873,3205111650000.0,3788,47270,0.4225
2021-03-16,GEPIL,EQ,284.1,284.3,294.0,282.25,284.75,284.15,288.74,189759,5479138295000.0,8494,56675,0.2987
2021-03-17,GEPIL,EQ,284.15,281.5,288.9,276.35,278.0,278.2,283.25,94922,2688691915000.0,4089,42580,0.4486
2021-03-18,GEPIL,EQ,278.2,279.1,282.3,236.5,274.0,262.4,268.14,153605,4118770840000.0,5558,68362,0.4451
2021-03-19,GEPIL,EQ,262.4,269.8,273.0,260.1,268.0,268.9,265.52,97437,2587151530000.0,3098,42837,0.4396
2021-03-22,GEPIL,EQ,268.9,268.0,272.6,266.15,268.9,270.45,270.13,46412,1253724415000.0,1722,26645,0.5740999999999999
2021-03-23,GEPIL,EQ,270.45,271.8,279.9,269.1,278.9,278.5,276.19,73915,2041452430000.0,2062,49779,0.6735
2021-03-24,GEPIL,EQ,278.5,278.0,278.0,267.3,270.4,270.4,274.17,45541,1248590395000.0,1682,31587,0.6936
2021-03-25,GEPIL,EQ,270.4,271.95,273.75,262.3,270.1,269.0,267.23,90601,2421116225000.0,2371,57192,0.6313000000000001
2021-03-26,GEPIL,EQ,269.0,273.0,279.5,272.05,275.2,277.6,275.85,111568,3077605280000.0,5475,64767,0.5805
2021-03-30,GEPIL,EQ,277.6,278.0,284.05,270.6,278.3,279.95,275.75,100952,2783710255000.0,3310,63859,0.6325999999999999
2021-03-31,GEPIL,EQ,279.95,283.0,288.7,275.3,288.55,287.0,283.09,108287,3065517190000.0,3493,73936,0.6828000000000001
2021-04-01,GEPIL,EQ,287.0,288.5,290.6,284.0,285.0,286.05,286.97,55821,1601901880000.0,2325,30335,0.5434
2021-04-05,GEPIL,EQ,286.05,285.1,285.1,276.1,280.0,277.55,279.29,47132,1316334830000.0,1646,22269,0.47250000000000003
2021-04-06,GEPIL,EQ,277.55,275.2,280.6,275.0,276.95,276.6,277.47,32320,896788385000.0,1352,16735,0.5178
2021-04-07,GEPIL,EQ,276.6,278.1,282.0,275.15,277.15,276.6,277.47,28693,796146050000.0,1059,16558,0.5771000000000001
2021-04-08,GEPIL,EQ,276.6,279.9,279.9,274.35,275.6,275.1,275.99,47903,1322064495000.0,1419,30732,0.6415000000000001
2021-04-09,GEPIL,EQ,275.1,276.0,276.0,272.8,274.0,273.55,273.68,41112,1125147000000.0,1394,27030,0.6575
2021-04-12,GEPIL,EQ,273.55,271.0,271.3,260.0,261.25,261.6,262.68,80918,2125540314999.9998,2881,51276,0.6337
2021-04-13,GEPIL,EQ,261.6,260.0,266.0,258.85,259.85,259.7,261.03,47773,1247009185000.0,1851,32381,0.6778000000000001
2021-04-15,GEPIL,EQ,259.7,260.0,263.9,255.0,255.95,255.5,257.72,64674,1666757010000.0,2378,40768,0.6304
2021-04-16,GEPIL,EQ,255.5,256.8,260.1,256.0,258.0,257.2,257.87,63381,1634376295000.0,1868,32503,0.5128
2021-04-19,GEPIL,EQ,257.2,260.0,260.0,244.1,245.3,246.3,249.09,60214,1499875420000.0,3129,34920,0.5799000000000001
2021-04-20,GEPIL,EQ,246.3,249.8,252.75,247.1,249.0,248.65,250.07,47507,1188022640000.0,1820,28511,0.6001
2021-04-22,GEPIL,EQ,248.65,250.9,252.5,249.05,250.55,250.95,250.92,39800,998672844999.9999,1626,22193,0.5576
2021-04-23,GEPIL,EQ,250.95,251.0,259.0,250.2,255.65,255.95,255.75,62677,1602981285000.0,2281,30679,0.48950000000000005
2021-04-26,GEPIL,EQ,255.95,257.3,260.55,253.1,254.05,254.1,255.78,22550,576791945000.0,1242,13698,0.6075
2021-04-27,GEPIL,EQ,254.1,254.0,258.75,253.65,257.3,257.9,256.93,30935,794815870000.0,1562,15156,0.48990000000000006
2021-04-28,GEPIL,EQ,257.9,258.0,274.05,257.7,262.4,263.3,266.0,199477,5306045250000.0,6496,61239,0.307
2021-04-29,GEPIL,EQ,263.3,266.5,266.5,261.0,264.6,263.85,263.88,44673,1178844115000.0,2048,22714,0.5085000000000001
2021-04-30,GEPIL,EQ,263.85,261.05,265.45,258.8,259.5,259.9,262.66,50783,1333864485000.0,3160,29300,0.5770000000000001
2021-05-03,GEPIL,EQ,259.9,255.15,261.65,255.15,258.0,258.45,258.64,41171,1064853100000.0,1388,21831,0.5303
2021-05-04,GEPIL,EQ,258.45,255.1,263.7,255.1,257.1,256.65,259.34,45265,1173900675000.0,1867,20926,0.4623
2021-05-05,GEPIL,EQ,256.65,258.8,272.05,256.3,270.4,270.65,267.73,143014,3828961360000.0,5144,68029,0.4757
2021-05-06,GEPIL,EQ,270.65,268.0,272.65,263.5,263.5,264.35,265.59,112088,2976956735000.0,3493,67805,0.6049
2021-05-07,GEPIL,EQ,264.35,263.2,265.0,261.55,263.0,262.25,263.11,48450,1274763915000.0,1467,30315,0.6257
2021-05-10,GEPIL,EQ,262.25,262.0,265.5,257.8,260.0,259.65,260.64,120515,3141108325000.0,4022,81457,0.6759000000000001
2021-05-11,GEPIL,EQ,259.65,257.0,268.7,257.0,259.7,259.85,261.51,200038,5231159230000.0,7628,92342,0.46159999999999995
2021-05-12,GEPIL,EQ,259.85,265.0,265.0,257.05,258.45,258.25,260.27,192154,5001161370000.0,4306,112563,0.5858
2021-05-14,GEPIL,EQ,258.25,256.2,262.35,256.2,257.5,257.2,258.75,73314,1897029725000.0,2552,43523,0.5937
2021-05-17,GEPIL,EQ,257.2,258.5,264.8,257.45,258.7,258.45,260.37,119314,3106526795000.0,3643,67871,0.5688000000000001
2021-05-18,GEPIL,EQ,258.45,260.5,262.0,258.3,262.0,259.05,259.63,77852,2021236820000.0,1919,45986,0.5907
2021-05-19,GEPIL,EQ,259.05,260.0,261.15,257.8,259.0,259.15,259.55,81015,2102780614999.9998,2014,46792,0.5776
2021-05-20,GEPIL,EQ,259.15,262.7,262.7,254.3,254.8,255.0,256.88,125565,3225526060000.0,2463,83973,0.6688
2021-05-21,GEPIL,EQ,255.0,255.1,271.65,255.1,266.65,266.75,264.66,401381,10622921545000.0,10899,170287,0.4243
2021-05-24,GEPIL,EQ,266.75,268.95,275.3,268.75,271.5,271.9,272.54,252962,6894136665000.001,7135,120496,0.47630000000000006
2021-05-25,GEPIL,EQ,271.9,274.5,274.5,267.5,269.5,268.45,271.5,100474,2727850555000.0,4460,58249,0.5797
2021-05-26,GEPIL,EQ,268.45,269.8,295.5,269.25,292.0,289.2,287.53,954305,27439068710000.004,22774,312939,0.3279
2021-05-27,GEPIL,EQ,289.2,294.25,305.95,291.0,298.0,295.3,299.56,832041,24924665140000.0,21873,286111,0.34390000000000004
2021-05-28,GEPIL,EQ,295.3,298.2,298.9,285.35,290.0,289.5,291.41,313953,9148837500000.0,8983,154039,0.49060000000000004
2021-05-31,GEPIL,EQ,289.5,290.0,292.0,281.85,282.8,283.7,286.19,126623,3623828645000.0005,4697,70182,0.5543
2021-06-01,GEPIL,EQ,283.7,288.0,288.0,277.1,280.5,280.6,281.32,111240,3129351065000.0,3900,56097,0.5043
2021-06-02,GEPIL,EQ,280.6,282.0,292.0,279.55,288.0,288.05,288.36,216767,6250599190000.0,6772,109173,0.5036
2021-06-03,GEPIL,EQ,288.05,291.0,295.0,289.45,292.35,292.2,292.59,197261,5771660280000.0,4201,119333,0.6049
2021-06-04,GEPIL,EQ,292.2,295.0,317.5,293.25,306.6,307.75,309.71,1722528,53348693850000.0,30548,457157,0.26539999999999997
2021-06-07,GEPIL,EQ,307.75,311.7,336.8,310.1,328.5,328.6,328.15,1963581,64435746115000.0,44336,562743,0.2866
2021-06-08,GEPIL,EQ,328.6,334.0,343.95,330.6,334.8,333.5,337.07,994578,33523797060000.004,22085,324690,0.3265
2021-06-09,GEPIL,EQ,333.5,338.9,342.4,319.5,324.0,322.3,332.58,627999,20885756135000.0,15633,205696,0.3275
2021-06-10,GEPIL,EQ,322.3,324.8,330.9,324.75,326.45,326.2,326.99,204451,6685351180000.0,5483,87126,0.4261
2021-06-11,GEPIL,EQ,326.2,329.0,332.05,318.2,322.55,320.35,323.48,221645,7169729859999.999,7332,104040,0.4694
2021-06-14,GEPIL,EQ,320.35,321.95,324.0,305.55,319.85,318.0,314.96,205886,6484500050000.0,5950,75558,0.36700000000000005
2021-06-15,GEPIL,EQ,318.0,322.0,324.0,316.0,319.0,318.15,320.63,170518,5467322350000.0,4110,76923,0.4511
2021-06-16,GEPIL,EQ,318.15,324.0,340.0,318.2,331.95,331.75,332.1,889877,29552462155000.0,24553,235225,0.2643
2021-06-17,GEPIL,EQ,331.75,329.8,348.0,328.55,345.0,342.55,341.81,1230648,42064605690000.0,34252,357981,0.2909
2021-06-18,GEPIL,EQ,342.55,347.0,354.2,320.0,347.0,346.95,341.88,1095164,37441582690000.0,24580,311607,0.2845
2021-06-21,GEPIL,EQ,346.95,347.65,367.9,341.5,359.0,358.25,357.52,1469169,52525100930000.0,34211,382413,0.26030000000000003
2021-06-22,GEPIL,EQ,358.25,363.8,372.0,343.35,354.9,352.0,362.98,1031206,37430884090000.0,25450,352097,0.34140000000000004
2021-06-23,GEPIL,EQ,352.0,358.95,358.95,335.0,339.05,336.9,343.49,979314,33638432010000.004,26899,412217,0.42090000000000005
2021-06-24,GEPIL,EQ,336.9,344.0,344.0,330.65,332.75,333.5,335.88,346861,11650232305000.0,9050,91221,0.263
2021-06-25,GEPIL,EQ,333.5,336.45,340.0,326.0,328.0,328.3,333.25,349721,11654471255000.0,9393,95289,0.2725
2021-06-28,GEPIL,EQ,328.3,330.0,345.0,326.15,344.3,342.3,335.38,462723,15518934165000.0,11958,171865,0.3714
2021-06-29,GEPIL,EQ,342.3,344.95,344.95,333.3,339.45,339.5,339.88,401553,13648071394999.998,8178,169926,0.4232
2021-06-30,GEPIL,EQ,339.5,340.0,356.0,337.15,354.5,353.4,350.65,756752,26535671510000.0,15573,225869,0.29850000000000004
2021-07-01,GEPIL,EQ,353.4,356.0,357.8,346.15,347.6,348.4,350.44,213137,7469071305000.0,5966,75840,0.3558
