Date,Open,High,Low,Close,Volume,Turnover
2004-01-01,,,,1000.0,20180446.0,3005299999.9999995
2004-01-02,,,,1053.26,21665983.0,3306100000.0
2004-01-05,,,,1062.47,24346272.0,3916400000.0
2004-01-06,,,,1069.26,28296835.0,5080900000.0
2004-01-07,,,,1060.76,21119393.0,3967700000.0
2004-01-08,,,,1112.24,18670856.0,3398100000.0
2004-01-09,,,,1116.63,28288799.0,5794000000.0
2004-01-12,,,,1103.55,18072795.0,3505299999.9999995
2004-01-13,,,,1113.04,15338594.0,3402300000.0
2004-01-14,,,,1128.77,19941739.0,4044500000.0
2004-01-15,,,,1097.77,19798162.0,3652799999.9999995
2004-01-16,,,,1062.16,17174004.0,3731500000.0
2004-01-19,,,,1068.08,15913999.0,3253200000.0
2004-01-20,,,,1059.31,21593375.0,4049200000.0
2004-01-21,,,,1013.81,22474443.0,4269100000.0000005
2004-01-22,,,,985.94,23551464.0,4330700000.0
2004-01-23,,,,1036.46,20199576.0,3075500000.0
2004-01-27,,,,1107.61,27674204.0,4647000000.0
2004-01-28,,,,1071.19,24376312.0,3959000000.0
2004-01-29,,,,1065.96,16820762.0,3420400000.0
2004-01-30,,,,1029.02,16000192.0,2960500000.0
2004-02-03,,,,996.48,23000417.0,4483900000.0
2004-02-04,,,,1029.3,17744692.0,3671800000.0
2004-02-05,,,,1017.36,17568804.0,3449800000.0
2004-02-06,,,,1047.45,14895516.0,3011800000.0
2004-02-09,,,,1069.63,14587588.0,3009600000.0
2004-02-10,,,,1068.68,18802957.0,3964200000.0
2004-02-11,,,,1085.25,11918305.0,2401000000.0
2004-02-12,,,,1107.13,18138023.0,3723600000.0
2004-02-13,,,,1121.05,16759383.0,3370299999.9999995
2004-02-16,,,,1143.99,19927386.0,4492800000.0
2004-02-17,,,,1143.05,13481977.0,3170700000.0
2004-02-18,,,,1137.82,11474566.0,2984500000.0
2004-02-19,,,,1108.55,12260454.0,2893900000.0
2004-02-20,,,,1104.88,14371194.0,3520899999.9999995
2004-02-23,,,,1093.67,11507610.0,3231000000.0
2004-02-24,,,,1098.48,14203131.0,3456000000.0
2004-02-25,,,,1079.4,10625578.0,2920100000.0
2004-02-26,,,,1062.57,12446893.0,3211100000.0
2004-02-27,,,,1078.85,13451654.0,3510400000.0
2004-03-01,,,,1144.71,21000365.0,4528100000.0
2004-03-03,,,,1135.14,18697962.0,4713600000.0
2004-03-04,,,,1128.29,14964968.0,4254000000.0
2004-03-05,,,,1145.48,17279043.0,4526900000.0
2004-03-08,,,,1157.89,16446977.0,3904300000.0
2004-03-09,,,,1155.44,14962675.0,4092300000.0
2004-03-10,,,,1150.9,16670495.0,4203300000.0
2004-03-11,,,,1116.53,12818331.0,3540600000.0
2004-03-12,,,,1116.0,14191085.0,3457400000.0
2004-03-15,,,,1091.82,14297803.0,3632500000.0
2004-03-16,,,,1066.57,15278931.0,3255400000.0
2004-03-17,,,,1062.42,10351393.0,2383700000.0
2004-03-18,,,,1044.52,9086952.0,2065000000.0
2004-03-19,,,,1034.93,11252079.0,2341500000.0
2004-03-22,,,,1005.53,9820622.0,1947600000.0
2004-03-23,,,,1008.95,10140167.0,1999300000.0
2004-03-24,,,,1023.53,10209296.0,1949900000.0
2004-03-25,,,,1045.87,13534913.0,2676900000.0
2004-03-26,,,,1067.86,14633931.0,2606400000.0
2004-03-29,,,,1088.08,12142803.0,2438700000.0
2004-03-30,,,,1102.42,15681164.0,3106000000.0
2004-03-31,,,,1119.84,14390369.0,2916800000.0
2004-04-01,,,,1156.53,23332415.0,4345800000.0
2004-04-02,,,,1185.12,20902942.0,4638500000.0
2004-04-05,,,,1189.83,20855529.0,5041600000.0
2004-04-06,,,,1178.29,19087629.0,4220299999.9999995
2004-04-07,,,,1178.98,12576857.0,2826000000.0
2004-04-08,,,,1181.63,13953585.0,3111400000.0
2004-04-12,,,,1194.99,13013392.0,2654700000.0000005
2004-04-13,,,,1212.82,13467865.0,2796000000.0
2004-04-15,,,,1203.42,15786063.0,3002000000.0
2004-04-16,,,,1209.93,15373911.0,2861100000.0
2004-04-17,,,,1228.95,10131460.0,1464900000.0
2004-04-19,,,,1200.92,16894026.0,3095899999.9999995
2004-04-20,,,,1189.94,12912142.0,2975200000.0
2004-04-21,,,,1205.66,16362206.0,3236800000.0
2004-04-22,,,,1225.33,18555706.0,3801400000.0
2004-04-23,,,,1240.09,36139943.0,6034400000.000001
2004-04-27,,,,1172.6,22210924.0,3603900000.0
2004-04-28,,,,1165.7,18457973.0,3513300000.0
2004-04-29,,,,1168.65,19441233.0,3614200000.0
2004-04-30,,,,1161.58,18150892.0,2922000000.0
2004-05-03,,,,1132.65,13150324.0,2227900000.0
2004-05-04,,,,1152.56,11941574.0,2146500000.0
2004-05-05,,,,1171.31,14262408.0,2572900000.0
2004-05-06,,,,1182.3,19250674.0,2986800000.0
2004-05-07,,,,1163.23,28163250.0,3092400000.0
2004-05-10,,,,1143.82,28461077.0,3000800000.0
2004-05-11,,,,1092.25,22237704.0,2970500000.0
2004-05-12,,,,1099.48,18522458.0,2578200000.0
2004-05-13,,,,1098.48,35042123.0,4848100000.0
2004-05-14,,,,977.44,38314326.0,5237500000.0
2004-05-17,,,,841.11,22677834.0,2923100000.0
2004-05-18,,,,931.55,22915817.0,3026300000.0
2004-05-19,,,,980.01,25566178.0,3592200000.0000005
2004-05-20,,,,962.85,24848262.0,3208100000.0
2004-05-21,,,,946.73,18304422.0,3241100000.0
2004-05-24,,,,983.85,16106643.0,2831800000.0
2004-05-25,,,,966.8,14832950.0,2418800000.0
2004-05-26,,,,986.61,25563689.0,3554300000.0
2004-05-27,,,,974.27,17560973.0,3205800000.0
2004-05-28,,,,921.28,17699552.0,3014400000.0
2004-05-31,,,,888.39,15458669.0,2657799999.9999995
2004-06-01,,,,894.47,13935176.0,2223000000.0
2004-06-02,,,,912.09,15616246.0,3137300000.0
2004-06-03,,,,894.39,18742772.0,3355600000.0
2004-06-04,,,,896.21,17569076.0,3146100000.0
2004-06-07,,,,918.72,16494182.0,3017300000.0
2004-06-08,,,,934.75,16207256.0,3132799999.9999995
2004-06-09,,,,946.12,23833298.0,4849400000.0
2004-06-10,,,,954.1,23696256.0,3939900000.0
2004-06-11,,,,930.64,29512651.0,3971900000.0
2004-06-14,,,,906.18,16900209.0,2720500000.0
2004-06-15,,,,915.58,14833000.0,2829800000.0
2004-06-16,,,,914.64,13678341.0,2413600000.0
2004-06-17,,,,918.62,15175856.0,2482700000.0
2004-06-18,,,,915.15,19701911.0,3622000000.0
2004-06-21,,,,898.58,11210445.0,1928400000.0
2004-06-22,,,,905.22,13198631.0,2115300000.0
2004-06-23,,,,887.14,13476416.0,2589200000.0
2004-06-24,,,,882.01,22864828.0,4028200000.0
2004-06-25,,,,907.22,15156567.0,2465600000.0
2004-06-28,,,,930.02,12555721.0,2190600000.0
2004-06-29,,,,938.54,14153940.0,2621300000.0
2004-06-30,,,,941.86,16961117.0,2528900000.0
2004-07-01,,,,959.01,18834427.0,3382100000.0
2004-07-02,,,,964.09,18182603.0,2988200000.0
2004-07-05,,,,965.14,13079854.0,2125800000.0000002
2004-07-06,,,,986.82,16787218.0,3152500000.0
2004-07-07,,,,988.57,24063338.0,4392700000.0
2004-07-08,,,,977.2,59783343.0,7423099999.999999
2004-07-09,,,,1008.23,22820973.0,2798300000.0
2004-07-12,,,,1004.04,15412173.0,2100700000.0
2004-07-13,,,,1001.24,11135903.0,1836100000.0000002
2004-07-14,,,,991.8,12102666.0,2324800000.0
2004-07-15,,,,992.72,9606343.0,1706699999.9999998
2004-07-16,,,,1001.75,14366083.0,2044400000.0
2004-07-19,,,,1009.87,15076368.0,1977200000.0
2004-07-20,,,,1011.55,11535955.0,1560900000.0
2004-07-21,,,,1019.71,16669570.0,2226700000.0
2004-07-22,,,,1043.66,24320276.0,3316100000.0
2004-07-23,,,,1022.63,24906514.0,3633399999.9999995
2004-07-26,,,,1018.8,16753629.0,2434900000.0
2004-07-27,,,,1000.71,20993863.0,3204700000.0000005
2004-07-28,,,,993.78,14123371.0,2602000000.0
2004-07-29,,,,1005.62,17192540.0,2880299999.9999995
2004-07-30,,,,1022.41,21598031.0,3004300000.0
2004-08-02,,,,1027.72,15710693.0,1911600000.0
2004-08-03,,,,1020.97,15886491.0,2263400000.0
2004-08-04,,,,1021.47,16352341.0,2454300000.0
2004-08-05,,,,1030.22,18722908.0,2637100000.0
2004-08-06,,,,1022.52,13310021.0,2182700000.0
2004-08-09,,,,1038.01,19922021.0,2039500000.0
2004-08-10,,,,1048.97,21330913.0,2724700000.0000005
2004-08-11,,,,1035.35,18347121.0,2627500000.0
2004-08-12,,,,1036.35,13198446.0,1971100000.0000002
2004-08-13,,,,1018.45,15724361.0,2434800000.0
2004-08-16,,,,1011.81,11187304.0,2099500000.0
2004-08-17,,,,1021.67,10759231.0,1889600000.0
2004-08-18,,,,994.52,15326714.0,2275500000.0
2004-08-19,,,,1008.03,16055164.0,2590400000.0
2004-08-20,,,,992.63,11910824.0,2046500000.0
2004-08-23,,,,983.42,8368499.0,1339800000.0
2004-08-24,,,,986.17,12610475.0,1888600000.0000002
2004-08-25,,,,997.98,13773037.0,2017300000.0
2004-08-26,,,,1010.97,26274111.0,3629300000.0
2004-08-27,,,,1017.36,14644659.0,1867000000.0
2004-08-30,,,,1021.67,16588088.0,2214200000.0
2004-08-31,,,,1025.52,13218047.0,2070400000.0
2004-09-01,,,,1025.17,12872505.0,1708600000.0000002
2004-09-02,,,,1025.29,13613629.0,1952700000.0
2004-09-03,,,,1031.95,16194082.0,2985200000.0
2004-09-06,,,,1035.09,15673714.0,2304700000.0
2004-09-07,,,,1030.09,23351795.0,2358200000.0
2004-09-08,,,,1039.8,22363502.0,2417900000.0
2004-09-09,,,,1023.38,18246069.0,2447600000.0
2004-09-10,,,,1038.39,15199009.0,2156600000.0
2004-09-13,,,,1040.91,12373993.0,1781600000.0
2004-09-14,,,,1050.06,13100345.0,2101699999.9999998
2004-09-15,,,,1048.98,14554738.0,2377300000.0
2004-09-16,,,,1066.24,20937646.0,3092300000.0
2004-09-17,,,,1079.21,19640842.0,3364400000.0
2004-09-20,,,,1078.55,17462662.0,2644000000.0
2004-09-21,,,,1094.97,18528679.0,2672100000.0
2004-09-22,,,,1097.07,20897444.0,3046400000.0
2004-09-23,,,,1090.07,15046055.0,2343900000.0
2004-09-24,,,,1093.3,15374012.0,2322100000.0
2004-09-27,,,,1083.58,14269517.0,2400000000.0
2004-09-28,,,,1070.73,14775527.0,2314200000.0
2004-09-29,,,,1082.54,22267448.0,3339300000.0
2004-09-30,,,,1097.57,19178006.0,2946000000.0
2004-10-01,,,,1105.57,15612141.0,2319600000.0
2004-10-04,,,,1123.55,19326223.0,2901200000.0
2004-10-05,,,,1136.9,16628347.0,2854700000.0000005
2004-10-06,,,,1130.57,17418587.0,3031200000.0
2004-10-07,,,,1147.22,26405997.0,3724900000.0
2004-10-08,,,,1158.6,23894477.0,3230899999.9999995
2004-10-09,,,,1160.52,12898549.0,1180900000.0
2004-10-11,,,,1152.48,20327874.0,2491900000.0
2004-10-12,,,,1134.89,17793739.0,2623399999.9999995
2004-10-14,,,,1121.01,18761356.0,2762600000.0
2004-10-15,,,,1123.94,15823919.0,2266500000.0
2004-10-18,,,,1119.49,9691513.0,1551000000.0
2004-10-19,,,,1134.99,12238988.0,2098200000.0
2004-10-20,,,,1129.47,10141395.0,1799600000.0
2004-10-21,,,,1124.26,8052121.0,1691000000.0
2004-10-25,,,,1116.95,11694056.0,2138500000.0
2004-10-26,,,,1126.49,13418664.0,2756100000.0
2004-10-27,,,,1136.48,9954157.0,1749800000.0
2004-10-28,,,,1142.14,20258522.0,3203900000.0
2004-10-29,,,,1131.86,11510846.0,1968600000.0000002
2004-11-01,,,,1143.44,11445675.0,1913500000.0
2004-11-02,,,,1151.32,12802891.0,2236600000.0
2004-11-03,,,,1160.75,12660646.0,2139000000.0
2004-11-04,,,,1163.16,14230189.0,2208700000.0
2004-11-05,,,,1153.06,10922959.0,1693899999.9999998
2004-11-08,,,,1154.29,9492158.0,1546200000.0
2004-11-09,,,,1147.82,8853704.0,1514700000.0
2004-11-10,,,,1155.52,10345418.0,1687500000.0
2004-11-11,,,,1165.86,17327516.0,2780000000.0
2004-11-12,,,,1170.56,4821862.0,665300000.0
2004-11-16,,,,1166.84,11522817.0,2092700000.0
2004-11-17,,,,1166.4,12388363.0,2339100000.0
2004-11-18,,,,1170.14,12891834.0,2282500000.0
2004-11-19,,,,1165.79,16688915.0,2260100000.0
2004-11-22,,,,1171.71,12573292.0,2770899999.9999995
2004-11-23,,,,1189.04,19812820.0,3236600000.0000005
2004-11-24,,,,1195.02,17848548.0,2639000000.0
2004-11-25,,,,1192.28,17865436.0,3887799999.9999995
2004-11-29,,,,1210.35,17487417.0,4145600000.0
2004-11-30,,,,1221.35,24466422.0,5081000000.0
2004-12-01,,,,1239.41,23047429.0,4440100000.0
2004-12-02,,,,1257.98,21254107.0,4266900000.0
2004-12-03,,,,1259.29,48865574.0,5475300000.0
2004-12-06,,,,1244.01,32614049.0,3237900000.0
2004-12-07,,,,1235.26,22726747.0,3109400000.0
2004-12-08,,,,1244.87,30673821.0,4329800000.0
2004-12-09,,,,1254.28,16827877.0,3095600000.0
2004-12-10,,,,1246.56,21202212.0,3996800000.0
2004-12-13,,,,1257.28,14518997.0,3284400000.0
2004-12-14,,,,1288.26,24339962.0,4085500000.0
2004-12-15,,,,1324.11,49002528.0,5040000000.0
2004-12-16,,,,1336.76,70349713.0,6520200000.0
2004-12-17,,,,1303.29,51515697.0,4978100000.0
2004-12-20,,,,1310.99,36308071.0,3653800000.0
2004-12-21,,,,1327.15,37568621.0,3697799999.9999995
2004-12-22,,,,1333.88,35798663.0,3374700000.0000005
2004-12-23,,,,1344.65,19667758.0,2273800000.0
2004-12-24,,,,1347.0,54762636.0,3146900000.0
2004-12-27,,,,1355.4,71859782.0,3605299999.9999995
2004-12-28,,,,1372.6,69855981.0,4547900000.0
2004-12-29,,,,1369.26,72892266.0,4040899999.9999995
2004-12-30,,,,1370.34,44589776.0,3896000000.0
2004-12-31,,,,1383.98,27837510.0,2285800000.0
2005-01-03,,,,1429.77,33673880.0,4078100000.0
2005-01-04,,,,1427.07,65458938.0,5269500000.0
2005-01-05,,,,1366.86,53781500.0,5011900000.0
2005-01-06,,,,1347.38,60010451.0,4902300000.0
2005-01-07,,,,1350.39,39317916.0,4176500000.0
2005-01-10,,,,1333.16,30919027.0,3108700000.0
2005-01-11,,,,1300.19,28424677.0,2882100000.0
2005-01-12,,,,1265.86,37500685.0,3248600000.0
2005-01-13,,,,1310.09,42557686.0,3890200000.0
2005-01-14,,,,1294.82,28519461.0,3933300000.0
2005-01-17,,,,1298.64,22540206.0,2908700000.0
2005-01-18,,,,1301.9,24241730.0,3690700000.0
2005-01-19,,,,1294.71,14752176.0,2069700000.0
2005-01-20,,,,1272.44,22900356.0,2816100000.0
2005-01-24,,,,1259.27,19165408.0,2163700000.0
2005-01-25,,,,1279.01,18285952.0,2286700000.0
2005-01-27,,,,1303.02,51234342.0,4958700000.0
2005-01-28,,,,1345.0,38658396.0,4061400000.0
2005-01-31,,,,1387.13,36576713.0,5620700000.000001
2005-02-01,,,,1377.62,22820334.0,3863600000.0
2005-02-02,,,,1389.4,113950667.0,9387500000.0
2005-02-03,,,,1406.81,39800454.0,4240700000.0
2005-02-04,,,,1402.47,29444212.0,3853500000.0
2005-02-07,,,,1404.59,39774748.0,4406400000.0
2005-02-08,,,,1393.74,32665729.0,4199000000.0
2005-02-09,,,,1400.21,27843503.0,4027400000.0
2005-02-10,,,,1400.88,24196942.0,3435500000.0
2005-02-11,,,,1409.13,26917298.0,3395899999.9999995
2005-02-14,,,,1423.26,25367213.0,4139000000.0
2005-02-15,,,,1426.79,35359197.0,5189400000.000001
2005-02-16,,,,1416.42,32423820.0,4308600000.0
2005-02-17,,,,1413.32,25872796.0,3807600000.0
2005-02-18,,,,1425.72,31971823.0,4405100000.0
2005-02-21,,,,1411.95,22516156.0,3141700000.0
2005-02-22,,,,1417.01,24421015.0,3182300000.0
2005-02-23,,,,1433.72,43981725.0,4670500000.0
2005-02-24,,,,1431.04,50552602.0,5981400000.0
2005-02-25,,,,1429.76,31047599.0,4417500000.0
2005-02-28,,,,1444.35,32818465.0,4976300000.0
2005-03-01,,,,1442.62,21557613.0,4038800000.0
2005-03-02,,,,1458.43,33540266.0,5524500000.0
2005-03-03,,,,1469.16,26924087.0,3626500000.0
2005-03-04,,,,1476.68,40807710.0,4448300000.0
2005-03-07,,,,1461.06,31935723.0,4568900000.0
2005-03-08,,,,1470.52,26047113.0,4117700000.0
2005-03-09,,,,1456.07,24476275.0,3394000000.0
2005-03-10,,,,1451.11,20966868.0,2960800000.0
2005-03-11,,,,1451.04,20539102.0,3448399999.9999995
2005-03-14,,,,1439.79,15988382.0,2706600000.0000005
2005-03-15,,,,1418.63,19431175.0,2821200000.0
2005-03-16,,,,1403.24,14797630.0,2674600000.0
2005-03-17,,,,1374.87,14769015.0,2320100000.0
2005-03-18,,,,1381.4,23910956.0,3325500000.0
2005-03-21,,,,1377.82,17621737.0,2319800000.0
2005-03-22,,,,1349.23,18426186.0,2364300000.0
2005-03-23,,,,1332.55,23371284.0,3433300000.0
2005-03-24,,,,1324.53,21309466.0,2746800000.0
2005-03-28,,,,1335.84,19185960.0,2733200000.0
2005-03-29,,,,1310.39,22693863.0,2651500000.0
2005-03-30,,,,1313.98,21272833.0,2393800000.0
2005-03-31,,,,1330.53,32412112.0,3988500000.0
2005-04-01,,,,1373.66,30304554.0,3360600000.0
2005-04-04,,,,1365.04,23642723.0,3171200000.0
2005-04-05,,,,1365.15,21630187.0,3546600000.0000005
2005-04-06,,,,1362.38,26971623.0,2964400000.0
2005-04-07,,,,1353.87,21441446.0,2639300000.0
2005-04-08,,,,1349.3,22299809.0,3114800000.0
2005-04-11,,,,1335.58,13369849.0,1948000000.0
2005-04-12,,,,1347.09,12798653.0,2236100000.0
2005-04-13,,,,1348.47,19532332.0,3345400000.0
2005-04-15,,,,1324.31,17997032.0,2922200000.0000005
2005-04-18,,,,1313.08,21161659.0,3085700000.0
2005-04-19,,,,1320.21,19189860.0,3798600000.0
2005-04-20,,,,1329.8,14759478.0,3611000000.0
2005-04-21,,,,1347.27,17069247.0,4029400000.0
2005-04-22,,,,1354.93,15113993.0,3580700000.0
2005-04-25,,,,1366.84,12857999.0,2699100000.0000005
2005-04-26,,,,1362.41,14085958.0,2545800000.0
2005-04-27,,,,1345.31,12979251.0,2373800000.0
2005-04-28,,,,1331.86,28013924.0,4206400000.0
2005-04-29,,,,1326.56,18124790.0,3182000000.0
2005-05-02,,,,1325.3,10004636.0,1593200000.0
2005-05-03,,,,1336.25,9875837.0,1752500000.0
2005-05-04,,,,1349.6,10777763.0,2043100000.0
2005-05-05,,,,1358.8,14654825.0,2056699999.9999998
2005-05-06,,,,1361.89,10370793.0,1612000000.0
2005-05-09,,,,1383.19,17182766.0,2714300000.0
2005-05-10,,,,1384.39,21248899.0,2974500000.0
2005-05-11,,,,1379.31,13526173.0,3052200000.0000005
2005-05-12,,,,1380.62,11162965.0,3375100000.0
2005-05-13,,,,1379.29,16021067.0,3006500000.0
2005-05-16,,,,1398.11,13884755.0,2850500000.0
2005-05-17,,,,1382.11,11150115.0,2323600000.0
2005-05-18,,,,1376.55,11085848.0,2531900000.0
2005-05-19,,,,1381.57,7957765.0,1992400000.0
2005-05-20,,,,1380.49,7290115.0,1699100000.0
2005-05-23,,,,1392.42,8019031.0,1363700000.0
2005-05-24,,,,1394.02,7692194.0,1370200000.0
2005-05-25,,,,1396.79,7694058.0,1512900000.0
2005-05-26,,,,1405.41,23282849.0,4866200000.0
2005-05-27,,,,1400.75,15125762.0,3660200000.0
2005-05-30,,,,1394.36,10001679.0,1973400000.0
2005-05-31,,,,1405.71,14156145.0,3218700000.0
2005-06-01,,,,1406.72,9660877.0,2240000000.0
2005-06-02,,,,1394.31,9545726.0,2505000000.0
2005-06-03,,,,1407.86,8710045.0,2015700000.0
2005-06-04,,,,1405.7,5517064.0,918500000.0
2005-06-06,,,,1421.5,28408187.0,3666300000.0
2005-06-07,,,,1429.45,28860574.0,2621100000.0
2005-06-08,,,,1438.84,23776566.0,3193500000.0
2005-06-09,,,,1436.19,20367445.0,3456700000.0
2005-06-10,,,,1426.8,13864013.0,2514900000.0
2005-06-13,,,,1428.34,16040340.0,2578399999.9999995
2005-06-14,,,,1426.01,14114451.0,2916300000.0
2005-06-15,,,,1442.87,12328902.0,2922700000.0
2005-06-16,,,,1425.87,8427344.0,2392700000.0
2005-06-17,,,,1416.93,7532350.0,2112200000.0
2005-06-20,,,,1418.43,16903422.0,8113600000.0
2005-06-21,,,,1421.18,9982319.0,3942400000.0
2005-06-22,,,,1430.97,12185672.0,3159400000.0
2005-06-23,,,,1431.63,14244201.0,4385800000.0
2005-06-24,,,,1438.93,12220699.0,3572200000.0000005
2005-06-27,,,,1441.48,16836547.0,5122100000.0
2005-06-28,,,,1421.82,13149587.0,3889700000.0000005
2005-06-29,,,,1435.44,9764009.0,3135899999.9999995
2005-06-30,,,,1434.27,18732163.0,4831600000.0
2005-07-01,,,,1456.82,13789509.0,3780800000.0
2005-07-04,,,,1478.69,18419988.0,4245700000.0
2005-07-05,,,,1468.69,15015218.0,3706800000.0
2005-07-06,,,,1503.08,23552796.0,4860600000.0
2005-07-07,,,,1477.78,16319551.0,3689900000.0
2005-07-08,,,,1509.22,15944783.0,3534100000.0000005
2005-07-11,,,,1532.65,18338196.0,3795000000.0
2005-07-12,,,,1542.34,25024971.0,6501600000.0
2005-07-13,,,,1544.98,30000985.0,8530599999.999999
2005-07-14,,,,1544.79,27822563.0,5875599999.999999
2005-07-15,,,,1560.43,24247023.0,6026200000.0
2005-07-18,,,,1572.14,14829448.0,4518800000.0
2005-07-19,,,,1573.85,16552980.0,5392000000.0
2005-07-20,,,,1580.28,15920354.0,4239300000.0
2005-07-21,,,,1576.61,19162511.0,4571700000.0
2005-07-22,,,,1605.8,16931325.0,5207400000.0
2005-07-25,,,,1631.25,32645098.0,7693600000.0
2005-07-26,,,,1620.07,23807094.0,6754400000.000001
2005-07-27,,,,1618.78,17708239.0,5790700000.000001
2005-07-29,,,,1623.62,38921639.0,10370300000.0
2005-08-01,,,,1649.68,22950434.0,5474400000.000001
2005-08-02,,,,1663.24,20015881.0,5222900000.0
2005-08-03,,,,1654.04,20178901.0,6275900000.0
2005-08-04,,,,1678.56,30147008.0,9805400000.0
2005-08-05,,,,1695.38,30502611.0,9825600000.0
2005-08-08,,,,1671.95,22642233.0,6691500000.0
2005-08-09,,,,1674.48,32122772.0,9429600000.0
2005-08-10,,,,1696.4,20597223.0,6825100000.0
2005-08-11,,,,1711.18,17578426.0,5612000000.0
2005-08-12,,,,1697.81,14917306.0,4504100000.0
2005-08-16,,,,1725.36,19517342.0,6016600000.0
2005-08-17,,,,1730.24,22386820.0,6350200000.0
2005-08-18,,,,1730.96,26102292.0,7722400000.0
2005-08-19,,,,1714.92,15303464.0,4392300000.0
2005-08-22,,,,1698.3,14337157.0,4283500000.0
2005-08-23,,,,1675.38,15460455.0,4625900000.0
2005-08-24,,,,1680.75,17894052.0,5876000000.0
2005-08-25,,,,1705.07,27319433.0,8197700000.0
2005-08-26,,,,1715.25,18784626.0,5586400000.0
2005-08-29,,,,1715.89,16097448.0,4704700000.0
2005-08-30,,,,1738.49,25974291.0,6445000000.0
2005-08-31,,,,1740.9,22172045.0,5622400000.0
2005-09-01,,,,1754.46,18082319.0,4618800000.0
2005-09-02,,,,1760.1,13934026.0,4072200000.0000005
2005-09-05,,,,1763.98,16052735.0,4741900000.0
2005-09-06,,,,1770.11,15931477.0,4378000000.0
2005-09-08,,,,1786.02,14419399.0,3878600000.0
2005-09-09,,,,1781.47,12032128.0,3243700000.0
2005-09-12,,,,1795.31,12167745.0,3095500000.0
2005-09-13,,,,1809.95,13226011.0,4010400000.0
2005-09-14,,,,1791.46,18214394.0,5634800000.0
2005-09-15,,,,1801.76,13105743.0,3893300000.0
2005-09-16,,,,1834.83,19643165.0,5195100000.0
2005-09-19,,,,1831.38,13017629.0,3548700000.0
2005-09-20,,,,1830.75,11759472.0,3787100000.0
2005-09-21,,,,1832.54,18684590.0,4786700000.0
2005-09-22,,,,1754.55,15231603.0,4493600000.0
2005-09-23,,,,1758.39,14485547.0,4502600000.0
2005-09-26,,,,1822.66,11203845.0,3376000000.0
2005-09-27,,,,1819.24,12391547.0,4286600000.0000005
2005-09-28,,,,1848.74,15176940.0,4455200000.0
2005-09-29,,,,1852.42,20352943.0,8315800000.0
2005-09-30,,,,1849.44,12906263.0,4911000000.0
2005-10-03,,,,1854.99,10273996.0,3224100000.0000005
2005-10-04,,,,1881.82,19593475.0,5752900000.0
2005-10-05,,,,1878.59,19402120.0,5733800000.0
2005-10-06,,,,1847.02,19164153.0,4866300000.0
2005-10-07,,,,1845.48,14403106.0,5182000000.0
2005-10-10,,,,1838.82,10258175.0,3438100000.0
2005-10-11,,,,1831.36,11776036.0,3743100000.0
2005-10-13,,,,1803.51,11028104.0,3432500000.0
2005-10-14,,,,1761.7,11677858.0,3951300000.0
2005-10-17,,,,1741.75,13068861.0,4974700000.0
2005-10-18,,,,1728.86,10818969.0,3480400000.0
2005-10-19,,,,1690.61,14203388.0,3751400000.0
2005-10-20,,,,1682.15,16245617.0,4677800000.0
2005-10-21,,,,1714.22,16921506.0,4729600000.0
2005-10-24,,,,1692.64,12780419.0,3522100000.0
2005-10-25,,,,1716.73,14301374.0,4336600000.0
2005-10-26,,,,1704.65,10867344.0,2993399999.9999995
2005-10-27,,,,1639.39,31354227.0,8166500000.0
2005-10-28,,,,1652.93,21449183.0,6215100000.0
2005-10-31,,,,1680.85,13208419.0,3812300000.0
2005-11-01,,,,1688.12,2982775.0,817099999.9999999
2005-11-02,,,,1716.51,13889520.0,3988100000.0
2005-11-07,,,,1748.52,12879853.0,4274200000.0
2005-11-08,,,,1781.14,20650634.0,5113400000.0
2005-11-09,,,,1769.28,13106994.0,4004100000.0000005
2005-11-10,,,,1780.12,8784483.0,3230200000.0
2005-11-11,,,,1826.6,17284336.0,5525000000.0
2005-11-14,,,,1833.43,17808300.0,6079100000.0
2005-11-16,,,,1840.92,12227323.0,4057200000.0000005
2005-11-17,,,,1850.61,15587188.0,5055500000.0
2005-11-18,,,,1852.25,20766142.0,5930200000.0
2005-11-21,,,,1846.66,13566268.0,4013300000.0
2005-11-22,,,,1842.11,11971274.0,4438600000.0
2005-11-23,,,,1844.86,13261965.0,4035400000.0
2005-11-24,,,,1854.82,13181371.0,4969500000.0
2005-11-25,,,,1890.16,14594104.0,6091799999.999999
2005-11-26,,,,1945.58,11779670.0,5383400000.0
2005-11-28,,,,1968.38,20428351.0,10041600000.0
2005-11-29,,,,1939.44,14625283.0,7992400000.0
2005-11-30,,,,1916.57,18881187.0,8431100000.0
2005-12-01,,,,1948.13,17370824.0,9144300000.0
2005-12-02,,,,1946.28,21155221.0,10035200000.0
2005-12-05,,,,1916.71,13888766.0,5927400000.0
2005-12-06,,,,1909.17,17580760.0,7005800000.0
2005-12-07,,,,1923.3,21873171.0,6360500000.0
2005-12-08,,,,1925.72,20701244.0,6277900000.0
2005-12-09,,,,1965.0,26764032.0,9788800000.0
2005-12-12,,,,1966.8,19538853.0,7343400000.0
2005-12-13,,,,1975.84,17963759.0,7255100000.0
2005-12-14,,,,1970.2,25149185.0,8199200000.0
2005-12-15,,,,1946.19,25093312.0,7721700000.0
2005-12-16,,,,1961.55,24161163.0,7272600000.0
2005-12-19,,,,1977.82,15571040.0,6045200000.0
2005-12-20,,,,1997.14,27416968.0,7542200000.0
2005-12-21,,,,1997.28,21614585.0,6576000000.0
2005-12-22,,,,2005.17,17427320.0,5195200000.0
2005-12-23,,,,1959.26,17772445.0,5269299999.999999
2005-12-26,,,,1896.42,17827536.0,5646600000.0
2005-12-27,,,,1947.4,15681624.0,5520100000.0
2005-12-28,,,,1951.04,20276879.0,6671700000.0
2005-12-29,,,,1963.82,19162168.0,6039700000.0
2005-12-30,,,,1985.34,15009390.0,4828400000.0
2006-01-02,,,,1973.04,9168472.0,3223300000.0
2006-01-03,,,,1999.22,9160228.0,4079500000.0
2006-01-04,,,,2021.01,16954187.0,5420400000.0
2006-01-05,,,,2022.06,17221226.0,5964200000.0
2006-01-06,,,,2032.83,16179839.0,6520800000.0
2006-01-09,,,,2050.78,24290916.0,7364299999.999999
2006-01-10,,,,2034.87,17848462.0,5340800000.0
2006-01-12,,,,2028.2,15877323.0,5367900000.0
2006-01-13,,,,2024.89,13277067.0,5318099999.999999
2006-01-16,,,,2015.59,11280025.0,4506100000.0
2006-01-17,,,,1992.91,12939500.0,4889700000.0
2006-01-18,,,,1984.36,12871039.0,5129500000.0
2006-01-19,,,,2046.91,10575649.0,6496900000.000001
2006-01-20,,,,2066.4,11896035.0,8059500000.0
2006-01-23,,,,2065.71,9860652.0,7418000000.0
2006-01-24,,,,2092.7,10282172.0,6383800000.0
2006-01-25,,,,2109.66,17431096.0,9602800000.0
2006-01-27,,,,2174.35,17931824.0,10476600000.0
2006-01-30,,,,2155.04,15960362.0,8782700000.0
2006-01-31,,,,2198.92,26277159.0,11341800000.0
2006-02-01,,,,2182.28,20941115.0,13642400000.0
2006-02-02,,,,2186.76,11932579.0,7934600000.0
2006-02-03,,,,2195.91,17127984.0,8723000000.0
2006-02-06,,,,2208.0,13306902.0,7747000000.0
2006-02-07,,,,2231.6,15627989.0,7882700000.0
2006-02-08,,,,2232.18,14501414.0,6427500000.0
2006-02-10,,,,2240.03,18311250.0,7702300000.0
2006-02-13,,,,2263.54,20123768.0,9748900000.0
2006-02-14,,,,2247.36,17813219.0,8686800000.0
2006-02-15,,,,2262.23,22625779.0,8748500000.0
2006-02-16,,,,2259.11,14257455.0,5672000000.0
2006-02-17,,,,2227.09,13511265.0,5795300000.0
2006-02-20,,,,2215.41,9282196.0,5208000000.0
2006-02-21,,,,2239.14,10042267.0,5685300000.0
2006-02-22,,,,2271.78,12681751.0,6244000000.0
2006-02-23,,,,2274.05,26231938.0,10278599999.999998
2006-02-24,,,,2297.75,13426770.0,6291500000.0
2006-02-27,,,,2309.7,12557875.0,5967900000.0
2006-02-28,,,,2319.59,18341601.0,10575800000.0
2006-03-01,,,,2373.54,16294920.0,10368200000.0
2006-03-02,,,,2417.54,22047349.0,12583200000.0
2006-03-03,,,,2439.03,20724399.0,12111900000.0
2006-03-06,,,,2478.16,22851921.0,10602800000.0
2006-03-07,,,,2501.98,22338515.0,12593800000.000002
2006-03-08,,,,2454.82,27131690.0,17597500000.0
2006-03-09,,,,2457.93,21993822.0,14322700000.0
2006-03-10,,,,2511.33,23872788.0,13407800000.0
2006-03-13,,,,2528.22,23466702.0,11393100000.0
2006-03-14,,,,2502.89,20111136.0,9368400000.0
2006-03-16,,,,2506.94,19248824.0,10545000000.0
2006-03-17,,,,2501.75,18055447.0,9214200000.0
2006-03-20,,,,2504.64,16690414.0,7293900000.0
2006-03-21,,,,2520.04,19977521.0,10991000000.0
2006-03-22,,,,2503.38,18236584.0,9719500000.0
2006-03-23,,,,2504.85,23986774.0,9704500000.0
2006-03-24,,,,2508.18,18155710.0,8590500000.0
2006-03-27,,,,2531.76,20814056.0,10813400000.0
2006-03-28,,,,2504.53,19417324.0,10901600000.0
2006-03-29,,,,2516.22,23770198.0,10281099999.999998
2006-03-30,,,,2522.85,35827248.0,15530700000.0
2006-03-31,,,,2548.58,26789432.0,12944300000.0
2006-04-03,,,,2600.18,19429562.0,11097200000.0
2006-04-04,,,,2629.22,30225281.0,14257000000.0
2006-04-05,,,,2670.76,25655013.0,13324700000.0
2006-04-07,,,,2641.82,37617844.0,16898300000.0
2006-04-10,,,,2641.39,26781061.0,10814500000.0
2006-04-12,,,,2589.45,28558809.0,11584800000.0
2006-04-13,,,,2551.17,31774729.0,14131800000.0
2006-04-17,,,,2568.57,28145846.0,9029100000.0
2006-04-18,,,,2611.81,27276230.0,11114600000.0
2006-04-19,,,,2631.27,23086016.0,9770800000.0
2006-04-20,,,,2628.2,26007659.0,9599200000.0
2006-04-21,,,,2614.25,25283252.0,10268800000.000002
2006-04-24,,,,2602.01,18712651.0,6694100000.0
2006-04-25,,,,2530.24,22983832.0,8464000000.0
2006-04-26,,,,2595.59,22000200.0,11020800000.0
2006-04-27,,,,2568.54,26604980.0,12172000000.0
2006-04-28,,,,2602.6,21172296.0,8724000000.0
2006-04-29,,,,2631.08,7998845.0,3256900000.0
2006-05-02,,,,2641.84,18277017.0,8227900000.0
2006-05-03,,,,2672.62,17770547.0,8535300000.0
2006-05-04,,,,2663.64,19946621.0,9710000000.0
2006-05-05,,,,2675.13,21800226.0,11016400000.000002
2006-05-08,,,,2683.24,31908704.0,10439100000.0
2006-05-09,,,,2677.4,33476893.0,9663700000.0
2006-05-10,,,,2693.57,24375874.0,8729900000.0
2006-05-11,,,,2667.99,15428103.0,7088300000.0
2006-05-12,,,,2669.53,17588787.0,7866000000.0
2006-05-15,,,,2568.2,19807993.0,8963800000.0
2006-05-16,,,,2566.82,30626854.0,13774000000.0
2006-05-17,,,,2627.15,18174414.0,7862500000.0
2006-05-18,,,,2445.73,27168298.0,11701800000.0
2006-05-19,,,,2338.54,29649639.0,12632000000.0
2006-05-22,,,,2195.19,40646746.0,13839500000.0
2006-05-23,,,,2303.01,26472201.0,10557300000.0
2006-05-24,,,,2279.57,34964981.0,11774700000.0
2006-05-25,,,,2292.79,34511426.0,15556000000.0
2006-05-26,,,,2318.17,23066178.0,9164300000.0
2006-05-29,,,,2321.59,16228676.0,6620500000.0
2006-05-30,,,,2309.73,12878655.0,5910800000.0
2006-05-31,,,,2247.14,20627384.0,9537400000.0
2006-06-01,,,,2170.13,19789392.0,9179700000.0
2006-06-02,,,,2212.94,25492132.0,9966400000.0
2006-06-05,,,,2186.9,18707896.0,8484299999.999999
2006-06-06,,,,2112.91,24955785.0,9809600000.0
2006-06-07,,,,2039.83,30673772.0,11550100000.0
2006-06-08,,,,1922.79,46131924.0,13714500000.0
2006-06-09,,,,2051.18,29861115.0,9952300000.0
2006-06-12,,,,1973.4,19464663.0,7372800000.0
2006-06-13,,,,1883.54,22471969.0,7058500000.0
2006-06-14,,,,1863.42,23801134.0,8300100000.0
2006-06-15,,,,1985.67,22915075.0,8693900000.0
2006-06-16,,,,2065.76,33284673.0,14052300000.0
2006-06-19,,,,2097.53,19757633.0,7239100000.0
2006-06-20,,,,2070.79,26183653.0,9768100000.0
2006-06-21,,,,2122.38,19149320.0,7681900000.000001
2006-06-22,,,,2174.9,24984629.0,8982000000.0
2006-06-23,,,,2179.37,23991471.0,7817900000.0
2006-06-25,,,,2177.02,1858392.0,606300000.0
2006-06-26,,,,2082.71,16243432.0,6961200000.0
2006-06-27,,,,2086.12,27325668.0,10443800000.000002
2006-06-28,,,,2084.06,28906073.0,11229200000.0
2006-06-29,,,,2106.45,34727455.0,14560100000.0
2006-06-30,,,,2207.24,27603551.0,11795200000.0
2006-07-03,,,,2218.97,24309045.0,8737100000.0
2006-07-04,,,,2224.74,19731254.0,8120800000.0
2006-07-05,,,,2276.86,20727946.0,9431800000.0
2006-07-06,,,,2251.3,20911087.0,9145000000.0
2006-07-07,,,,2230.94,22614613.0,9131800000.0
2006-07-10,,,,2266.13,19881603.0,7713800000.0
2006-07-11,,,,2243.92,15951431.0,7529900000.0
2006-07-12,,,,2276.75,18862818.0,8227300000.0
2006-07-13,,,,2251.62,18998409.0,7869900000.0
2006-07-14,,,,2221.07,17475495.0,6468000000.0
2006-07-17,,,,2126.24,16803175.0,6777200000.0
2006-07-18,,,,2111.57,18905212.0,8154200000.0
2006-07-19,,,,2055.98,17639778.0,7082600000.0
2006-07-20,,,,2116.21,17297656.0,7247700000.0
2006-07-21,,,,2046.81,16624431.0,6829600000.0
2006-07-24,,,,2055.59,17279953.0,7906200000.0
2006-07-25,,,,2103.25,19219013.0,7383700000.0
2006-07-26,,,,2152.43,17646577.0,7539100000.0
2006-07-27,,,,2203.37,23020604.0,10840500000.0
2006-07-28,,,,2197.79,19170281.0,7962400000.0
2006-07-31,,,,2222.53,18352492.0,9161700000.0
2006-08-01,,,,2235.08,17066338.0,8626600000.0
2006-08-02,,,,2282.69,23506008.0,8857800000.0
2006-08-03,,,,2288.44,23847303.0,9953200000.0
2006-08-04,,,,2289.6,16971616.0,7587100000.0
2006-08-07,,,,2283.66,12519452.0,6623800000.0
2006-08-08,,,,2317.16,13658580.0,7048800000.0
2006-08-09,,,,2338.81,15952438.0,8301000000.0
2006-08-10,,,,2365.46,19430403.0,8362500000.0
2006-08-11,,,,2385.11,19924378.0,10152200000.0
2006-08-14,,,,2411.15,16503361.0,6730700000.000001
2006-08-16,,,,2432.04,20074788.0,9177700000.0
2006-08-17,,,,2441.69,22591246.0,10644600000.0
2006-08-18,,,,2436.5,14015792.0,6156700000.0
2006-08-21,,,,2435.13,10422543.0,5143700000.0
2006-08-22,,,,2420.16,19829804.0,8472300000.0
2006-08-23,,,,2412.41,15206134.0,7122900000.0
2006-08-24,,,,2437.75,16481052.0,6982600000.0
2006-08-25,,,,2441.88,16667660.0,6581100000.0
2006-08-28,,,,2447.82,10184770.0,4668400000.0
2006-08-29,,,,2470.92,19192621.0,6983400000.0
2006-08-30,,,,2454.52,17255066.0,7057300000.0
2006-08-31,,,,2427.88,20974022.0,8933300000.0
2006-09-01,,,,2445.12,14344277.0,5993800000.0
2006-09-04,,,,2477.27,14769023.0,6624100000.0
2006-09-05,,,,2490.63,20606947.0,8536799999.999999
2006-09-06,,,,2519.47,28928001.0,11693500000.0
2006-09-07,,,,2504.41,25412405.0,11522500000.0
2006-09-08,,,,2529.85,27586949.0,13990400000.0
2006-09-11,,,,2448.32,26289180.0,12513699999.999998
2006-09-12,,,,2470.83,23598553.0,11033300000.0
2006-09-13,,,,2546.66,28024572.0,12093500000.0
2006-09-14,,,,2549.38,24067187.0,9808300000.0
2006-09-15,,,,2556.64,21797688.0,11439200000.0
2006-09-18,,,,2575.55,16497177.0,9476200000.0
2006-09-19,,,,2543.05,27320278.0,11520600000.0
2006-09-20,,,,2596.67,23532658.0,10807800000.0
2006-09-21,,,,2621.63,20505075.0,10845000000.0
2006-09-22,,,,2621.45,18652909.0,10291099999.999998
2006-09-25,,,,2609.24,16062834.0,8572800000.0
2006-09-26,,,,2639.73,17428097.0,10277100000.0
2006-09-27,,,,2652.03,17554356.0,10031000000.0
2006-09-28,,,,2629.5,23300594.0,10151200000.0
2006-09-29,,,,2658.16,18461092.0,7614400000.000001
2006-10-03,,,,2680.18,18535639.0,8504800000.0
2006-10-04,,,,2636.54,23755870.0,9808700000.0
2006-10-05,,,,2666.62,21028171.0,9261900000.0
2006-10-06,,,,2682.27,32218485.0,13141800000.0
2006-10-09,,,,2668.55,18441747.0,8008300000.0
2006-10-10,,,,2679.86,18992088.0,7788700000.0
2006-10-11,,,,2645.38,16804053.0,6777400000.0
2006-10-12,,,,2677.91,20078454.0,8068200000.000001
2006-10-13,,,,2723.87,27983469.0,12950200000.0
2006-10-16,,,,2748.01,20598024.0,9827400000.0
2006-10-17,,,,2740.27,17129407.0,8100300000.0
2006-10-18,,,,2737.39,14463619.0,7759299999.999999
2006-10-19,,,,2717.39,17910652.0,8334800000.0
2006-10-20,,,,2739.8,17418754.0,8776700000.0
2006-10-21,,,,2754.03,3088997.0,1665200000.0
2006-10-23,,,,2745.88,16006000.0,7246799999.999999
2006-10-26,,,,2762.09,21221147.0,10795000000.0
2006-10-27,,,,2824.26,26902193.0,13669900000.0
2006-10-30,,,,2855.04,35857265.0,23076100000.0
2006-10-31,,,,2817.91,32118729.0,15827400000.0
2006-11-01,,,,2842.76,24827985.0,11186400000.000002
2006-11-02,,,,2859.61,22944262.0,10259600000.0
2006-11-03,,,,2882.06,27115091.0,12733500000.0
2006-11-06,,,,2888.02,26721799.0,11639600000.0
2006-11-07,,,,2879.57,34823629.0,15619900000.0
2006-11-08,,,,2853.19,36620661.0,16488000000.0
2006-11-09,,,,2858.82,25494895.0,11983500000.0
2006-11-10,,,,2903.14,22999410.0,12584700000.0
2006-11-13,,,,2980.34,29581352.0,11875500000.0
2006-11-14,,,,2968.23,25163024.0,11322000000.0
2006-11-15,,,,2980.92,33246294.0,13219700000.0
2006-11-16,,,,2977.68,26035314.0,11857000000.0
2006-11-17,,,,2974.84,31756963.0,12662100000.0
2006-11-20,,,,2980.58,35148655.0,15062100000.0
2006-11-21,,,,3059.61,32617542.0,15263300000.0
2006-11-22,,,,3132.75,38927382.0,20870200000.0
2006-11-23,,,,3143.37,39166059.0,25031200000.0
2006-11-24,,,,3151.84,38096735.0,21230600000.0
2006-11-27,,,,3182.72,31378162.0,14063500000.0
2006-11-28,,,,3126.59,40056180.0,18286400000.0
2006-11-29,,,,3121.54,31037994.0,14784000000.0
2006-11-30,,,,3124.14,39960906.0,18134800000.0
2006-12-01,,,,3173.12,30697095.0,15664000000.0
2006-12-04,,,,3209.61,33573660.0,18164200000.0
2006-12-05,,,,3217.23,29553953.0,15930200000.0
2006-12-06,,,,3203.48,27991880.0,15019900000.0
2006-12-07,,,,3215.97,28061549.0,17003800000.000002
2006-12-08,,,,3189.68,26264551.0,13174500000.0
2006-12-11,,,,3060.72,38552107.0,19162300000.0
2006-12-12,,,,2894.71,49429742.0,24539600000.0
2006-12-13,,,,3003.57,49289233.0,23899200000.0
2006-12-14,,,,3093.63,37066426.0,17751500000.0
2006-12-15,,,,3113.95,38681795.0,20405400000.0
2006-12-18,,,,3100.16,37968236.0,18265200000.0
2006-12-19,,,,3000.91,42928985.0,21818200000.0
2006-12-20,,,,2973.37,34673647.0,18777700000.0
2006-12-21,,,,2986.98,27305349.0,13225800000.0
2006-12-22,,,,3025.41,24669124.0,11021900000.0
2006-12-26,,,,3070.01,17571213.0,8353700000.0
2006-12-27,,,,3086.52,22169651.0,9862900000.0
2006-12-28,,,,3074.74,37810016.0,16388599999.999998
2006-12-29,,,,3084.51,20255247.0,9698500000.0
2007-01-02,,,,3112.29,17484590.0,7687900000.0
2007-01-03,,,,3131.95,28117698.0,13538699999.999998
2007-01-04,,,,3117.02,23149097.0,11329500000.0
2007-01-05,,,,3090.78,20547979.0,9969500000.0
2007-01-08,,,,3042.17,25435171.0,10821900000.0
2007-01-09,,,,3001.91,26338062.0,12557800000.0
2007-01-10,,,,2929.17,33407623.0,14449600000.0
2007-01-11,,,,3017.65,29088956.0,15000700000.0
2007-01-12,,,,3081.73,35023353.0,17509900000.0
2007-01-15,,,,3095.7,23949677.0,14362400000.0
2007-01-16,,,,3115.26,20674251.0,11781800000.0
2007-01-17,,,,3148.62,19709944.0,10666300000.000002
2007-01-18,,,,3157.12,25106405.0,13982800000.0
2007-01-19,,,,3157.36,29002475.0,12531199999.999998
2007-01-22,,,,3163.5,21464148.0,11680800000.0
2007-01-23,,,,3139.95,24619452.0,12062300000.0
2007-01-24,,,,3149.35,20270129.0,10732100000.0
2007-01-25,,,,3205.61,33150462.0,17387900000.0
2007-01-29,,,,3228.87,29466691.0,14324100000.0
2007-01-31,,,,3214.15,37437050.0,17570400000.0
2007-02-01,,,,3274.97,25934193.0,12411900000.0
2007-02-02,,,,3341.0,38831570.0,19502300000.0
2007-02-05,,,,3380.03,30406341.0,15719500000.0
2007-02-06,,,,3352.2,29378033.0,16562000000.0
2007-02-07,,,,3365.23,26771036.0,14660700000.0
2007-02-08,,,,3369.34,31766830.0,16546199999.999998
2007-02-09,,,,3329.86,33678768.0,15860400000.0
2007-02-12,,,,3180.41,40116004.0,19266300000.0
2007-02-13,,,,3163.67,43823602.0,22175700000.0
2007-02-14,,,,3175.55,29237309.0,14553599999.999998
2007-02-15,,,,3250.13,30665321.0,14703599999.999998
2007-02-19,,,,3254.64,21534198.0,11262100000.0
2007-02-20,,,,3219.14,16687979.0,9546100000.0
2007-02-21,,,,3224.03,21895015.0,12016099999.999998
2007-02-22,,,,3201.04,36910237.0,19851600000.0
2007-02-23,,,,3105.55,27735310.0,14055000000.0
2007-02-26,,,,3072.85,29986680.0,14772900000.0
2007-02-27,,,,3064.4,20347087.0,11028599999.999998
2007-02-28,,,,2974.53,53610530.0,23069200000.0
2007-03-01,,,,3029.34,38894325.0,16866000000.0
2007-03-02,,,,2956.01,30636480.0,13372300000.0
2007-03-05,,,,2832.07,42391042.0,16880400000.0
2007-03-06,,,,2874.26,40155276.0,14947800000.0
2007-03-07,,,,2877.75,38383272.0,15555600000.0
2007-03-08,,,,3008.27,27137214.0,11022700000.0
2007-03-09,,,,2978.4,26648192.0,11351800000.0
2007-03-12,,,,3002.68,23691526.0,10532000000.0
2007-03-13,,,,3044.29,30114991.0,10739200000.0
2007-03-14,,,,2948.15,35373252.0,13826700000.0
2007-03-15,,,,2947.89,23279321.0,10351300000.000002
2007-03-16,,,,2905.57,29541900.0,13410200000.0
2007-03-19,,,,2975.97,21491555.0,8660100000.0
2007-03-20,,,,2986.92,23173253.0,9692700000.0
2007-03-21,,,,3037.4,20093062.0,9322500000.0
2007-03-22,,,,3114.47,28903251.0,14625400000.0
2007-03-23,,,,3115.28,22764679.0,11930200000.0
2007-03-26,,,,3077.36,19128282.0,9211300000.0
2007-03-28,,,,3048.67,23217059.0,11413100000.0
2007-03-29,,,,3072.85,27928606.0,11610200000.0
2007-03-30,,,,3099.52,19286965.0,8493900000.0
2007-04-02,,,,2969.38,25064990.0,10600800000.0
2007-04-03,,,,3010.39,31180728.0,12610400000.0
2007-04-04,,,,3065.13,34289055.0,13884500000.0
2007-04-05,,,,3063.69,31136612.0,12012500000.0
2007-04-09,,,,3137.78,22051703.0,10062600000.0
2007-04-10,,,,3151.57,31982190.0,13761800000.0
2007-04-11,,,,3165.22,29279667.0,15257800000.0
2007-04-12,,,,3151.24,30799843.0,12992300000.0
2007-04-13,,,,3195.34,26467099.0,10996500000.0
2007-04-16,,,,3271.88,28844835.0,13533800000.000002
2007-04-17,,,,3246.04,25045158.0,11740800000.0
2007-04-18,,,,3282.3,26680913.0,10582400000.0
2007-04-19,,,,3277.8,25502467.0,10786199999.999998
2007-04-20,,,,3357.68,31902334.0,13960500000.0
2007-04-23,,,,3364.28,29572788.0,14098800000.000002
2007-04-24,,,,3421.03,41727146.0,18817500000.0
2007-04-25,,,,3425.83,38135321.0,16537800000.0
2007-04-26,,,,3439.96,39234007.0,18348600000.0
2007-04-27,,,,3374.33,28697814.0,13994300000.0
2007-04-30,,,,3387.32,30317986.0,14882700000.0
2007-05-03,,,,3427.81,25381883.0,12618599999.999998
2007-05-04,,,,3400.23,24690923.0,11641300000.000002
2007-05-07,,,,3384.82,19838603.0,9070200000.0
2007-05-08,,,,3368.72,24907175.0,11000700000.0
2007-05-09,,,,3395.36,25104874.0,11935400000.0
2007-05-10,,,,3362.53,27328238.0,11353900000.000002
2007-05-11,,,,3388.03,28080629.0,14153500000.0
2007-05-14,,,,3426.07,22121693.0,9979900000.0
2007-05-15,,,,3423.88,24656756.0,12168500000.0
2007-05-16,,,,3498.01,35867364.0,17675800000.0
2007-05-17,,,,3535.83,42172072.0,20747800000.000004
2007-05-18,,,,3527.68,25817377.0,12290000000.0
2007-05-21,,,,3545.77,29916223.0,12770100000.0
2007-05-22,,,,3573.44,32276701.0,15434300000.0
2007-05-23,,,,3556.11,33786191.0,18114800000.0
2007-05-24,,,,3548.87,27494395.0,13824100000.0
2007-05-25,,,,3594.46,30465955.0,18097200000.0
2007-05-28,,,,3615.11,33985297.0,18114000000.0
2007-05-29,,,,3665.03,34881993.0,21823400000.0
2007-05-30,,,,3622.04,37734514.0,24474500000.0
2007-05-31,,,,3649.51,43012372.0,22985700000.0
2007-06-01,,,,3656.45,37616465.0,18404900000.0
2007-06-04,,,,3638.13,30370922.0,13137100000.0
2007-06-05,,,,3660.19,32767146.0,14837200000.0
2007-06-06,,,,3600.38,37445203.0,16208500000.0
2007-06-07,,,,3592.2,31149654.0,16101600000.0
2007-06-08,,,,3543.07,29677989.0,15950900000.0
2007-06-11,,,,3537.45,30888104.0,13337400000.0
2007-06-12,,,,3507.99,34253591.0,14103400000.0
2007-06-13,,,,3475.9,31600742.0,13368300000.0
2007-06-14,,,,3547.91,34989710.0,14769300000.0
2007-06-15,,,,3561.51,34393427.0,14616600000.0
2007-06-18,,,,3531.96,24050566.0,11411000000.0
2007-06-19,,,,3590.31,22550981.0,10887100000.0
2007-06-20,,,,3618.6,33726767.0,15320200000.0
2007-06-21,,,,3651.82,37409328.0,19596000000.0
2007-06-22,,,,3668.51,37566886.0,16455400000.0
2007-06-25,,,,3694.6,26746539.0,15130900000.0
2007-06-26,,,,3741.15,33856867.0,17031600000.0
2007-06-27,,,,3713.69,37017421.0,19814800000.0
2007-06-28,,,,3725.88,40928566.0,20249500000.0
2007-06-29,,,,3779.25,37692354.0,18377600000.0
2007-07-02,,,,3810.44,40290980.0,20830600000.0
2007-07-03,,,,3868.84,41080834.0,20415500000.0
2007-07-04,,,,3878.85,33065391.0,15924700000.0
2007-07-05,,,,3849.28,34866376.0,18132000000.0
2007-07-06,,,,3887.66,35017092.0,18421800000.0
2007-07-09,,,,3934.06,22448600.0,12616900000.0
2007-07-10,,,,3897.17,27636020.0,15941199999.999998
2007-07-11,,,,3912.2,35457396.0,18657200000.0
2007-07-12,,,,4011.74,49481177.0,30989899999.999996
2007-07-13,,,,4011.49,45118264.0,30076000000.0
2007-07-16,,,,4010.73,43761969.0,23093900000.0
2007-07-17,,,,3957.46,50032372.0,21972100000.0
2007-07-18,,,,3972.86,43654621.0,20554699999.999996
2007-07-19,,,,4017.54,38352466.0,19546700000.0
2007-07-20,,,,4061.29,51433066.0,25958500000.0
2007-07-23,,,,4173.26,45517873.0,25660100000.000004
2007-07-24,,,,4205.63,58316031.0,31903900000.0
2007-07-25,,,,4172.38,50127464.0,30137300000.0
2007-07-26,,,,4144.7,44415535.0,28020800000.0
2007-07-27,,,,3964.72,52525474.0,34737100000.0
2007-07-30,,,,3949.39,47735104.0,27365300000.000004
2007-07-31,,,,4071.08,50993471.0,29486600000.0
2007-08-01,,,,3874.21,49145557.0,28325600000.0
2007-08-02,,,,3921.32,34029653.0,20729699999.999996
2007-08-03,,,,3978.03,31014468.0,17688200000.0
2007-08-06,,,,3902.33,34746862.0,19603700000.0
2007-08-07,,,,3943.88,31744187.0,17335400000.0
2007-08-08,,,,4023.71,39440366.0,17827800000.0
2007-08-09,,,,3971.27,37523604.0,19572300000.0
2007-08-10,,,,3882.48,38026621.0,20536700000.0
2007-08-13,,,,3924.6,28273259.0,14472900000.0
2007-08-14,,,,3936.37,34426865.0,13764300000.0
2007-08-16,,,,3731.89,44922474.0,22860400000.0
2007-08-17,,,,3687.03,58710561.0,28937800000.000004
2007-08-20,,,,3776.43,29638447.0,16087600000.0
2007-08-21,,,,3661.37,34428070.0,17538100000.0
2007-08-22,,,,3748.71,44101854.0,22040800000.0
2007-08-23,,,,3731.03,51313945.0,26487800000.000004
2007-08-24,,,,3807.35,33695338.0,18499100000.0
2007-08-27,,,,3933.54,30679803.0,15476600000.0
2007-08-28,,,,3941.62,25706555.0,14764200000.0
2007-08-29,,,,3955.58,34825651.0,20927000000.0
2007-08-30,,,,3981.99,54658804.0,29435900000.0
2007-08-31,,,,4030.92,38679334.0,17402900000.0
2007-09-03,,,,4096.4,38198875.0,15652700000.0
2007-09-04,,,,4085.49,34597359.0,18299800000.0
2007-09-05,,,,4085.93,43373797.0,20128400000.0
2007-09-06,,,,4101.51,34910601.0,18009200000.0
2007-09-07,,,,4096.59,33730277.0,16211400000.000002
2007-09-10,,,,4118.48,25631041.0,12497900000.0
2007-09-11,,,,4152.87,38767865.0,15473500000.0
2007-09-12,,,,4136.98,39065767.0,17520700000.0
2007-09-13,,,,4173.26,44885166.0,20379500000.0
2007-09-14,,,,4126.53,40066720.0,17547800000.0
2007-09-17,,,,4099.25,36675110.0,16670500000.0
2007-09-18,,,,4143.06,43416890.0,17617200000.0
2007-09-19,,,,4278.15,45505157.0,22117300000.0
2007-09-20,,,,4350.62,54736374.0,27214500000.0
2007-09-21,,,,4402.52,72425033.0,26806800000.0
2007-09-24,,,,4537.57,75344789.0,37914000000.0
2007-09-25,,,,4524.2,56036210.0,31146100000.0
2007-09-26,,,,4485.45,59778276.0,24744600000.0
2007-09-27,,,,4501.83,71093642.0,37819800000.0
2007-09-28,,,,4502.31,61882744.0,28713200000.0
2007-10-01,,,,4610.7,74231799.0,41007299999.99999
2007-10-03,,,,4780.73,116725777.0,62449200000.0
2007-10-04,,,,4835.42,99342462.0,46438700000.0
2007-10-05,,,,4839.25,75305451.0,42484200000.0
2007-10-08,,,,4731.94,71102653.0,38702600000.0
2007-10-09,,,,4987.28,78832170.0,45728600000.0
2007-10-10,,,,5149.8,95773816.0,63178600000.0
2007-10-11,,,,5270.42,61502380.0,34903800000.0
2007-10-12,,,,5146.77,86404538.0,53706200000.0
2007-10-15,,,,5372.21,71158699.0,46445300000.0
2007-10-16,,,,5444.55,102912689.0,61265400000.0
2007-10-17,,,,5289.5,107776969.0,73518800000.0
2007-10-18,,,,5002.14,108896874.0,68675300000.0
2007-10-19,,,,4809.47,95992260.0,56752100000.0
2007-10-22,,,,4760.94,69997243.0,46057600000.0
2007-10-23,,,,5138.89,74204800.0,52216800000.0
2007-10-24,,,,5204.54,77415533.0,58088300000.0
2007-10-25,,,,5254.04,90041225.0,59455300000.0
2007-10-26,,,,5384.53,77599709.0,50061899999.99999
2007-10-29,,,,5562.25,74738382.0,50987500000.0
2007-10-30,,,,5596.39,74167344.0,48209500000.0
2007-10-31,,,,5630.33,82022527.0,44368600000.0
2007-11-01,,,,5541.63,88977778.0,63155100000.0
2007-11-02,,,,5573.73,67686702.0,49945900000.0
2007-11-05,,,,5596.43,75957637.0,51612200000.0
2007-11-06,,,,5565.92,92874904.0,50341000000.0
2007-11-07,,,,5534.51,62555236.0,40749400000.0
2007-11-08,,,,5466.88,64294116.0,42439799999.99999
2007-11-09,,,,5454.24,15395951.0,7244400000.000001
2007-11-12,,,,5455.95,80600609.0,43944900000.0
2007-11-13,,,,5617.77,86672235.0,47629100000.0
2007-11-14,,,,5779.96,83869563.0,44084100000.0
2007-11-15,,,,5795.15,95642318.0,47194799999.99999
2007-11-16,,,,5763.88,51871590.0,27174400000.0
2007-11-19,,,,5825.26,60753498.0,33446700000.0
2007-11-20,,,,5704.23,60727105.0,38710700000.0
2007-11-21,,,,5402.76,59156136.0,35500400000.0
2007-11-22,,,,5287.75,79969402.0,41951899999.99999
2007-11-23,,,,5446.0,61547885.0,35693300000.0
2007-11-26,,,,5569.6,59435436.0,31061200000.0
2007-11-27,,,,5535.69,47311301.0,24714800000.0
2007-11-28,,,,5479.53,57418484.0,32045200000.0
2007-11-29,,,,5443.74,78784627.0,50188200000.0
2007-11-30,,,,5593.9,89684780.0,45526500000.0
2007-12-03,,,,5721.36,58880354.0,35764500000.0
2007-12-04,,,,5735.53,51770672.0,30486200000.0
2007-12-05,,,,5809.84,74038777.0,36362300000.0
2007-12-06,,,,5852.36,84099131.0,43926000000.0
2007-12-07,,,,5862.52,77276557.0,43515800000.0
2007-12-10,,,,5850.53,47106474.0,26142600000.000004
2007-12-11,,,,5974.89,67025315.0,35633500000.0
2007-12-12,,,,6069.34,72004529.0,40703400000.0
2007-12-13,,,,5948.79,64773163.0,35021500000.0
2007-12-14,,,,5909.36,53014361.0,31712199999.999996
2007-12-17,,,,5593.37,59412012.0,34106800000.0
2007-12-18,,,,5585.43,62472044.0,36548500000.0
2007-12-19,,,,5608.67,59498999.0,33074699999.999996
2007-12-20,,,,5594.94,46713770.0,29372000000.0
2007-12-24,,,,5786.88,41407384.0,29259600000.0
2007-12-26,,,,5893.32,51703016.0,30672199999.999996
2007-12-27,,,,5867.67,91760331.0,48542400000.0
2007-12-28,,,,5884.75,53573915.0,29750800000.0
2007-12-31,,,,6019.52,57991507.0,30050300000.000004
2008-01-01,,,,6054.98,59251304.0,28628200000.0
2008-01-02,,,,6074.58,60118305.0,34350100000.000004
2008-01-03,,,,6149.0,92559530.0,52992500000.0
2008-01-04,,,,6210.93,83086617.0,48216800000.0
2008-01-07,,,,6233.54,68907662.0,45996500000.0
2008-01-08,,,,6231.1,74368689.0,49442400000.0
2008-01-09,,,,6260.66,70582675.0,44813400000.0
2008-01-10,,,,6107.36,69718275.0,43780900000.0
2008-01-11,,,,6109.84,62178744.0,35604700000.0
2008-01-14,,,,6171.05,71060312.0,39938100000.0
2008-01-15,,,,5992.78,76530443.0,45474500000.0
2008-01-16,,,,5779.39,95622952.0,54742600000.0
2008-01-17,,,,5796.76,74661069.0,46278200000.0
2008-01-18,,,,5585.72,81655573.0,47619399999.99999
2008-01-21,,,,4958.3,123826441.0,61718700000.0
2008-01-22,,,,4681.9,119446491.0,54446800000.0
2008-01-23,,,,5041.88,98653709.0,46505200000.00001
2008-01-24,,,,4841.02,84227981.0,39321000000.0
2008-01-25,,,,5237.95,68264103.0,31472100000.0
2008-01-28,,,,5071.24,59924049.0,28027100000.0
2008-01-29,,,,5039.08,58156790.0,27929699999.999996
2008-01-30,,,,4898.7,55170018.0,26471500000.0
2008-01-31,,,,4846.31,109383670.0,49783200000.0
2008-02-01,,,,4948.82,63408974.0,30534500000.0
2008-02-04,,,,5139.43,66528211.0,32498400000.0
2008-02-05,,,,5226.29,72902325.0,31582000000.0
2008-02-06,,,,5106.19,74133382.0,32653100000.0
2008-02-07,,,,4906.1,65007923.0,29727700000.0
2008-02-08,,,,4852.19,75401432.0,33695900000.0
2008-02-11,,,,4525.58,85775184.0,42081100000.0
2008-02-12,,,,4464.21,61678683.0,30574200000.0
2008-02-13,,,,4513.35,94434752.0,35174600000.0
2008-02-14,,,,4842.18,89667776.0,37995500000.0
2008-02-15,,,,4915.02,84491474.0,34834000000.0
2008-02-18,,,,4881.78,53643293.0,21487500000.0
2008-02-19,,,,4870.75,61312769.0,23498300000.0
2008-02-20,,,,4723.2,67383708.0,25254400000.0
2008-02-21,,,,4745.95,65046358.0,25156700000.0
2008-02-22,,,,4677.09,38866786.0,17254900000.0
2008-02-25,,,,4743.31,45197111.0,21730200000.0
2008-02-26,,,,4808.28,55408510.0,24260200000.0
2008-02-27,,,,4822.05,60204929.0,28984100000.0
2008-02-28,,,,4830.45,64799316.0,31788000000.0
2008-02-29,,,,4725.51,61572513.0,27719000000.0
2008-03-03,,,,4444.07,52137491.0,21177300000.0
2008-03-04,,,,4339.24,78841138.0,28108800000.0
2008-03-05,,,,4326.47,58834627.0,23988900000.0
2008-03-07,,,,4161.53,95437112.0,39661900000.0
2008-03-10,,,,4176.44,97946185.0,43152700000.00001
2008-03-11,,,,4299.5,81857292.0,32550100000.000004
2008-03-12,,,,4326.04,74851744.0,31147100000.0
2008-03-13,,,,4076.55,63473006.0,25147500000.0
2008-03-14,,,,4157.77,66348308.0,25518500000.0
2008-03-17,,,,3934.08,76643146.0,25329300000.0
2008-03-18,,,,4003.19,92506704.0,34363300000.0
2008-03-19,,,,4030.58,78459169.0,28320800000.0
2008-03-24,,,,4039.11,62401725.0,22777600000.000004
2008-03-25,,,,4278.72,94152665.0,31021200000.0
2008-03-26,,,,4219.0,80039122.0,26201600000.0
2008-03-27,,,,4262.99,96043031.0,32042100000.0
2008-03-28,,,,4403.93,71264942.0,26905200000.0
2008-03-31,,,,4261.17,63188967.0,23654200000.0
2008-04-01,,,,4204.45,51469571.0,23834800000.0
2008-04-02,,,,4206.71,57076656.0,23771100000.0
2008-04-03,,,,4143.2,57085268.0,31680200000.0
2008-04-04,,,,4003.38,57345592.0,29736500000.0
2008-04-07,,,,4083.1,53763338.0,27078200000.0
2008-04-08,,,,4045.24,54772893.0,29050800000.0
2008-04-09,,,,4084.47,50853333.0,23508300000.0
2008-04-10,,,,4048.17,62557596.0,27268500000.0
2008-04-11,,,,4108.24,49087402.0,22959300000.0
2008-04-15,,,,4187.32,52022196.0,22572600000.000004
2008-04-16,,,,4165.23,61913715.0,23133000000.0
2008-04-17,,,,4213.6,62068123.0,22737199999.999996
2008-04-21,,,,4335.5,64872143.0,25530000000.0
2008-04-22,,,,4383.62,78758349.0,26938100000.0
2008-04-23,,,,4346.24,71022766.0,24129000000.0
2008-04-24,,,,4305.77,85440543.0,29316700000.0
2008-04-25,,,,4451.22,78799336.0,31704800000.0
2008-04-28,,,,4459.3,73926293.0,31249000000.0
2008-04-29,,,,4481.79,137085374.0,38200200000.0
2008-04-30,,,,4492.19,85679303.0,31519800000.0
2008-05-02,,,,4550.85,88835638.0,33240300000.000004
2008-05-05,,,,4529.78,87857299.0,32604200000.0
2008-05-06,,,,4391.77,70026574.0,30252500000.0
2008-05-07,,,,4328.98,80537083.0,29817800000.000004
2008-05-08,,,,4306.12,62520353.0,23288300000.0
2008-05-09,,,,4239.26,57508226.0,23490100000.000004
2008-05-12,,,,4246.2,51742020.0,19955800000.0
2008-05-13,,,,4218.14,71512676.0,26986300000.0
2008-05-14,,,,4271.25,57585397.0,21167700000.0
2008-05-15,,,,4384.53,60350604.0,26901800000.0
2008-05-16,,,,4423.92,64994218.0,25167800000.000004
2008-05-20,,,,4349.54,75491655.0,26994699999.999996
2008-05-21,,,,4346.1,79006182.0,24752399999.999996
2008-05-22,,,,4251.89,52082490.0,19097100000.0
2008-05-23,,,,4215.96,90289233.0,24751900000.0
2008-05-26,,,,4145.42,63922795.0,22594699999.999996
2008-05-27,,,,4141.35,60347294.0,21385800000.0
2008-05-28,,,,4155.13,64476781.0,22900800000.0
2008-05-29,,,,4111.09,108360894.0,43045500000.0
2008-05-30,,,,4157.22,67738283.0,26752700000.0
2008-06-02,,,,4026.67,57410750.0,22181800000.0
2008-06-03,,,,3938.32,84809801.0,31229100000.0
2008-06-04,,,,3805.05,80208389.0,28153700000.0
2008-06-05,,,,3891.47,85914869.0,32792700000.0
2008-06-06,,,,3847.3,59554896.0,24012000000.0
2008-06-09,,,,3738.2,87954310.0,32145200000.0
2008-06-10,,,,3706.52,82643673.0,28101800000.0
2008-06-11,,,,3784.72,69934469.0,24370800000.0
2008-06-12,,,,3808.12,84764960.0,28129600000.0
2008-06-13,,,,3782.7,76918480.0,23722600000.000004
2008-06-16,,,,3837.22,63385199.0,22022100000.0
2008-06-17,,,,3880.4,65980865.0,23111200000.0
2008-06-18,,,,3816.19,72171510.0,22002000000.0
2008-06-19,,,,3736.0,48792372.0,17464400000.0
2008-06-20,,,,3601.98,73236303.0,24783400000.0
2008-06-23,,,,3493.4,65051278.0,22528000000.0
2008-06-24,,,,3435.47,74347908.0,24655600000.0
2008-06-25,,,,3535.02,82821765.0,24909000000.0
2008-06-26,,,,3522.7,93562388.0,28462700000.0
2008-06-27,,,,3384.6,82317833.0,25416000000.0
2008-06-30,,,,3267.15,74923895.0,22055600000.0
2008-07-01,,,,3141.41,95358299.0,25517600000.000004
2008-07-02,,,,3305.98,114769047.0,35415400000.0
2008-07-03,,,,3144.26,82584026.0,26605400000.0
2008-07-04,,,,3307.5,105173570.0,30218000000.0
2008-07-07,,,,3316.03,70383401.0,22896800000.0
2008-07-08,,,,3313.89,75964253.0,26022800000.000004
2008-07-09,,,,3485.72,88347675.0,28718500000.0
2008-07-10,,,,3482.43,89175338.0,27255200000.0
2008-07-11,,,,3375.57,85906440.0,26831700000.0
2008-07-14,,,,3368.23,67734180.0,21230300000.000004
2008-07-15,,,,3208.29,59700759.0,16295100000.0
2008-07-16,,,,3196.17,83052512.0,22352399999.999996
2008-07-17,,,,3323.04,83366435.0,24497500000.0
2008-07-18,,,,3478.62,81350285.0,25901200000.0
2008-07-21,,,,3518.46,75838030.0,26455800000.0
2008-07-22,,,,3590.82,85282220.0,31091000000.0
2008-07-23,,,,3845.03,136472903.0,56063600000.0
2008-07-24,,,,3759.62,95779512.0,37124000000.0
2008-07-25,,,,3713.62,71888303.0,28635000000.0
2008-07-28,,,,3724.6,49079949.0,24376200000.0
2008-07-29,,,,3582.42,60949838.0,25143600000.0
2008-07-30,,,,3662.69,77776551.0,29265900000.0
2008-07-31,,,,3662.52,95284784.0,32244300000.0
2008-08-01,,,,3714.95,116304359.0,43867900000.0
2008-08-04,,,,3699.14,78569786.0,25592600000.000004
2008-08-05,,,,3803.11,95720711.0,31432100000.0
2008-08-06,,,,3829.29,98508932.0,42516200000.0
2008-08-07,,,,3803.55,75695216.0,27120200000.0
2008-08-08,,,,3814.58,63264525.0,23741500000.0
2008-08-11,,,,3890.69,75615943.0,26968400000.0
2008-08-12,,,,3837.83,79556291.0,29982800000.000004
2008-08-13,,,,3811.12,74714466.0,23713500000.0
2008-08-14,,,,3699.72,62036071.0,22497900000.0
2008-08-18,,,,3658.07,44542752.0,16263800000.000002
2008-08-19,,,,3633.24,51404456.0,18145200000.0
2008-08-20,,,,3710.36,48016396.0,17069600000.0
2008-08-21,,,,3576.7,51043638.0,16923500000.0
2008-08-22,,,,3596.31,51036816.0,18990000000.0
2008-08-25,,,,3590.55,41769709.0,14748200000.0
2008-08-26,,,,3588.36,51125094.0,15505600000.0
2008-08-27,,,,3549.03,46300292.0,15863000000.0
2008-08-28,,,,3492.63,73296274.0,26176000000.0
2008-08-29,,,,3618.74,51300348.0,18960100000.0
2008-09-01,,,,3581.9,40178952.0,15709900000.0
2008-09-02,,,,3707.26,62237686.0,24266800000.0
2008-09-04,,,,3663.75,51164961.0,19112000000.0
2008-09-05,,,,3602.25,50808103.0,19380300000.0
2008-09-08,,,,3714.55,58896908.0,26205800000.0
2008-09-09,,,,3718.89,45193593.0,19280000000.0
2008-09-10,,,,3667.61,68084625.0,23787800000.000004
2008-09-11,,,,3566.29,63951709.0,26012500000.0
2008-09-12,,,,3527.14,82422607.0,30861000000.0
2008-09-15,,,,3379.36,78112519.0,27074300000.0
2008-09-16,,,,3371.15,84031615.0,28482900000.0
2008-09-17,,,,3308.81,72909008.0,25294800000.0
2008-09-18,,,,3313.05,138703184.0,43320900000.0
2008-09-19,,,,3485.93,129827188.0,45009399999.99999
2008-09-22,,,,3448.3,80577159.0,26154600000.0
2008-09-23,,,,3377.5,82331428.0,26118800000.0
2008-09-24,,,,3407.23,93173228.0,25826300000.0
2008-09-25,,,,3363.31,117553708.0,34511900000.0
2008-09-26,,,,3252.58,78952786.0,25001400000.0
2008-09-29,,,,3093.04,111059329.0,34085000000.0
2008-09-30,,,,3183.45,131950069.0,40048800000.0
2008-10-01,,,,3204.7,88784254.0,24672000000.0
2008-10-03,,,,3110.33,79705008.0,24483500000.0
2008-10-06,,,,2911.29,81910990.0,24291300000.0
2008-10-07,,,,2930.7,106205833.0,29427199999.999996
2008-10-08,,,,2872.31,119151014.0,29550700000.0
2008-10-10,,,,2610.01,136260813.0,36011100000.0
2008-10-13,,,,2847.07,94954904.0,22972300000.0
2008-10-14,,,,2875.68,101662811.0,26617300000.0
2008-10-15,,,,2686.12,92343275.0,25861800000.0
2008-10-16,,,,2682.99,121537223.0,28943400000.0
2008-10-17,,,,2470.08,109092508.0,25641600000.0
2008-10-20,,,,2464.7,102340593.0,25683600000.0
2008-10-21,,,,2555.27,127010884.0,27651600000.0
2008-10-22,,,,2402.28,92744386.0,20068300000.0
2008-10-23,,,,2326.6,113606705.0,23710500000.0
2008-10-24,,,,2027.21,181883448.0,25632700000.0
2008-10-27,,,,2006.74,199006930.0,24340700000.0
2008-10-28,,,,2155.02,35129328.0,4467000000.0
2008-10-29,,,,2132.43,192191934.0,28638500000.0
2008-10-31,,,,2279.63,172028272.0,29043900000.0
2008-11-03,,,,2448.34,158435960.0,24939100000.0
2008-11-04,,,,2574.53,219711105.0,31214800000.0
2008-11-05,,,,2456.98,217933945.0,32623100000.0
2008-11-06,,,,2397.37,179400017.0,28777900000.0
2008-11-07,,,,2473.68,163515412.0,25550500000.0
2008-11-10,,,,2657.78,180865538.0,29855700000.0
2008-11-11,,,,2453.65,154980617.0,27215100000.000004
2008-11-12,,,,2369.55,176839718.0,30976600000.0
2008-11-14,,,,2348.25,166094415.0,30271400000.0
2008-11-17,,,,2347.83,156749757.0,23693000000.0
2008-11-18,,,,2226.46,131335807.0,21615600000.0
2008-11-19,,,,2166.89,141516545.0,23564699999.999996
2008-11-20,,,,2099.05,124569425.0,19223700000.0
2008-11-21,,,,2214.96,197739213.0,27708000000.0
2008-11-24,,,,2243.28,159506030.0,23500600000.0
2008-11-25,,,,2206.49,153417736.0,22290500000.0
2008-11-26,,,,2278.46,184934680.0,24585500000.0
2008-11-28,,,,2267.2,190068908.0,27067100000.0
2008-12-01,,,,2194.24,185639684.0,23910900000.0
2008-12-02,,,,2214.21,190506524.0,23553600000.0
2008-12-03,,,,2216.52,211903132.0,24979699999.999996
2008-12-04,,,,2340.48,256257879.0,29105300000.000004
2008-12-05,,,,2287.43,245759193.0,25676000000.0
2008-12-08,,,,2380.08,206612687.0,27297199999.999996
2008-12-10,,,,2511.86,262449287.0,35244300000.0
2008-12-11,,,,2521.46,269091225.0,36003900000.0
2008-12-12,,,,2525.28,195088943.0,31415100000.000004
2008-12-15,,,,2570.25,193694604.0,28418400000.0
2008-12-16,,,,2603.82,189642822.0,28354699999.999996
2008-12-17,,,,2477.09,181954878.0,28079699999.999996
2008-12-18,,,,2588.61,246561023.0,35566700000.0
2008-12-19,,,,2635.45,300245397.0,38310900000.0
2008-12-22,,,,2626.22,252517041.0,31697399999.999996
2008-12-23,,,,2569.6,231874346.0,28318000000.0
2008-12-24,,,,2514.17,206848085.0,26457900000.0
2008-12-26,,,,2465.11,147332826.0,19491500000.0
2008-12-29,,,,2514.9,188163130.0,23515300000.000004
2008-12-30,,,,2591.32,205552611.0,25085400000.0
2008-12-31,,,,2579.24,185259092.0,23223700000.0
2009-01-01,,,,2653.29,151765923.0,20074800000.0
2009-01-02,,,,2671.58,233492382.0,30283800000.0
2009-01-05,,,,2687.66,224140693.0,31969899999.999996
2009-01-06,,,,2630.97,254878460.0,38205000000.0
2009-01-07,,,,2449.79,304255994.0,39408800000.0
2009-01-09,,,,2388.11,340296394.0,43493800000.0
2009-01-12,,,,2306.65,199545762.0,26956000000.0
2009-01-13,,,,2262.37,169899307.0,22449600000.0
2009-01-14,,,,2339.73,154413383.0,19742500000.0
2009-01-15,,,,2256.89,153017399.0,19976900000.0
2009-01-16,,,,2352.6,182269299.0,21246500000.0
2009-01-19,,,,2372.24,287321494.0,21489100000.0
2009-01-20,,,,2353.67,176322457.0,21418800000.0
2009-01-21,,,,2263.44,154264290.0,20501600000.0
2009-01-22,,,,2262.57,160661493.0,22466600000.0
2009-01-23,,,,2229.89,156210050.0,18567200000.0
2009-01-27,,,,2329.85,145695989.0,19662100000.0
2009-01-28,,,,2367.78,199259217.0,23513400000.0
2009-01-29,,,,2323.66,267532916.0,29786700000.0
2009-01-30,,,,2356.86,239021474.0,30025400000.0
2009-02-02,,,,2248.79,189612864.0,22124000000.0
2009-02-03,,,,2232.1,191223359.0,24418000000.0
2009-02-04,,,,2249.49,148881678.0,19446700000.0
2009-02-05,,,,2231.5,114339706.0,14712600000.0
2009-02-06,,,,2275.41,139120251.0,15600500000.0
2009-02-09,,,,2335.99,140033356.0,17191900000.0
2009-02-10,,,,2357.56,244889479.0,27490300000.000004
2009-02-11,,,,2367.35,197818742.0,22281000000.0
2009-02-12,,,,2339.83,165348118.0,19239800000.0
2009-02-13,,,,2390.26,134628440.0,21077900000.0
2009-02-16,,,,2304.4,201779410.0,22861400000.0
2009-02-17,,,,2252.97,133323639.0,16467000000.0
2009-02-18,,,,2271.33,149747953.0,20177000000.0
2009-02-19,,,,2282.07,110943779.0,15541400000.000002
2009-02-20,,,,2246.16,96861834.0,14385000000.0
2009-02-24,,,,2242.22,118010374.0,15751099999.999998
2009-02-25,,,,2253.32,113488422.0,16692300000.0
2009-02-26,,,,2283.51,140717817.0,19415800000.0
2009-02-27,,,,2264.25,99865678.0,15593599999.999998
2009-03-02,,,,2190.84,94246457.0,13699300000.0
2009-03-03,,,,2156.41,114820982.0,15846000000.0
2009-03-04,,,,2156.26,103499177.0,16230300000.0
2009-03-05,,,,2100.02,129897895.0,17797100000.0
2009-03-06,,,,2137.96,117338292.0,15382400000.0
2009-03-09,,,,2097.23,80462486.0,10094800000.0
2009-03-12,,,,2076.37,101908559.0,19771300000.0
2009-03-13,,,,2130.72,142229111.0,23470300000.000004
2009-03-16,,,,2181.76,171074028.0,21897700000.0
2009-03-17,,,,2189.04,175146712.0,19427000000.0
2009-03-18,,,,2222.66,187955841.0,26764899999.999996
2009-03-19,,,,2223.39,153435630.0,19375600000.0
2009-03-20,,,,2208.68,115422549.0,19450400000.0
2009-03-23,,,,2289.3,137641517.0,20438400000.0
2009-03-24,,,,2282.58,233850632.0,28352000000.0
2009-03-25,,,,2307.41,290002459.0,31293200000.0
2009-03-26,,,,2390.96,292613109.0,39537800000.0
2009-03-27,,,,2425.74,207615896.0,29459400000.0
2009-03-30,,,,2336.67,172092973.0,21896200000.0
2009-03-31,,,,2369.26,202125210.0,27118200000.0
2009-04-01,,,,2374.43,202997984.0,28788200000.0
2009-04-02,,,,2494.98,259742883.0,37667700000.0
2009-04-06,,,,2563.52,244964085.0,38522400000.0
2009-04-08,,,,2636.39,296753683.0,45940800000.0
2009-04-09,,,,2653.19,328972363.0,44515600000.00001
2009-04-13,,,,2679.04,251582569.0,37807000000.0
2009-04-15,,,,2809.11,329128153.0,49061500000.0
2009-04-16,,,,2693.79,406028091.0,54554900000.0
2009-04-17,,,,2716.58,359191101.0,49096400000.0
2009-04-20,,,,2726.67,252189948.0,38379000000.0
2009-04-21,,,,2741.57,250361862.0,37158900000.0
2009-04-22,,,,2703.44,255866366.0,35123900000.0
2009-04-23,,,,2758.14,231207345.0,32805000000.0
2009-04-24,,,,2824.6,232663535.0,36193900000.0
2009-04-27,,,,2804.47,232115412.0,36206500000.0
2009-04-28,,,,2703.13,239926484.0,36705500000.0
2009-04-29,,,,2780.22,393833977.0,43803400000.0
2009-05-04,,,,2873.02,261883712.0,40511200000.0
2009-05-05,,,,2915.28,345879116.0,48287700000.00001
2009-05-06,,,,2899.8,301411300.0,47250100000.0
2009-05-07,,,,2929.81,218851181.0,35371700000.0
2009-05-08,,,,2888.38,191940512.0,32556400000.0
2009-05-11,,,,2811.31,190664849.0,28140400000.0
2009-05-12,,,,2910.9,253036510.0,34830500000.0
2009-05-13,,,,2882.89,282781793.0,42024700000.0
2009-05-14,,,,2857.38,198898611.0,32152000000.0
2009-05-15,,,,2928.04,200605570.0,34002399999.999996
2009-05-18,,,,3488.89,1769130.0,397700000.00000006
2009-05-19,,,,3581.82,502114142.0,116133400000.0
2009-05-20,,,,3551.85,358301401.0,80340100000.0
2009-05-21,,,,3509.45,279739290.0,58335000000.0
2009-05-22,,,,3541.12,221030820.0,48226200000.0
2009-05-25,,,,3538.53,242256649.0,48373800000.0
2009-05-26,,,,3382.57,253815500.0,52749799999.99999
2009-05-27,,,,3516.26,279781555.0,64819000000.0
2009-05-28,,,,3569.28,323647621.0,75544100000.0
2009-05-29,,,,3688.75,402754922.0,73955500000.0
2009-06-01,,,,3776.53,415361537.0,77510400000.0
2009-06-02,,,,3730.5,302611173.0,61122500000.0
2009-06-03,,,,3753.73,327892978.0,62927600000.0
2009-06-04,,,,3847.47,339605495.0,67754200000.0
2009-06-05,,,,3856.09,312533682.0,64139399999.99999
2009-06-08,,,,3678.7,300423497.0,58302900000.0
2009-06-09,,,,3784.45,350382122.0,65136899999.99999
2009-06-10,,,,3885.98,291203773.0,67971100000.0
2009-06-11,,,,3897.84,307290233.0,63283300000.0
2009-06-12,,,,3796.45,262702134.0,56751700000.0
2009-06-15,,,,3723.91,245277890.0,50953500000.0
2009-06-16,,,,3772.23,235980242.0,52471600000.0
2009-06-17,,,,3619.34,271283183.0,58427299999.99999
2009-06-18,,,,3495.08,315875552.0,58183600000.0
2009-06-19,,,,3556.38,288408007.0,51203600000.0
2009-06-22,,,,3483.41,208614345.0,42464500000.0
2009-06-23,,,,3498.1,267437161.0,50291800000.0
2009-06-24,,,,3575.36,252590397.0,46792400000.0
2009-06-25,,,,3540.58,298357571.0,58113000000.0
2009-06-26,,,,3627.71,203260234.0,43684399999.99999
2009-06-29,,,,3659.38,262666912.0,48798900000.0
2009-06-30,,,,3533.86,276048733.0,52207600000.0
2009-07-01,,,,3600.26,244680911.0,44195800000.0
2009-07-02,,,,3591.74,181791957.0,38891200000.0
2009-07-03,,,,3649.64,156299787.0,32942000000.0
2009-07-06,,,,3415.11,287562359.0,61949500000.0
2009-07-07,,,,3460.82,214284687.0,44655100000.0
2009-07-08,,,,3333.28,265016829.0,44668600000.0
2009-07-09,,,,3328.43,347351483.0,46683600000.0
2009-07-10,,,,3250.88,242750248.0,39805900000.0
2009-07-13,,,,3182.52,221673366.0,34460200000.0
2009-07-14,,,,3309.4,198095493.0,35791700000.0
2009-07-15,,,,3452.62,210999877.0,39642200000.0
2009-07-16,,,,3451.36,220667682.0,45206600000.0
2009-07-17,,,,3550.46,182386680.0,41166700000.0
2009-07-20,,,,3617.15,195037093.0,38183800000.0
2009-07-21,,,,3573.15,230481499.0,42597000000.0
2009-07-22,,,,3524.03,266243075.0,53985700000.0
2009-07-23,,,,3611.57,186633019.0,43819100000.0
2009-07-24,,,,3688.9,279265341.0,54022000000.0
2009-07-27,,,,3750.26,218241376.0,46817500000.0
2009-07-28,,,,3794.89,289158898.0,55512100000.0
2009-07-29,,,,3715.63,276961306.0,52990500000.0
2009-07-30,,,,3728.26,214909454.0,46008300000.0
2009-07-31,,,,3714.34,206684377.0,42292299999.99999
2009-08-03,,,,3778.55,220998359.0,41274000000.0
2009-08-04,,,,3731.96,222248574.0,45132900000.0
2009-08-05,,,,3720.85,166269485.0,35738600000.0
2009-08-06,,,,3639.84,194287120.0,42498200000.0
2009-08-07,,,,3538.73,190024342.0,39282000000.0
2009-08-10,,,,3479.29,199044046.0,37223100000.0
2009-08-11,,,,3497.84,182197060.0,35545800000.0
2009-08-12,,,,3541.14,193370526.0,37493200000.0
2009-08-13,,,,3657.22,188032110.0,35687500000.0
2009-08-14,,,,3612.84,151822655.0,31034400000.0
2009-08-17,,,,3486.11,178514134.0,32315200000.0
2009-08-18,,,,3573.17,200018137.0,35825600000.0
2009-08-19,,,,3515.32,194833711.0,35767800000.0
2009-08-20,,,,3549.13,120327818.0,23949200000.0
2009-08-21,,,,3600.22,134361087.0,29277800000.000004
2009-08-24,,,,3676.39,164479321.0,32731200000.0
2009-08-25,,,,3684.81,185463471.0,36493600000.0
2009-08-26,,,,3702.23,148352420.0,28140600000.0
2009-08-27,,,,3723.63,160167289.0,31877100000.0
2009-08-28,,,,3785.77,231913536.0,45357000000.0
2009-08-31,,,,3767.29,296303772.0,47959300000.0
2009-09-01,,,,3717.93,264929588.0,45906300000.0
2009-09-02,,,,3678.4,207285425.0,38733000000.0
2009-09-03,,,,3666.73,195500455.0,35604600000.0
2009-09-04,,,,3704.18,193093728.0,38517400000.0
2009-09-07,,,,3803.48,187215491.0,37800600000.0
2009-09-08,,,,3802.61,210741562.0,45963200000.0
2009-09-09,,,,3757.07,158640454.0,36337500000.0
2009-09-10,,,,3757.84,160602701.0,36646200000.0
2009-09-11,,,,3745.48,151895282.0,32689500000.0
2009-09-14,,,,3722.76,115523482.0,24359200000.0
2009-09-15,,,,3784.43,148711735.0,30106300000.0
2009-09-16,,,,3818.36,146974022.0,32678800000.0
2009-09-17,,,,3843.56,192901400.0,41068700000.0
2009-09-18,,,,3879.99,166851482.0,40616500000.0
2009-09-22,,,,3872.62,136571539.0,30634300000.0
2009-09-23,,,,3796.95,207651296.0,44164200000.0
2009-09-24,,,,3821.43,179215318.0,40317800000.0
2009-09-25,,,,3806.63,133122311.0,29404800000.0
2009-09-29,,,,3818.39,113172873.0,25082100000.0
2009-09-30,,,,3860.83,110942379.0,28726900000.0
2009-10-01,,,,3876.27,155927802.0,42407500000.0
2009-10-05,,,,3765.01,181597608.0,46050400000.0
2009-10-06,,,,3696.63,299156719.0,69273200000.0
2009-10-07,,,,3695.36,200457830.0,53087800000.0
2009-10-08,,,,3679.45,220680733.0,52836400000.0
2009-10-09,,,,3660.86,157828008.0,37120900000.0
2009-10-12,,,,3707.12,130555431.0,31148200000.0
2009-10-14,,,,3733.77,182723865.0,44538900000.0
2009-10-15,,,,3720.0,211067259.0,44490500000.0
2009-10-16,,,,3760.0,157809973.0,38262800000.0
2009-10-17,,,,3765.27,33421841.0,7846200000.0
2009-10-20,,,,3751.18,140290401.0,34531900000.0
2009-10-21,,,,3740.1,167614352.0,42092800000.0
2009-10-22,,,,3668.59,152083810.0,38209300000.0
2009-10-23,,,,3654.86,143231485.0,37896800000.0
2009-10-26,,,,3604.11,155119326.0,34300800000.0
2009-10-27,,,,3488.8,238556594.0,42771400000.0
2009-10-28,,,,3486.42,206984595.0,37838500000.0
2009-10-29,,,,3376.09,251017632.0,46747100000.0
2009-10-30,,,,3326.31,228710357.0,44563600000.0
2009-11-03,,,,3211.98,239190813.0,42216100000.0
2009-11-04,,,,3298.81,256846244.0,36596300000.0
2009-11-05,,,,3373.82,263749225.0,41687800000.0
2009-11-06,,,,3398.64,216018531.0,37217400000.0
2009-11-09,,,,3414.13,177067385.0,30197800000.000004
2009-11-10,,,,3367.35,175148231.0,35047700000.0
2009-11-11,,,,3454.55,199688068.0,35851500000.0
2009-11-12,,,,3436.43,218728951.0,38762800000.0
2009-11-13,,,,3439.03,165164141.0,29256600000.0
2009-11-16,,,,3476.26,162577837.0,26789200000.0
2009-11-17,,,,3457.46,148062146.0,27471600000.0
2009-11-18,,,,3455.48,132064230.0,25634200000.0
2009-11-19,,,,3403.41,220262973.0,31089100000.0
2009-11-20,,,,3417.19,224651391.0,36105900000.0
2009-11-23,,,,3392.39,128376081.0,24150900000.0
2009-11-24,,,,3397.59,126403210.0,23703300000.0
2009-11-25,,,,3383.86,123695109.0,23803900000.0
2009-11-26,,,,3338.56,141652567.0,28951900000.0
2009-11-27,,,,3310.56,216000372.0,35826100000.0
2009-11-30,,,,3373.21,205692912.0,31682000000.0
2009-12-01,,,,3430.23,228541299.0,36360700000.0
2009-12-02,,,,3429.11,195145844.0,35498600000.0
2009-12-03,,,,3446.69,164590241.0,31320100000.000004
2009-12-04,,,,3447.84,152288610.0,25667100000.0
2009-12-07,,,,3427.47,161062819.0,27364300000.0
2009-12-08,,,,3496.52,165954446.0,28643800000.0
2009-12-09,,,,3489.33,177515904.0,32411700000.0
2009-12-10,,,,3537.06,156558374.0,31555500000.0
2009-12-11,,,,3528.09,146852990.0,30365800000.0
2009-12-14,,,,3506.17,115288219.0,25147900000.0
2009-12-15,,,,3462.03,129066665.0,24352000000.0
2009-12-16,,,,3472.23,128730456.0,22694699999.999996
2009-12-17,,,,3455.68,155704913.0,26004699999.999996
2009-12-18,,,,3420.56,139259273.0,23791100000.0
2009-12-21,,,,3382.09,108925295.0,18992300000.0
2009-12-22,,,,3434.6,99562664.0,16632800000.0
2009-12-23,,,,3551.83,153031819.0,25709800000.0
2009-12-24,,,,3555.43,128762310.0,23847100000.0
2009-12-29,,,,3580.83,98044998.0,18468800000.0
2009-12-30,,,,3575.09,96830347.0,16605000000.0
2009-12-31,,,,3602.06,116230893.0,23872900000.0
2010-01-04,,,,3614.62,90474471.0,17044100000.0
2010-01-05,,,,3654.76,158822477.0,27450800000.0
2010-01-06,,,,3647.76,137949507.0,27013800000.0
2010-01-07,,,,3646.83,110776190.0,20969100000.0
2010-01-08,,,,3671.26,140044526.0,27080500000.0
2010-01-11,,,,3704.12,147997589.0,26228700000.0
2010-01-12,,,,3637.07,133753789.0,26714899999.999996
2010-01-13,,,,3634.86,114468873.0,22264100000.0
2010-01-14,,,,3655.84,107859744.0,24237100000.0
2010-01-15,,,,3663.08,108915980.0,21770200000.0
2010-01-18,,,,3667.43,96870522.0,18514600000.0
2010-01-19,,,,3626.45,94731924.0,19855700000.0
2010-01-20,,,,3636.63,103859406.0,20612600000.000004
2010-01-21,,,,3513.91,126052921.0,29798300000.0
2010-01-22,,,,3489.15,178939427.0,39553000000.0
2010-01-25,,,,3491.05,115737762.0,22048100000.0
2010-01-27,,,,3374.34,174315024.0,30822500000.0
2010-01-28,,,,3357.92,172011714.0,32994300000.0
2010-01-29,,,,3374.74,178317028.0,34537600000.0
2010-02-01,,,,3388.68,158183292.0,26336400000.0
2010-02-02,,,,3323.51,146501090.0,25552199999.999996
2010-02-03,,,,3374.64,99188268.0,18857200000.0
2010-02-04,,,,3308.92,104169848.0,17025000000.0
2010-02-05,,,,3234.53,143251874.0,22383200000.0
2010-02-06,,,,3266.05,19182215.0,2488600000.0
2010-02-08,,,,3275.13,120760366.0,19456400000.0
2010-02-09,,,,3296.97,106526637.0,18142800000.0
2010-02-10,,,,3270.4,121907432.0,20660100000.000004
2010-02-11,,,,3298.46,95225831.0,15351500000.0
2010-02-15,,,,3240.32,105019873.0,18736100000.0
2010-02-16,,,,3248.89,112747306.0,24997900000.0
2010-02-17,,,,3273.88,105482620.0,19950300000.0
2010-02-18,,,,3269.02,122158556.0,17236000000.0
2010-02-19,,,,3222.14,134794463.0,19971100000.0
2010-02-22,,,,3213.16,103098015.0,16462000000.0
2010-02-23,,,,3226.16,80747692.0,14283200000.0
2010-02-24,,,,3223.36,89308061.0,17068900000.000002
2010-02-25,,,,3216.04,120413286.0,21628200000.0
2010-02-26,,,,3250.9,210348984.0,34002800000.000004
2010-03-02,,,,3304.83,141640641.0,25712800000.000004
2010-03-03,,,,3358.67,121396440.0,22063800000.0
2010-03-04,,,,3373.93,139762498.0,21749500000.0
2010-03-05,,,,3393.78,164005955.0,25948000000.0
2010-03-08,,,,3391.04,121381482.0,21307199999.999996
2010-03-09,,,,3353.52,101005459.0,16540000000.0
2010-03-10,,,,3345.51,108576477.0,19281400000.0
2010-03-11,,,,3353.41,95306937.0,16330500000.0
2010-03-12,,,,3337.68,77206209.0,16369200000.0
2010-03-15,,,,3329.05,80120460.0,15929200000.0
2010-03-16,,,,3356.65,71879623.0,14760600000.0
2010-03-17,,,,3377.26,110596576.0,20467400000.0
2010-03-18,,,,3383.76,118669750.0,17853100000.0
2010-03-19,,,,3409.43,93943140.0,16186199999.999998
2010-03-22,,,,3377.27,89990538.0,16673300000.0
2010-03-23,,,,3371.92,92518737.0,16518200000.0
2010-03-25,,,,3395.82,111176970.0,24210400000.0
2010-03-26,,,,3387.26,,
2010-03-29,,,,3413.2,81326424.0,16754000000.0
2010-03-30,,,,3410.38,85556322.0,16443800000.000002
2010-03-31,,,,3422.58,,
2010-04-01,,,,3428.89,75036677.0,16918699999.999998
2010-04-05,,,,3484.08,83866808.0,18268500000.0
2010-04-06,,,,3513.76,102590055.0,20817700000.0
2010-04-07,,,,3533.23,114364877.0,21885400000.0
2010-04-08,,,,3500.4,108501539.0,18469700000.0
2010-04-09,,,,3525.64,100695129.0,18212100000.0
2010-04-12,,,,3495.91,94073314.0,16717500000.0
2010-04-13,,,,3499.27,61172018.0,13408800000.000002
2010-04-15,,,,3486.88,135807972.0,22012300000.0
2010-04-16,,,,3457.26,97826393.0,17011700000.0
2010-04-19,,,,3421.39,104040027.0,16682600000.0
2010-04-20,,,,3444.31,132397999.0,19929700000.0
2010-04-21,,,,3462.63,140211105.0,19882300000.0
2010-04-22,,,,3450.97,96049609.0,18582600000.0
2010-04-23,,,,3462.39,97677587.0,19606300000.0
2010-04-26,,,,3464.08,84894694.0,13984800000.0
2010-04-27,,,,3464.79,115678654.0,16520200000.0
2010-04-28,,,,3410.93,121276508.0,18265000000.0
2010-04-29,,,,3428.73,111174153.0,17904700000.0
2010-04-30,,,,3453.83,98461287.0,16876300000.000002
2010-05-03,,,,3415.4,68502488.0,11276099999.999998
2010-05-04,,,,3354.64,88998610.0,15490200000.0
2010-05-05,,,,3349.66,132525085.0,20161400000.0
2010-05-06,,,,3318.7,127504925.0,18640000000.0
2010-05-07,,,,3253.55,151943173.0,24722100000.0
2010-05-10,,,,3346.83,124232219.0,20592100000.0
2010-05-11,,,,3284.87,107124303.0,16864200000.0
2010-05-12,,,,3250.82,137244957.0,23000900000.0
2010-05-13,,,,3272.12,134534428.0,22963300000.0
2010-05-14,,,,3237.63,89166337.0,15927900000.0
2010-05-17,,,,3242.27,110134936.0,25765900000.0
2010-05-18,,,,3260.53,86433597.0,22686000000.0
2010-05-19,,,,3174.37,138265112.0,24257500000.0
2010-05-20,,,,3173.83,120005667.0,18783300000.0
2010-05-21,,,,3132.56,142475133.0,19482000000.0
2010-05-24,,,,3173.58,126718720.0,22177300000.0
2010-05-25,,,,3090.58,119549722.0,19626000000.0
2010-05-26,,,,3130.64,129746529.0,17920500000.0
2010-05-27,,,,3172.36,135942374.0,23817100000.0
2010-05-28,,,,3222.92,107013049.0,16881900000.0
2010-05-31,,,,3229.79,134957757.0,17930100000.0
2010-06-01,,,,3155.71,127713158.0,17980900000.0
2010-06-02,,,,3214.3,162087118.0,23267100000.0
2010-06-03,,,,3274.49,129451255.0,19385900000.0
2010-06-04,,,,3280.0,116172411.0,17038300000.0
2010-06-07,,,,3214.7,118464729.0,19186500000.0
2010-06-08,,,,3177.35,108357401.0,17880900000.0
2010-06-09,,,,3199.57,106688475.0,17652200000.0
2010-06-10,,,,3266.53,109996119.0,18603400000.0
2010-06-11,,,,3266.29,120957049.0,20790200000.0
2010-06-14,,,,3291.85,106797218.0,19437500000.0
2010-06-15,,,,3341.23,177802106.0,27055300000.000004
2010-06-16,,,,3335.45,164778178.0,25857300000.0
2010-06-17,,,,3362.11,142592895.0,26900000000.0
2010-06-18,,,,3353.56,141981430.0,29206800000.0
2010-06-21,,,,3396.01,103310355.0,19439300000.0
2010-06-22,,,,3371.94,107747319.0,18788900000.0
2010-06-23,,,,3359.16,95880090.0,18440400000.0
2010-06-24,,,,3358.64,124621137.0,21777900000.0
2010-06-25,,,,3351.17,95052087.0,16938500000.0
2010-06-28,,,,3413.51,97355916.0,18458800000.0
2010-06-29,,,,3374.29,94270680.0,18520600000.0
2010-06-30,,,,3397.06,92781415.0,17543300000.0
2010-07-01,,,,3380.54,74860978.0,14705000000.0
2010-07-02,,,,3377.46,85119943.0,15413100000.0
2010-07-05,,,,3369.06,71575618.0,13699700000.0
2010-07-06,,,,3381.59,70955618.0,13844100000.0
2010-07-07,,,,3372.47,84519043.0,14649500000.0
2010-07-08,,,,3392.5,70039844.0,13977500000.0
2010-07-09,,,,3458.09,165023704.0,31424400000.0
2010-07-12,,,,3479.03,128917310.0,23326700000.0
2010-07-13,,,,3497.76,161756016.0,25551700000.0
2010-07-14,,,,3507.01,146765801.0,28373300000.0
2010-07-15,,,,3489.9,94603679.0,16666000000.0
2010-07-16,,,,3493.23,68593704.0,13093900000.000002
2010-07-19,3475.2,3510.35,3474.0,3500.6,68986360.0,13900000000.0
2010-07-20,3515.45,3526.95,3487.85,3499.5,83935536.0,14305000000.0
2010-07-21,3507.05,3513.15,3494.1,3500.4,66623553.0,12670000000.0
2010-07-22,3493.35,3534.95,3482.8,3530.3,82355969.0,16661099999.999998
2010-07-23,3547.8,3554.55,3525.6,3541.85,101427365.0,20219500000.0
2010-07-26,3545.7,3547.45,3517.8,3527.95,96383810.0,16612100000.0
2010-07-27,3530.65,3536.15,3492.85,3516.75,97715829.0,24199699999.999996
2010-07-28,3522.9,3529.6,3490.65,3496.35,76184013.0,15379900000.0
2010-07-29,3483.55,3488.85,3468.2,3474.2,89857861.0,18447300000.0
2010-07-30,3473.7,3473.7,3427.85,3432.55,87921720.0,17122900000.0
2010-08-02,3450.7,3471.25,3449.25,3460.25,61794574.0,12896900000.0
2010-08-03,3470.75,3473.95,3452.7,3469.45,89439137.0,18337200000.0
2010-08-04,3473.05,3499.45,3463.3,3491.25,78242677.0,15818400000.0
2010-08-05,3492.35,3502.8,3472.45,3478.35,90730652.0,15437800000.0
2010-08-06,3485.05,3494.35,3457.9,3465.35,73333411.0,11656800000.0
2010-08-09,3465.55,3512.95,3465.55,3510.0,97404786.0,15334100000.0
2010-08-10,3512.9,3516.8,3482.9,3492.85,109532012.0,16874100000.0
2010-08-11,3491.85,3518.25,3468.1,3471.75,91570004.0,17480000000.0
2010-08-12,3449.75,3476.8,3442.55,3463.65,98239244.0,15537300000.0
2010-08-13,3467.0,3494.8,3467.0,3477.95,95435928.0,14247100000.0
2010-08-16,3472.95,3482.8,3436.15,3453.9,101217575.0,14659700000.0
2010-08-17,3449.95,3469.1,3438.7,3443.0,76872284.0,12372700000.0
2010-08-18,3454.6,3454.6,3428.85,3450.55,87798978.0,13735200000.0
2010-08-19,3455.15,3463.7,3450.35,3459.9,103192358.0,14306600000.0
2010-08-20,3451.9,3473.05,3445.75,3468.05,87064382.0,16584600000.0
2010-08-23,3470.75,3500.45,3470.75,3495.65,71739678.0,13915400000.0
2010-08-24,3506.2,3506.6,3464.35,3467.3,74276330.0,12915300000.0
2010-08-25,3465.85,3468.2,3428.75,3433.3,86882119.0,13859200000.0
2010-08-26,3439.9,3468.35,3427.7,3459.15,107368689.0,18352800000.0
2010-08-27,3459.9,3472.05,3396.7,3411.85,90228044.0,13426400000.000002
2010-08-30,3438.05,3446.8,3399.75,3411.35,73175312.0,11647300000.0
2010-08-31,3404.0,3409.3,3364.75,3391.8,93072547.0,15930100000.0
2010-09-01,3396.6,3454.0,3396.6,3449.3,75939203.0,13098300000.0
2010-09-02,3462.6,3475.25,3443.75,3446.7,107114041.0,14304300000.0
2010-09-03,3456.55,3466.65,3445.6,3455.35,106822108.0,12662300000.0
2010-09-06,3454.65,3500.4,3454.65,3493.05,81362328.0,13509200000.0
2010-09-07,3498.95,3518.1,3494.75,3510.05,103628739.0,15544900000.0
2010-09-08,3499.25,3525.05,3490.05,3522.2,78219839.0,12579100000.0
2010-09-09,3532.3,3550.35,3529.1,3540.0,76097215.0,14313900000.000002
2010-09-13,3563.25,3595.8,3556.6,3580.75,79478650.0,16347400000.0
2010-09-14,3589.8,3616.95,3581.25,3596.7,105904053.0,19995400000.0
2010-09-15,3603.8,3614.85,3588.7,3598.8,90276784.0,17216800000.0
2010-09-16,3595.05,3615.35,3572.75,3581.9,125441653.0,21477900000.0
2010-09-17,3598.55,3631.75,3598.55,3623.0,129886693.0,22773700000.0
2010-09-20,3630.6,3668.6,3624.95,3662.65,114027276.0,22966400000.0
2010-09-21,3673.55,3690.55,3650.3,3673.5,103838845.0,24522399999.999996
2010-09-22,3689.0,3693.4,3626.25,3650.75,97161740.0,20366300000.0
2010-09-23,3660.15,3665.35,3613.25,3628.6,94396611.0,16659900000.0
2010-09-24,3627.85,3685.15,3623.2,3680.5,102001303.0,20564899999.999996
2010-09-27,3702.8,3730.4,3692.85,3716.45,103288464.0,20386800000.0
2010-09-28,3721.05,3759.0,3719.35,3753.5,108097519.0,21329200000.0
2010-09-29,3770.25,3777.9,3713.0,3718.35,96113038.0,19631800000.0
2010-09-30,3720.1,3728.6,3684.25,3719.3,109358509.0,21657000000.0
2010-10-01,3728.75,3788.5,3728.75,3781.9,127162450.0,23953600000.0
2010-10-04,3805.35,3822.35,3772.3,3780.4,133937445.0,21739000000.0
2010-10-05,3781.85,3810.65,3767.9,3788.4,118172002.0,21927700000.0
2010-10-06,3806.75,3837.45,3806.75,3826.75,146866571.0,26076500000.0
2010-10-07,3832.95,3860.4,3783.95,3790.7,145147939.0,25749000000.0
2010-10-08,3802.2,3816.1,3750.3,3772.6,90217526.0,16771400000.000002
2010-10-11,3796.05,3808.5,3755.95,3765.05,77035067.0,15086400000.000002
2010-10-12,3771.45,3771.45,3697.75,3715.4,81116190.0,15083000000.0
2010-10-13,3729.65,3802.75,3715.95,3794.75,93571895.0,20798900000.0
2010-10-14,3804.5,3821.75,3716.1,3728.65,105890536.0,19776100000.0
2010-10-15,3737.85,3745.6,3662.7,3675.75,84860740.0,16390600000.0
2010-10-18,3687.25,3687.25,3605.5,3674.25,100278064.0,20905800000.0
2010-10-19,3697.3,3699.95,3625.45,3641.8,91803479.0,15947000000.0
2010-10-20,3630.7,3661.95,3619.95,3629.55,79181118.0,13014600000.0
2010-10-21,3644.9,3716.35,3636.85,3707.4,84003983.0,14013900000.000002
2010-10-22,3710.9,3716.9,3669.9,3680.25,82188314.0,12897400000.0
2010-10-25,3695.9,3722.05,3686.6,3691.25,74958648.0,13317500000.0
2010-10-26,3693.9,3699.55,3670.7,3675.2,65318778.0,11637800000.0
2010-10-27,3669.85,3671.85,3611.6,3630.45,71565047.0,13302900000.0
2010-10-28,3641.15,3659.15,3587.7,3603.1,154664179.0,30274600000.0
2010-10-29,3611.75,3621.4,3567.85,3598.35,73111843.0,15279600000.0
2010-11-01,3626.1,3675.15,3626.1,3667.9,83351621.0,15064400000.0
2010-11-02,3672.1,3684.05,3659.5,3674.35,94874111.0,18084800000.0
2010-11-03,3688.45,3708.4,3680.65,3687.75,79048843.0,14540000000.0
2010-11-04,3703.55,3743.75,3703.55,3724.15,77896701.0,15276900000.0
2010-11-05,3741.35,3756.6,3733.35,3740.8,18572966.0,2807300000.0
2010-11-08,3742.0,3747.9,3707.9,3729.9,100929615.0,17325800000.0
2010-11-09,3733.15,3758.65,3720.2,3754.6,91743792.0,15557400000.0
2010-11-10,3754.75,3766.2,3725.55,3729.85,85932212.0,15343900000.000002
2010-11-11,3724.9,3737.25,3666.1,3673.2,125373908.0,24328800000.0
2010-11-12,3661.4,3664.45,3580.45,3590.05,118612824.0,22497300000.0
2010-11-15,3592.8,3592.8,3548.4,3584.85,97864430.0,16354600000.0
2010-11-16,3598.15,3598.15,3486.35,3492.25,111298731.0,18941400000.0
2010-11-18,3525.1,3528.85,3454.5,3518.25,156678702.0,23260200000.0
2010-11-19,3524.75,3543.5,3465.5,3480.5,137830542.0,24085600000.0
2010-11-22,3497.5,3524.55,3481.3,3514.45,99590206.0,15170200000.0
2010-11-23,3491.35,3491.35,3408.75,3476.65,118614755.0,19493300000.0
2010-11-24,3476.9,3490.0,3426.6,3438.3,101937293.0,17573700000.0
2010-11-25,3445.45,3448.7,3318.85,3336.8,317075064.0,43082700000.00001
2010-11-26,3355.45,3362.9,3203.7,3294.4,302659619.0,36580100000.0
2010-11-29,3310.2,3332.0,3273.8,3325.45,143304092.0,18861800000.0
2010-11-30,3318.85,3393.45,3289.2,3388.4,182523949.0,27522000000.0
2010-12-01,3391.75,3467.3,3380.35,3457.85,148861649.0,20190900000.0
2010-12-02,3488.1,3499.6,3437.85,3450.7,143092170.0,20996600000.0
2010-12-03,3455.3,3461.3,3408.55,3424.85,128597261.0,18054000000.0
2010-12-06,3442.55,3472.3,3417.25,3425.45,86312164.0,13293000000.0
2010-12-07,3424.55,3445.6,3395.7,3435.15,106618706.0,15410900000.0
2010-12-08,3432.1,3432.3,3384.8,3397.0,90036565.0,13158400000.0
2010-12-09,3410.9,3410.9,3289.85,3304.1,123288817.0,16859800000.0
2010-12-10,3299.6,3355.9,3272.5,3331.45,111770842.0,19869000000.0
2010-12-13,3346.65,3383.35,3310.05,3378.8,87893234.0,15278200000.0
2010-12-14,3388.0,3417.75,3375.65,3414.1,84096223.0,13321700000.0
2010-12-15,3410.95,3421.05,3386.5,3398.2,90465247.0,13898200000.0
2010-12-16,3403.95,3405.1,3358.75,3394.95,97005618.0,15232300000.0
2010-12-20,3391.25,3392.35,3354.6,3361.75,65285896.0,10328400000.0
2010-12-21,3367.35,3384.4,3360.55,3367.8,67352921.0,9607600000.0
2010-12-22,3376.95,3393.15,3354.35,3369.0,63376495.0,10091700000.0
2010-12-23,3377.15,3377.15,3347.9,3351.3,51767205.0,9061500000.0
2010-12-24,3337.3,3400.35,3337.3,3395.2,90461619.0,13227000000.0
2010-12-27,3399.25,3412.75,3364.65,3370.05,71398429.0,9808400000.0
2010-12-28,3378.05,3382.7,3364.05,3371.2,65240391.0,9085900000.0
2010-12-29,3378.85,3403.95,3374.95,3400.75,53463850.0,8490100000.0
2010-12-30,3398.7,3433.0,3398.7,3429.1,125910600.0,16909400000.0
2010-12-31,3436.1,3471.7,3433.95,3457.6,84009317.0,13408400000.0
2011-01-03,3471.75,3491.1,3458.35,3479.55,71353448.0,11666000000.0
2011-01-04,3487.75,3496.6,3456.1,3472.45,119666761.0,16627900000.0
2011-01-05,3473.7,3477.95,3415.15,3425.6,97543849.0,14891700000.0
2011-01-06,3438.2,3445.25,3390.7,3397.15,104459646.0,16293500000.0
2011-01-07,3391.2,3397.7,3309.05,3321.4,97980456.0,15850400000.0
2011-01-10,3322.35,3323.85,3218.85,3229.75,95047270.0,16483400000.0
2011-01-11,3236.9,3262.0,3189.45,3216.85,118408762.0,20778100000.0
2011-01-12,3240.3,3251.55,3168.2,3244.9,145549238.0,21187900000.0
2011-01-13,3249.8,3274.5,3213.65,3227.85,125022835.0,17479000000.0
2011-01-14,3232.5,3256.7,3172.9,3180.85,119987616.0,17528100000.0
2011-01-17,3169.2,3177.8,3129.55,3139.35,100020060.0,19204800000.0
2011-01-18,3150.4,3160.2,3121.15,3140.75,90616560.0,14003200000.0
2011-01-19,3148.35,3154.9,3107.55,3120.7,89460668.0,15763100000.0
2011-01-20,3099.7,3128.4,3094.15,3121.0,79275435.0,13292100000.0
2011-01-21,3120.35,3138.9,3111.1,3124.3,72140904.0,13636700000.0
2011-01-24,3132.7,3148.55,3129.1,3139.8,53127093.0,9505700000.0
2011-01-25,3160.55,3179.7,3142.5,3146.45,76891952.0,13223699999.999998
2011-01-27,3161.35,3163.45,3079.15,3087.7,142789504.0,19884800000.0
2011-01-28,3086.45,3087.3,2992.55,3020.85,127207035.0,17641100000.0
2011-01-31,3011.45,3054.1,2980.35,3042.8,120856975.0,20029600000.0
2011-02-01,3062.65,3063.9,2954.3,2972.05,187488550.0,21851100000.0
2011-02-02,2984.85,2996.95,2951.15,2962.05,169062692.0,21230600000.0
2011-02-03,2957.25,3052.1,2955.65,3049.0,125674497.0,20037800000.0
2011-02-04,3052.75,3061.0,2959.45,2972.35,142594492.0,19724100000.0
2011-02-07,2985.15,2999.2,2954.7,2965.75,114211869.0,15620200000.0
2011-02-08,2984.9,2984.9,2900.2,2906.25,156815149.0,16529300000.0
2011-02-09,2895.85,2907.35,2781.75,2809.0,257434520.0,28807300000.0
2011-02-10,2811.0,2838.75,2766.6,2817.45,285428300.0,30399800000.0
2011-02-11,2819.3,2876.95,2784.25,2867.25,231052504.0,22624600000.0
2011-02-14,2886.3,2983.9,2886.3,2976.0,157133627.0,20860700000.0
2011-02-15,2983.05,2993.15,2940.25,2953.95,212057274.0,21182800000.000004
2011-02-16,2957.25,2984.95,2951.7,2975.25,189352772.0,16258599999.999998
2011-02-17,2984.55,3024.75,2956.65,3020.3,154230769.0,17415300000.0
2011-02-18,3024.3,3043.15,2937.85,2946.0,165202493.0,20054000000.0
2011-02-21,2948.5,2963.6,2910.45,2957.9,118532290.0,14554100000.0
2011-02-22,2941.2,2941.2,2901.95,2914.0,125454539.0,14308800000.000002
2011-02-23,2907.25,2942.5,2899.3,2904.75,150266891.0,23366100000.0
2011-02-24,2897.3,2907.95,2805.9,2815.85,177886336.0,26576500000.0
2011-02-25,2842.3,2846.95,2771.3,2810.2,164053833.0,20729800000.0
2011-02-28,2829.45,2884.1,2801.95,2810.55,238804089.0,29218400000.0
2011-03-01,2829.1,2916.8,2824.2,2908.9,167246499.0,21058000000.0
2011-03-03,2896.7,2953.85,2886.15,2939.3,179050625.0,23568600000.0
2011-03-04,2955.1,2967.7,2905.85,2912.8,158555948.0,19998900000.0
2011-03-07,2893.4,2893.4,2836.75,2872.0,113875306.0,14262500000.0
2011-03-08,2871.45,2907.5,2871.45,2893.8,97688910.0,12570000000.0
2011-03-09,2907.45,2919.8,2884.9,2908.85,125231205.0,13260300000.0
2011-03-10,2903.35,2906.25,2881.15,2899.7,120604615.0,14849200000.0
2011-03-11,2880.35,2907.15,2843.45,2853.5,126277431.0,15888300000.0
2011-03-14,2850.8,2891.8,2848.6,2889.3,140707724.0,13579300000.0
2011-03-15,2849.55,2854.25,2799.85,2825.05,132359277.0,17362200000.0
2011-03-16,2837.25,2880.25,2837.25,2863.75,108050997.0,14777200000.0
2011-03-17,2841.35,2885.65,2839.2,2858.05,105366990.0,14482400000.0
2011-03-18,2875.25,2882.05,2830.65,2835.45,88075017.0,12843599999.999998
2011-03-21,2847.7,2852.3,2818.6,2823.15,74958172.0,9824100000.0
2011-03-22,2840.6,2865.1,2836.75,2859.2,73401529.0,9332700000.0
2011-03-23,2859.95,2893.1,2856.2,2889.75,85226293.0,11752700000.0
2011-03-24,2901.0,2925.25,2901.0,2922.45,148584463.0,19048400000.0
2011-03-25,2934.9,2994.25,2934.9,2987.9,119619710.0,18096100000.0
2011-03-28,2987.9,3032.65,2987.9,3019.15,109275608.0,18634700000.0
2011-03-29,3018.1,3080.7,3018.1,3052.9,141940779.0,20244500000.0
2011-03-30,3058.2,3086.4,3057.5,3067.5,105218923.0,17838400000.0
2011-03-31,3074.7,3095.5,3053.5,3076.65,165443525.0,27925800000.0
2011-04-01,3084.4,3104.35,3079.8,3096.0,150559799.0,18021500000.0
2011-04-04,3096.4,3152.4,3085.05,3142.9,130111377.0,18268900000.0
2011-04-05,3154.3,3167.4,3126.95,3142.45,172282150.0,19915200000.0
2011-04-06,3140.6,3163.95,3122.3,3138.0,201073121.0,21017700000.0
2011-04-07,3140.45,3157.0,3131.45,3153.95,179681817.0,19890800000.0
2011-04-08,3160.85,3167.7,3124.8,3139.75,161368167.0,19961600000.0
2011-04-11,3130.15,3150.6,3103.45,3108.7,109671988.0,13685500000.0
2011-04-13,3083.2,3192.55,3074.1,3180.15,138734826.0,22119699999.999996
2011-04-15,3173.3,3199.5,3157.35,3175.0,116630731.0,18940300000.0
2011-04-18,3184.65,3217.5,3113.4,3118.8,107060759.0,17168500000.0
2011-04-19,3110.55,3136.7,3088.4,3129.6,89469945.0,13856700000.0
2011-04-20,3149.8,3163.65,3110.7,3155.2,166464486.0,19018400000.0
2011-04-21,3163.25,3176.4,3125.45,3140.1,107628432.0,15225400000.0
2011-04-25,3128.4,3151.2,3128.4,3141.65,68420698.0,10437300000.0
2011-04-26,3144.25,3154.45,3101.0,3142.65,97137668.0,13507200000.0
2011-04-27,3151.65,3164.15,3109.25,3113.4,82705711.0,14738699999.999998
2011-04-28,3119.85,3125.3,3072.7,3078.45,160663174.0,21774600000.0
2011-04-29,3084.6,3084.6,3009.5,3022.7,115249286.0,17590600000.0
2011-05-02,3033.55,3047.25,3008.25,3038.7,86884711.0,10798400000.0
2011-05-03,3032.0,3039.0,2955.7,2962.05,113460895.0,15258300000.0
2011-05-04,2965.65,2971.15,2938.0,2951.2,106061503.0,12235200000.0
2011-05-05,2943.35,2957.25,2880.3,2887.35,104332405.0,15065500000.0
2011-05-06,2899.0,2920.95,2875.65,2903.8,85378730.0,13526600000.0
2011-05-09,2913.75,2923.95,2889.85,2914.65,75193491.0,9179900000.0
2011-05-10,2917.65,2937.1,2902.85,2921.7,76601075.0,9284100000.0
2011-05-11,2922.8,2930.35,2912.7,2923.1,62742902.0,9177900000.0
2011-05-12,2916.1,2935.5,2886.3,2890.8,62898166.0,9985800000.0
2011-05-13,2893.35,2949.2,2881.15,2923.6,82670049.0,11642000000.0
2011-05-16,2925.2,2931.05,2905.3,2910.65,76947967.0,9026500000.0
2011-05-17,2901.7,2934.7,2883.55,2895.25,74073842.0,10034000000.0
2011-05-18,2902.45,2912.75,2882.2,2891.25,74874244.0,10018100000.0
2011-05-19,2897.5,2917.1,2856.15,2905.6,73592686.0,20283200000.0
2011-05-20,2921.7,2985.35,2921.7,2967.6,83287994.0,16828100000.0
2011-05-23,2953.2,2953.2,2888.65,2892.0,76929250.0,14172400000.0
2011-05-24,2891.85,2921.05,2890.3,2908.6,103495078.0,15925800000.0
2011-05-25,2902.85,2902.85,2859.5,2874.8,92670482.0,13664200000.0
2011-05-26,2879.6,2904.75,2868.0,2898.8,116788685.0,17726100000.0
2011-05-27,2896.4,2939.55,2896.4,2928.4,80293447.0,10409000000.0
2011-05-30,2939.35,2943.05,2914.0,2931.0,101347968.0,11682500000.0
2011-05-31,2936.55,2980.95,2936.55,2975.1,175904946.0,20921000000.0
2011-06-01,2977.6,3027.2,2977.55,3024.35,101065691.0,13922300000.0
2011-06-02,2999.35,3016.05,2987.65,3001.3,115303208.0,13727300000.0
2011-06-03,3015.75,3044.4,3003.8,3010.5,102725531.0,15796300000.000002
2011-06-06,3006.95,3022.1,2989.25,3016.45,71336784.0,9220600000.0
2011-06-07,3007.55,3019.95,2996.95,3006.25,76909794.0,9756700000.0
2011-06-08,3000.15,3017.45,2993.1,3004.65,93262152.0,10977800000.0
2011-06-09,3005.5,3024.25,3000.85,3018.15,76805569.0,9818400000.0
2011-06-10,3015.8,3019.45,2975.15,2987.2,72873995.0,9660100000.0
2011-06-13,2983.6,3014.85,2967.5,3012.35,88854963.0,10047800000.0
2011-06-14,3016.5,3042.25,3016.5,3039.75,98586092.0,12232900000.0
2011-06-15,3037.2,3038.75,3006.45,3012.5,81103182.0,9292300000.0
2011-06-16,2994.5,3012.55,2971.25,2978.8,91181520.0,12085900000.0
2011-06-17,2977.1,3000.15,2976.1,2995.4,73432988.0,9494600000.0
2011-06-20,2990.9,2996.85,2912.65,2950.5,114458245.0,14550700000.0
2011-06-21,2958.15,2976.55,2926.55,2932.05,89454254.0,11217400000.0
2011-06-22,2945.2,2952.9,2918.7,2924.5,101698996.0,11479100000.0
2011-06-23,2919.65,2944.5,2904.8,2933.8,113436330.0,10713699999.999998
2011-06-24,2944.4,3029.35,2944.4,3021.15,131167302.0,16441000000.0
2011-06-27,2997.45,3069.75,2996.6,3064.85,171698990.0,17061400000.000002
2011-06-28,3072.65,3092.35,3058.3,3088.45,133030035.0,18902900000.0
2011-06-29,3099.1,3113.5,3090.6,3100.7,132689405.0,16301600000.0
2011-06-30,3112.35,3122.85,3092.6,3117.4,159498707.0,23320500000.0
2011-07-01,3135.1,3137.7,3095.9,3109.8,134224651.0,15931199999.999998
2011-07-04,3126.7,3133.45,3104.25,3122.1,106368165.0,14601300000.000002
2011-07-05,3125.5,3125.5,3083.8,3097.25,92088772.0,12896500000.0
2011-07-06,3091.2,3115.25,3091.2,3100.85,104760543.0,11931300000.000002
2011-07-07,3103.05,3178.0,3103.05,3174.25,86875087.0,14611199999.999998
2011-07-08,3177.05,3190.15,3144.35,3151.65,142856927.0,17529700000.0
2011-07-11,3143.25,3147.65,3116.9,3122.5,82012322.0,9557500000.0
2011-07-12,3097.7,3110.6,3048.85,3063.7,98700954.0,11234800000.0
2011-07-13,3070.2,3102.65,3070.2,3097.7,112143977.0,13007700000.0
2011-07-14,3090.4,3136.95,3078.1,3110.25,107045129.0,13163900000.000002
2011-07-15,3112.2,3128.05,3091.05,3105.3,77432406.0,9368700000.0
2011-07-18,3104.35,3119.5,3089.2,3097.9,60014320.0,8947700000.0
2011-07-19,3094.15,3135.55,3090.1,3118.2,96071833.0,13975300000.0
2011-07-20,3126.0,3127.1,3071.95,3078.4,145249334.0,21855700000.0
2011-07-21,3071.05,3083.55,3057.25,3061.5,125524849.0,18187100000.0
2011-07-22,3077.55,3124.35,3076.4,3119.55,105712028.0,15610100000.0
2011-07-25,3112.25,3191.0,3112.25,3180.9,178820765.0,22176700000.0
2011-07-26,3179.65,3191.6,3090.65,3094.65,154267104.0,23003600000.0
2011-07-27,3099.0,3107.0,3045.5,3069.7,141651762.0,21073200000.0
2011-07-28,3046.15,3058.05,3032.85,3040.95,223931544.0,25863900000.0
2011-07-29,3036.05,3057.6,3020.2,3029.25,180504776.0,19743900000.0
2011-08-01,3052.35,3077.1,3045.9,3061.65,128855595.0,13112300000.0
2011-08-02,3049.45,3049.85,3006.5,3024.75,102887188.0,11530100000.0
2011-08-03,2996.65,2996.65,2956.4,2978.05,146907430.0,20999500000.0
2011-08-04,2982.85,2994.05,2946.1,2951.95,141433363.0,14822700000.0
2011-08-05,2890.1,2899.55,2840.6,2884.9,184359053.0,21219800000.0
2011-08-08,2818.65,2882.15,2801.6,2841.15,183282220.0,23391200000.0
2011-08-09,2757.1,2870.25,2752.4,2808.1,227821477.0,26304400000.0
2011-08-10,2854.65,2866.65,2836.15,2862.6,146067011.0,16913300000.0
2011-08-11,2849.8,2859.95,2828.15,2832.6,109705127.0,14435200000.0
2011-08-12,2858.3,2861.2,2799.4,2805.55,125071011.0,13931199999.999998
2011-08-16,2828.25,2832.85,2761.7,2777.15,146418764.0,16836900000.0
2011-08-17,2769.1,2794.95,2748.6,2779.05,137197436.0,15339800000.0
2011-08-18,2790.3,2791.95,2741.95,2749.75,135440039.0,15163000000.0
2011-08-19,2709.4,2716.15,2664.95,2683.5,148824000.0,17495800000.0
2011-08-22,2684.9,2743.15,2667.65,2733.2,107456461.0,11639300000.0
2011-08-23,2750.05,2768.55,2730.7,2762.2,99877073.0,13210600000.0
2011-08-24,2754.6,2779.95,2723.35,2731.25,114457687.0,13036300000.000002
2011-08-25,2740.65,2745.35,2696.95,2721.7,165684961.0,18323100000.0
2011-08-26,2720.65,2735.8,2660.35,2668.75,131161897.0,15327000000.0
2011-08-29,2699.0,2770.45,2699.0,2759.25,138124260.0,12771199999.999998
2011-08-30,2778.65,2805.4,2751.45,2780.3,140963455.0,16181199999.999998
2011-09-02,2828.15,2828.15,2760.75,2785.4,153494571.0,16353599999.999998
2011-09-05,2758.75,2791.4,2750.95,2788.05,153138344.0,15664900000.0
2011-09-06,2778.5,2791.65,2738.8,2782.85,168527076.0,17186300000.0
2011-09-07,2789.5,2854.75,2789.5,2845.5,184788860.0,19649900000.0
2011-09-08,2856.3,2873.0,2827.4,2856.3,142853405.0,15630900000.0
2011-09-09,2861.2,2868.7,2804.2,2810.2,136976855.0,15659300000.0
2011-09-12,2778.75,2778.75,2727.7,2743.05,104763947.0,12043400000.0
2011-09-13,2755.75,2788.85,2726.9,2734.9,110971334.0,11587200000.0
2011-09-14,2744.9,2744.9,2694.5,2726.6,108556584.0,13764000000.0
2011-09-15,2747.2,2748.65,2701.3,2739.1,121500733.0,15121600000.0
2011-09-16,2753.1,2777.65,2737.95,2757.1,150132730.0,18615900000.0
2011-09-19,2743.15,2744.65,2718.05,2721.35,98501709.0,12044000000.0
2011-09-20,2724.8,2751.4,2719.55,2748.35,100565538.0,15053300000.0
2011-09-21,2754.0,2774.8,2751.75,2757.95,120123514.0,13183100000.0
2011-09-22,2728.05,2728.05,2625.0,2633.2,125933659.0,16378100000.0
2011-09-23,2614.45,2649.4,2579.3,2620.05,139331569.0,17309600000.0
2011-09-26,2629.9,2629.9,2568.45,2600.35,108122949.0,11829600000.0
2011-09-27,2636.85,2670.65,2636.85,2662.6,104462760.0,12861900000.0
2011-09-28,2676.3,2676.3,2610.9,2621.8,111270783.0,13825700000.0
2011-09-29,2613.85,2622.85,2577.95,2615.2,151555094.0,19931700000.0
2011-09-30,2607.7,2632.25,2583.45,2588.95,138073733.0,17240500000.0
2011-10-03,2562.35,2562.5,2521.95,2534.6,101227496.0,12169100000.0
2011-10-04,2527.1,2573.45,2505.5,2524.05,110916327.0,13516099999.999998
2011-10-05,2539.8,2560.1,2518.15,2521.8,105486758.0,11577200000.0
2011-10-07,2575.3,2591.25,2540.85,2558.9,114937807.0,15958400000.0
2011-10-10,2554.65,2595.2,2538.9,2589.4,92803490.0,12380800000.0
2011-10-11,2609.0,2650.9,2609.0,2623.85,92555067.0,11866500000.0
2011-10-12,2633.55,2665.5,2616.15,2660.7,86022878.0,10694600000.0
2011-10-13,2670.65,2674.0,2626.6,2633.05,85886017.0,10021700000.0
2011-10-14,2623.45,2655.4,2623.2,2645.75,58469731.0,8332200000.0
2011-10-17,2652.1,2658.5,2604.2,2612.65,52297131.0,6782600000.0
2011-10-18,2588.75,2592.8,2568.5,2572.35,50574041.0,7256799999.999999
2011-10-19,2587.4,2628.15,2585.85,2622.2,74206942.0,11131700000.0
2011-10-20,2599.1,2605.9,2575.85,2600.7,73082411.0,9178200000.0
2011-10-21,2605.4,2619.95,2548.15,2554.25,70901515.0,14184200000.0
2011-10-24,2582.6,2585.3,2544.25,2550.35,70907466.0,11706500000.0
2011-10-25,2558.5,2602.9,2536.95,2596.6,92986287.0,15043000000.0
2011-10-26,2611.45,2621.9,2611.45,2616.85,14995001.0,1860600000.0
2011-10-28,2672.65,2698.25,2669.4,2691.8,117922939.0,16107100000.0
2011-10-31,2696.1,2698.0,2675.15,2682.05,97892496.0,10289900000.0
2011-11-01,2662.65,2673.0,2646.75,2656.75,74087632.0,8967600000.0
2011-11-02,2635.6,2666.85,2633.45,2646.45,77329636.0,10263000000.0
2011-11-03,2642.6,2685.95,2640.55,2678.75,84822110.0,11821099999.999998
2011-11-04,2694.65,2715.85,2690.15,2698.55,97214772.0,12566800000.0
2011-11-08,2705.8,2717.55,2686.6,2701.7,75990848.0,10440200000.0
2011-11-09,2708.75,2716.55,2659.5,2665.55,78261375.0,9112700000.0
2011-11-11,2650.8,2659.6,2615.35,2626.2,90521031.0,10503100000.0
2011-11-14,2648.15,2655.2,2607.4,2614.65,76319607.0,9758500000.0
2011-11-15,2603.8,2614.2,2537.2,2549.2,93032553.0,10400000000.0
2011-11-16,2544.6,2544.6,2477.15,2496.5,127930302.0,16273500000.0
2011-11-17,2495.15,2511.2,2435.45,2448.1,159801428.0,13035000000.0
2011-11-18,2440.25,2453.3,2388.9,2445.65,168266289.0,16299700000.0
2011-11-21,2430.15,2443.75,2383.55,2393.9,134246066.0,14603599999.999998
2011-11-22,2403.45,2415.15,2370.3,2381.85,123055479.0,11195600000.0
2011-11-23,2366.75,2366.75,2304.85,2310.25,154231362.0,16561900000.0
2011-11-24,2318.65,2363.7,2286.45,2354.95,173780728.0,18427400000.0
2011-11-25,2348.2,2406.7,2337.7,2379.25,107838448.0,13653400000.0
2011-11-28,2408.35,2442.1,2404.1,2436.55,106778682.0,11207900000.0
2011-11-29,2444.65,2446.05,2390.7,2407.45,105586341.0,12011099999.999998
2011-11-30,2402.55,2431.05,2371.4,2425.4,192891962.0,31658000000.0
2011-12-01,2478.35,2495.5,2426.55,2436.9,103524108.0,12848400000.0
2011-12-02,2440.7,2508.9,2421.0,2499.65,94216066.0,12118000000.0
2011-12-05,2494.25,2515.35,2489.75,2512.05,81947702.0,9507400000.0
2011-12-07,2512.55,2538.15,2492.1,2500.55,104388506.0,12235000000.0
2011-12-08,2490.65,2490.65,2399.55,2407.95,117243067.0,13200500000.0
2011-12-09,2380.05,2383.45,2341.8,2354.0,108967316.0,12916199999.999998
2011-12-12,2374.7,2375.9,2278.25,2282.55,110023822.0,13283500000.0
2011-12-13,2266.85,2296.05,2250.9,2285.2,122814743.0,12361199999.999998
2011-12-14,2278.05,2307.35,2254.7,2261.5,104633534.0,10791400000.000002
2011-12-15,2231.65,2250.35,2193.8,2238.5,128574073.0,14472000000.0
2011-12-16,2251.2,2288.7,2153.75,2174.5,129629943.0,14834700000.0
2011-12-19,2162.7,2162.7,2113.9,2131.35,120995293.0,13147600000.0
2011-12-20,2137.75,2140.5,2045.7,2054.65,118505174.0,15358300000.0
2011-12-21,2097.05,2128.6,2071.4,2116.45,118487948.0,14706900000.0
2011-12-22,2107.9,2141.25,2076.05,2133.45,112126874.0,12397100000.0
2011-12-23,2148.7,2162.9,2115.25,2126.15,97896082.0,10528599999.999998
2011-12-26,2136.6,2171.2,2136.6,2165.6,60021705.0,5789000000.0
2011-12-27,2171.9,2187.45,2136.95,2154.45,74848572.0,7848200000.000001
2011-12-28,2156.95,2166.2,2137.45,2162.15,85724383.0,7382300000.0
2011-12-29,2156.55,2156.55,2115.15,2122.35,120329189.0,9958600000.0
2011-12-30,2132.7,2142.25,2110.7,2124.9,74185315.0,7575400000.0
2012-01-02,2132.9,2140.8,2105.75,2126.2,71411455.0,5927600000.0
2012-01-03,2145.55,2210.6,2145.55,2208.0,80340932.0,7967000000.0
2012-01-04,2208.85,2220.15,2189.15,2203.3,85851827.0,8634200000.0
2012-01-05,2205.1,2231.4,2202.75,2212.4,101830047.0,9357000000.0
2012-01-06,2202.55,2208.2,2156.5,2185.6,125773587.0,12640600000.0
2012-01-07,2185.9,2194.05,2181.3,2188.0,17355411.0,1302700000.0
2012-01-09,2186.4,2206.35,2151.6,2199.95,121270562.0,11006700000.0
2012-01-10,2208.45,2271.85,2208.45,2265.1,127781491.0,13665600000.0
2012-01-11,2270.95,2278.95,2250.45,2273.7,137571082.0,12584900000.0
2012-01-12,2276.5,2311.95,2266.55,2280.3,143854673.0,12306500000.0
2012-01-13,2295.05,2356.3,2295.05,2343.15,200904966.0,16210600000.0
2012-01-16,2333.2,2370.6,2320.6,2366.85,150175025.0,11681199999.999998
2012-01-17,2382.25,2439.9,2382.25,2435.05,145530210.0,15260100000.0
2012-01-18,2440.15,2467.3,2397.45,2402.2,141841760.0,15141500000.0
2012-01-19,2414.75,2452.55,2414.05,2448.65,140558461.0,16837000000.0
2012-01-20,2457.2,2477.85,2443.4,2466.9,147665426.0,15365900000.0
2012-01-23,2460.05,2503.9,2454.8,2488.2,153778989.0,17886700000.0
2012-01-24,2500.0,2564.3,2497.6,2554.45,188312623.0,20384400000.0
2012-01-25,2560.2,2570.65,2538.25,2558.2,180710747.0,19225000000.0
2012-01-27,2585.1,2602.0,2562.45,2599.05,148038695.0,17010300000.0
2012-01-30,2572.5,2572.5,2471.9,2482.7,162858581.0,17917900000.0
2012-01-31,2496.0,2541.75,2473.7,2530.55,156539690.0,19937500000.0
2012-02-01,2528.9,2566.1,2509.7,2563.0,198484388.0,20331500000.0
2012-02-02,2585.7,2639.4,2576.35,2614.7,292502518.0,36679900000.0
2012-02-03,2624.35,2641.1,2604.6,2628.6,161937912.0,20791400000.0
2012-02-06,2657.75,2676.25,2632.5,2654.0,169586464.0,18850900000.0
2012-02-07,2664.8,2668.8,2581.0,2590.25,132249574.0,15374100000.0
2012-02-08,2584.35,2609.0,2564.9,2588.8,171515064.0,22841400000.0
2012-02-09,2586.05,2605.8,2575.95,2599.95,168085253.0,20046600000.0
2012-02-10,2596.05,2625.15,2568.35,2589.45,179715772.0,17904800000.0
2012-02-13,2588.8,2590.75,2553.7,2578.55,143016092.0,16835500000.0
2012-02-14,2577.95,2618.25,2568.35,2605.3,254732002.0,20240800000.0
2012-02-15,2629.9,2713.3,2629.9,2707.95,340390377.0,34631700000.0
2012-02-16,2707.9,2751.35,2704.1,2722.35,316872780.0,29548500000.0
2012-02-17,2748.15,2835.8,2745.75,2753.65,433325252.0,42126300000.0
2012-02-21,2761.25,2801.1,2761.25,2782.8,295309085.0,25866700000.0
2012-02-22,2792.6,2801.4,2678.65,2693.55,333565725.0,30066800000.0
2012-02-23,2679.85,2712.4,2641.55,2675.25,341148933.0,30053500000.0
2012-02-24,2691.45,2715.15,2626.9,2638.85,223375494.0,18205000000.0
2012-02-27,2637.95,2643.35,2539.15,2554.25,218948407.0,17483600000.0
2012-02-28,2571.3,2642.35,2564.85,2635.1,208199692.0,20331700000.0
2012-02-29,2656.75,2693.75,2606.0,2627.9,226558383.0,23666500000.0
2012-03-01,2619.3,2620.35,2576.9,2604.5,234842623.0,19732200000.0
2012-03-02,2621.15,2641.85,2596.2,2618.3,189327580.0,18363100000.0
2012-03-03,2621.65,2624.15,2612.85,2620.15,23094191.0,2179300000.0
2012-03-05,2611.3,2611.3,2571.05,2579.05,188291037.0,21264899999.999996
2012-03-06,2567.9,2630.35,2506.7,2513.3,242711492.0,26633800000.0
2012-03-07,2502.6,2523.8,2469.25,2506.95,204909577.0,21336900000.0
2012-03-09,2539.75,2578.85,2539.75,2573.1,167549410.0,18241100000.0
2012-03-12,2606.35,2617.9,2585.4,2611.65,174386877.0,18532300000.0
2012-03-13,2627.9,2656.3,2627.9,2645.05,251683820.0,19895800000.0
2012-03-14,2673.6,2689.85,2659.35,2673.55,219373675.0,19209900000.0
2012-03-15,2665.1,2665.1,2604.25,2619.25,239345390.0,17382700000.0
2012-03-16,2631.65,2658.3,2548.9,2556.25,302331359.0,24466000000.0
2012-03-19,2566.35,2568.3,2492.65,2506.65,171578619.0,15041800000.0
2012-03-20,2506.3,2532.4,2481.35,2510.0,169149176.0,16938500000.0
2012-03-21,2507.05,2585.4,2495.4,2580.95,185987681.0,18534400000.0
2012-03-22,2577.55,2598.2,2478.2,2489.45,221571754.0,19404100000.0
2012-03-23,2499.9,2539.3,2474.1,2520.8,178192550.0,17028800000.000002
2012-03-26,2518.9,2518.95,2464.3,2469.65,146640651.0,13137200000.0
2012-03-27,2496.9,2515.05,2467.8,2491.75,164688988.0,16056800000.0
2012-03-28,2486.1,2503.3,2464.85,2473.05,147985787.0,12703900000.000002
2012-03-29,2453.85,2464.7,2437.5,2454.3,184152721.0,17926700000.0
2012-03-30,2471.3,2515.75,2470.15,2509.15,139901510.0,13814800000.0
2012-04-02,2511.75,2555.35,2506.2,2547.75,132361073.0,11912300000.0
2012-04-03,2563.05,2587.65,2563.05,2576.75,137735928.0,14880100000.0
2012-04-04,2568.6,2573.75,2547.45,2561.05,125585114.0,12764800000.0
2012-04-09,2544.8,2544.8,2496.7,2500.75,109997217.0,10092500000.0
2012-04-10,2510.55,2515.0,2479.7,2496.5,112478676.0,13018800000.000002
2012-04-11,2480.2,2499.75,2457.95,2470.75,121842734.0,12688800000.000002
2012-04-12,2482.05,2510.15,2482.05,2489.6,95736252.0,10719900000.0
2012-04-13,2505.7,2533.05,2470.5,2477.45,105756422.0,11221099999.999998
2012-04-16,2468.7,2487.9,2464.75,2481.1,79242126.0,8794300000.0
2012-04-17,2487.5,2533.85,2477.45,2527.95,116878199.0,13959600000.0
2012-04-18,2541.2,2558.9,2516.15,2522.05,120382521.0,12059400000.0
2012-04-19,2524.15,2529.25,2499.2,2509.8,91383001.0,10316300000.000002
2012-04-20,2500.45,2510.85,2454.35,2473.0,98456453.0,10104400000.0
2012-04-23,2465.4,2485.3,2391.9,2397.55,125695529.0,11225100000.0
2012-04-24,2393.1,2393.1,2364.1,2379.45,152332008.0,16399400000.0
2012-04-25,2380.3,2397.05,2343.05,2377.0,137798943.0,13003200000.0
2012-04-26,2382.85,2386.55,2344.1,2348.5,170485304.0,15475100000.0
2012-04-27,2348.25,2372.5,2323.15,2341.45,142772744.0,10639000000.0
2012-04-28,2349.45,2354.1,2338.25,2347.25,22798702.0,891200000.0
2012-04-30,2342.2,2373.35,2342.2,2362.8,141573655.0,10446500000.0
2012-05-02,2364.05,2379.5,2345.45,2351.25,108875627.0,9921900000.0
2012-05-03,2336.8,2342.65,2320.65,2325.05,101480244.0,8344200000.0
2012-05-04,2314.35,2314.35,2251.75,2260.7,137474682.0,12140200000.0
2012-05-07,2238.1,2325.7,2213.65,2318.95,152158504.0,13865000000.0
2012-05-08,2324.3,2329.1,2243.9,2252.6,143999582.0,11145800000.0
2012-05-09,2237.8,2263.7,2209.95,2220.65,153595018.0,11378599999.999998
2012-05-10,2221.55,2257.75,2208.55,2215.05,144456646.0,10308699999.999998
2012-05-11,2201.25,2227.55,2184.6,2191.85,147247430.0,11608500000.0
2012-05-14,2196.85,2206.3,2152.75,2189.3,111065819.0,14726600000.0
2012-05-15,2170.9,2231.85,2170.9,2224.2,130279994.0,15181900000.0
2012-05-16,2196.95,2196.95,2172.4,2183.5,132542999.0,11765100000.0
2012-05-17,2192.6,2214.25,2150.9,2160.55,115504192.0,11910100000.0
2012-05-18,2133.65,2162.8,2117.65,2155.2,121942251.0,11484900000.0
2012-05-21,2160.3,2204.65,2160.3,2187.95,113250310.0,9147500000.0
2012-05-22,2208.85,2212.35,2143.05,2147.45,120522377.0,10214500000.0
2012-05-23,2134.05,2144.95,2104.7,2116.15,118926214.0,11343400000.0
2012-05-24,2123.55,2164.65,2105.2,2155.55,114210499.0,10174300000.0
2012-05-25,2153.15,2182.0,2153.15,2174.15,125729123.0,11199400000.0
2012-05-28,2175.6,2220.85,2175.6,2215.4,128097308.0,10935600000.0
2012-05-29,2226.75,2231.15,2208.05,2212.85,115433466.0,9082400000.0
2012-05-30,2203.05,2204.1,2186.45,2191.4,125276185.0,9034300000.0
2012-05-31,2175.3,2194.85,2169.85,2186.45,247710029.0,14403100000.0
2012-06-01,2177.4,2185.4,2136.15,2141.2,116834216.0,8728700000.0
2012-06-04,2122.0,2159.2,2099.7,2152.3,121912852.0,14153500000.0
2012-06-05,2164.8,2182.4,2153.75,2169.75,125561260.0,13480300000.0
2012-06-06,2183.3,2256.6,2183.3,2251.75,169931508.0,15830300000.0
2012-06-07,2267.5,2286.1,2246.65,2276.9,160857073.0,13363300000.0
2012-06-08,2268.45,2316.8,2253.8,2306.25,135054497.0,13669100000.0
2012-06-11,2326.7,2343.9,2282.2,2291.85,182062713.0,13530600000.0
2012-06-12,2278.85,2331.85,2273.85,2326.35,143284570.0,11817600000.0
2012-06-13,2328.4,2360.5,2316.4,2334.4,133695677.0,14410500000.0
2012-06-14,2323.8,2331.5,2271.85,2275.7,112577030.0,11680400000.0
2012-06-15,2278.85,2318.45,2270.35,2311.95,100855516.0,13653699999.999998
2012-06-18,2328.15,2345.7,2268.95,2288.1,127551103.0,12820100000.0
2012-06-19,2276.45,2306.75,2270.0,2300.75,128359528.0,13648400000.0
2012-06-20,2305.0,2331.05,2305.0,2316.65,103432762.0,10897600000.0
2012-06-21,2311.75,2361.25,2311.75,2358.6,113520374.0,12473800000.000002
2012-06-22,2331.45,2354.9,2312.75,2347.45,134067868.0,13570000000.0
2012-06-25,2352.45,2374.8,2323.45,2328.8,118788578.0,9824000000.0
2012-06-26,2331.35,2343.25,2316.9,2331.7,84566685.0,7941000000.0
2012-06-27,2351.15,2355.75,2335.3,2339.5,89898144.0,9065700000.0
2012-06-28,2348.55,2359.05,2331.55,2341.45,127773660.0,11327500000.0
2012-06-29,2360.0,2418.25,2360.0,2415.9,160934557.0,14927400000.0
2012-07-02,2423.45,2441.7,2415.1,2435.0,137759250.0,10854500000.0
2012-07-03,2447.35,2465.5,2440.2,2449.5,139200717.0,11657400000.0
2012-07-04,2458.0,2485.9,2451.55,2483.55,130142840.0,12527300000.0
2012-07-05,2480.5,2502.0,2472.85,2497.15,131482204.0,10329400000.0
2012-07-06,2493.4,2494.35,2462.65,2471.05,147504992.0,9439200000.0
2012-07-09,2459.65,2459.65,2421.05,2435.95,110855415.0,7963400000.0
2012-07-10,2435.25,2476.95,2435.25,2474.45,106345234.0,9721400000.0
2012-07-11,2459.95,2478.25,2458.65,2467.1,117724975.0,10293699999.999998
2012-07-12,2453.4,2454.7,2426.15,2434.0,118457873.0,10177000000.0
2012-07-13,2441.55,2453.15,2422.75,2424.95,101472523.0,7467800000.0
2012-07-16,2435.3,2440.55,2411.75,2417.05,92585005.0,9511100000.0
2012-07-17,2431.15,2439.1,2394.1,2404.35,102410774.0,9447300000.0
2012-07-18,2401.8,2427.3,2381.3,2423.25,114988010.0,9707500000.0
2012-07-19,2444.7,2450.05,2418.3,2423.65,95343018.0,8274400000.000001
2012-07-20,2427.5,2429.6,2402.1,2404.7,92157827.0,9520300000.0
2012-07-23,2392.35,2392.35,2339.5,2349.0,107475357.0,13639800000.0
2012-07-24,2352.8,2360.9,2325.65,2341.05,97001226.0,9364900000.0
2012-07-25,2334.65,2336.25,2302.5,2310.1,129706875.0,8936600000.0
2012-07-26,2316.05,2319.2,2272.6,2278.5,162417154.0,12890200000.0
2012-07-27,2307.3,2333.45,2275.85,2289.0,113778696.0,9977900000.0
2012-07-30,2301.5,2365.6,2301.5,2360.8,114851564.0,9089000000.0
2012-07-31,2367.35,2367.35,2320.3,2349.55,121101197.0,10933000000.0
2012-08-01,2348.8,2367.85,2341.25,2364.85,107108211.0,9872600000.0
2012-08-02,2361.5,2382.0,2353.4,2376.2,84071913.0,9191700000.0
2012-08-03,2363.25,2371.25,2334.75,2366.5,89148516.0,9299000000.0
2012-08-06,2387.35,2405.1,2385.75,2392.25,80292690.0,7998600000.0
2012-08-07,2395.7,2410.75,2388.75,2403.3,87479225.0,9082900000.0
2012-08-08,2408.65,2413.85,2362.05,2367.85,131484747.0,18132400000.0
2012-08-09,2371.85,2378.1,2335.5,2353.65,125592853.0,16663100000.0
2012-08-10,2352.95,2355.25,2330.35,2350.4,77092905.0,9485200000.0
2012-08-13,2348.8,2379.2,2347.9,2377.3,83818198.0,7945100000.0
2012-08-14,2372.2,2393.9,2361.35,2388.95,100149344.0,9748300000.0
2012-08-16,2391.15,2401.25,2387.25,2393.15,70968434.0,8998800000.0
2012-08-17,2397.15,2403.25,2350.9,2363.5,99442741.0,10787700000.0
2012-08-21,2360.6,2387.55,2357.65,2385.05,77134198.0,10342400000.0
2012-08-22,2369.2,2373.8,2352.7,2356.2,86360579.0,9713200000.0
2012-08-23,2357.25,2363.9,2336.15,2339.45,92078563.0,10666600000.0
2012-08-24,2330.5,2332.6,2308.95,2319.65,96023431.0,9413700000.0
2012-08-27,2319.9,2322.5,2283.8,2289.3,94250479.0,8202000000.0
2012-08-28,2285.95,2290.35,2261.45,2272.5,107327226.0,8615800000.0
2012-08-29,2280.85,2280.85,2237.15,2240.1,150325743.0,11472700000.0
2012-08-30,2231.65,2257.9,2218.05,2251.95,160905394.0,14961400000.000002
2012-08-31,2242.2,2250.2,2220.6,2233.85,114102587.0,10568599999.999998
2012-09-03,2244.6,2253.9,2226.2,2239.4,88892631.0,7662000000.0
2012-09-04,2235.0,2263.2,2223.7,2260.95,99222660.0,9022900000.0
2012-09-05,2243.75,2252.3,2227.4,2232.0,84245561.0,9317700000.0
2012-09-06,2224.0,2234.9,2208.3,2219.3,81531287.0,10219600000.0
2012-09-07,2244.4,2270.85,2244.4,2268.3,79632750.0,8845600000.0
2012-09-08,2266.65,2270.85,2261.55,2266.55,7264603.0,720000000.0
2012-09-10,2266.35,2276.6,2258.0,2272.7,67369853.0,7592100000.0
2012-09-11,2258.3,2280.5,2252.05,2278.8,79596685.0,7672200000.0
2012-09-12,2280.95,2295.55,2271.05,2290.9,89089574.0,10560200000.0
2012-09-13,2290.1,2303.05,2281.4,2285.85,76352059.0,8377400000.0
2012-09-14,2319.7,2347.45,2319.7,2342.0,132268223.0,14515000000.0
2012-09-17,2365.45,2437.3,2365.45,2419.45,194536074.0,19092000000.0
2012-09-18,2415.9,2444.25,2415.5,2439.05,166737303.0,15325300000.0
2012-09-20,2409.25,2422.65,2397.7,2403.7,133228309.0,12879900000.0
2012-09-21,2416.0,2514.45,2416.0,2505.15,249623217.0,25688300000.0
2012-09-24,2507.5,2558.4,2501.35,2521.6,291904952.0,24930600000.0
2012-09-25,2537.3,2555.35,2512.6,2517.85,220107847.0,18729000000.0
2012-09-26,2506.25,2510.55,2482.1,2496.95,173269242.0,16385700000.0
2012-09-27,2501.45,2532.45,2497.5,2503.55,198175178.0,18691900000.0
2012-09-28,2522.0,2548.05,2520.5,2525.95,127287101.0,14029200000.0
2012-10-01,2521.55,2541.25,2509.1,2538.65,101675811.0,10423300000.0
2012-10-03,2542.35,2559.85,2535.45,2542.7,146058179.0,15223800000.000002
2012-10-04,2555.6,2591.45,2555.6,2583.9,203187093.0,19884500000.0
2012-10-05,2599.2,2607.9,2335.05,2577.65,165104155.0,20520800000.0
2012-10-08,2574.2,2574.2,2529.0,2534.95,130168557.0,13610400000.0
2012-10-09,2550.2,2564.7,2536.2,2544.6,144871702.0,15377800000.0
2012-10-10,2527.15,2527.15,2500.1,2505.65,130256010.0,12094900000.0
2012-10-11,2513.55,2559.15,2492.8,2556.25,152408921.0,15260200000.0
2012-10-12,2550.85,2569.2,2540.05,2546.9,138879818.0,13601000000.0
2012-10-15,2545.8,2552.4,2532.5,2546.4,95302396.0,10031400000.0
2012-10-16,2549.4,2562.6,2507.0,2511.7,99585149.0,10748100000.0
2012-10-17,2529.55,2540.95,2513.2,2534.3,103213258.0,11671800000.0
2012-10-18,2540.2,2569.05,2526.6,2562.4,107602850.0,12238200000.0
2012-10-19,2551.75,2556.55,2520.05,2534.5,88760000.0,9584900000.0
2012-10-22,2522.7,2569.5,2517.75,2566.6,87931446.0,13160200000.0
2012-10-23,2564.85,2584.95,2564.85,2568.9,90600868.0,11691800000.0
2012-10-25,2566.85,2576.2,2557.7,2568.2,153553101.0,16587000000.0
2012-10-26,2556.6,2567.4,2530.2,2545.1,106890200.0,11824300000.0
2012-10-29,2548.05,2559.55,2521.05,2528.45,85908537.0,11147600000.0
2012-10-30,2528.05,2538.85,2480.4,2489.4,107921328.0,11895400000.0
2012-10-31,2490.0,2499.95,2468.5,2485.85,88859862.0,10097100000.0
2012-11-01,2491.15,2520.35,2487.8,2514.25,86031794.0,9464600000.0
2012-11-02,2534.8,2551.15,2533.1,2540.65,91124845.0,11284700000.0
2012-11-05,2536.9,2551.0,2522.25,2531.65,82873061.0,9246600000.0
2012-11-06,2531.1,2541.35,2521.65,2538.3,85656517.0,9737200000.0
2012-11-07,2528.8,2558.6,2528.8,2547.1,113804831.0,13716000000.0
2012-11-08,2523.25,2536.45,2515.55,2531.55,84921296.0,10594500000.0
2012-11-09,2532.2,2544.7,2503.65,2507.1,79939958.0,9059400000.0
2012-11-12,2508.1,2522.8,2491.95,2504.5,117347526.0,10530700000.0
2012-11-13,2505.65,2513.1,2503.45,2506.55,25038905.0,2214300000.0
2012-11-15,2506.75,2528.5,2504.0,2523.05,128744059.0,15136700000.0
2012-11-16,2518.15,2548.8,2494.0,2503.8,115360263.0,13477100000.0
2012-11-19,2510.35,2525.5,2493.8,2498.2,97556623.0,11004300000.0
2012-11-20,2510.7,2518.45,2470.85,2483.5,116240734.0,11023699999.999998
2012-11-21,2488.65,2490.85,2468.35,2483.45,105990501.0,10440000000.0
2012-11-22,2488.7,2504.95,2483.0,2501.5,101404854.0,10035800000.0
2012-11-23,2511.4,2515.65,2480.3,2496.8,99559933.0,8966600000.0
2012-11-26,2504.5,2525.7,2503.35,2522.15,104258926.0,9501300000.0
2012-11-27,2530.75,2573.25,2530.75,2565.3,177738876.0,15110000000.0
2012-11-29,2571.45,2598.45,2567.4,2594.85,248056854.0,20930100000.000004
2012-11-30,2606.5,2634.75,2592.7,2629.6,305497654.0,19948500000.0
2012-12-03,2635.25,2645.55,2619.1,2630.9,162898911.0,12305000000.0
2012-12-04,2628.4,2647.4,2617.7,2643.95,162459430.0,15661800000.0
2012-12-05,2652.1,2659.95,2632.55,2640.5,150521249.0,13898599999.999998
2012-12-06,2656.4,2665.2,2607.1,2657.4,169108685.0,16761700000.0
2012-12-07,2667.4,2684.65,2642.8,2654.05,150596755.0,14912800000.0
2012-12-10,2662.25,2662.9,2632.65,2638.75,95930254.0,9731900000.0
2012-12-11,2647.55,2657.35,2598.9,2617.9,135199436.0,14125100000.0
2012-12-12,2628.6,2630.35,2594.4,2601.9,121720648.0,14914300000.0
2012-12-13,2605.3,2607.85,2572.95,2580.2,122127184.0,13623599999.999998
2012-12-14,2584.15,2596.3,2568.2,2579.35,103198537.0,11359500000.0
2012-12-17,2573.75,2577.55,2562.25,2567.3,109192320.0,11622900000.0
2012-12-18,2572.5,2611.95,2571.55,2608.4,123709437.0,14189800000.0
2012-12-19,2620.3,2627.25,2596.5,2605.25,133674090.0,14009400000.0
2012-12-20,2600.6,2605.6,2573.75,2590.5,158257452.0,13845900000.0
2012-12-21,2574.8,2575.5,2533.25,2536.95,132688102.0,12388300000.0
2012-12-24,2544.4,2546.7,2529.6,2540.65,89134257.0,8290100000.0
2012-12-26,2546.4,2590.1,2545.1,2586.8,168299276.0,10199800000.0
2012-12-27,2595.25,2600.4,2573.05,2576.25,246811759.0,16865200000.0
2012-12-28,2582.7,2598.15,2572.8,2587.55,182589490.0,10370600000.0
2012-12-31,2586.5,2594.15,2579.75,2585.0,105902865.0,6692100000.0
2013-01-01,2598.1,2621.05,2598.1,2615.55,95817363.0,9601300000.0
2013-01-02,2630.4,2650.0,2630.4,2639.7,125278784.0,12453500000.0
2013-01-03,2649.65,2653.3,2633.95,2646.6,126156703.0,12362500000.0
2013-01-04,2643.8,2651.5,2630.55,2648.5,117404755.0,11143599999.999998
2013-01-07,2656.55,2656.55,2616.75,2621.35,160373448.0,13556099999.999998
2013-01-08,2619.6,2628.4,2600.3,2625.7,116743559.0,14765400000.0
2013-01-09,2626.45,2640.4,2601.55,2606.95,220990894.0,16309600000.0
2013-01-10,2615.25,2617.85,2579.6,2589.4,215389871.0,14880400000.0
2013-01-11,2589.65,2589.65,2543.45,2547.9,145764314.0,11900900000.0
2013-01-14,2553.55,2585.9,2541.45,2582.3,119046795.0,11683300000.0
2013-01-15,2584.3,2622.25,2579.05,2614.85,131162227.0,15807700000.0
2013-01-16,2607.8,2617.45,2573.1,2579.5,128866261.0,12894500000.0
2013-01-17,2576.5,2593.65,2561.1,2583.8,146354155.0,15945900000.0
2013-01-18,2586.25,2606.35,2583.9,2597.1,123746509.0,13503300000.0
2013-01-21,2596.8,2642.1,2596.8,2636.8,138599942.0,14903400000.0
2013-01-22,2639.15,2647.75,2603.8,2614.3,134298235.0,15527600000.0
2013-01-23,2618.6,2641.45,2602.5,2629.8,154028845.0,16177700000.0
2013-01-24,2628.35,2633.05,2567.75,2595.3,197472615.0,24802800000.000004
2013-01-25,2593.9,2635.9,2592.85,2625.4,254056885.0,18238100000.0
2013-01-28,2625.3,2627.45,2602.25,2608.95,158948877.0,12645600000.0
2013-01-29,2608.45,2636.6,2592.75,2595.95,201493494.0,17341200000.0
2013-01-30,2603.2,2604.2,2563.95,2567.9,181110602.0,15910700000.0
2013-01-31,2558.8,2575.25,2557.45,2561.55,392838299.0,21418900000.0
2013-02-01,2561.55,2576.45,2531.15,2537.65,139381757.0,18478700000.0
2013-02-04,2544.35,2552.15,2515.65,2519.9,115543634.0,12383500000.0
2013-02-05,2506.85,2511.95,2491.25,2496.85,123952149.0,12881900000.0
2013-02-06,2509.95,2515.65,2477.1,2481.65,130154548.0,13674000000.0
2013-02-07,2470.7,2481.8,2437.75,2448.5,150862794.0,16784500000.0
2013-02-08,2444.55,2472.1,2442.45,2453.25,161994810.0,18053700000.0
2013-02-11,2457.35,2457.95,2433.15,2440.95,92559474.0,9343400000.0
2013-02-12,2433.2,2451.55,2415.45,2447.2,133355592.0,12380000000.0
2013-02-13,2450.95,2472.6,2419.75,2423.35,110964936.0,10977900000.0
2013-02-14,2423.15,2426.45,2359.0,2366.65,123409161.0,13104600000.0
2013-02-15,2358.55,2383.45,2349.4,2378.4,114279976.0,11410600000.0
2013-02-18,2377.05,2407.85,2376.85,2403.45,93525790.0,9443500000.0
2013-02-19,2405.45,2411.2,2381.05,2408.55,105040464.0,10727200000.0
2013-02-20,2420.8,2423.85,2392.4,2395.15,109956677.0,11089400000.0
2013-02-21,2380.85,2380.85,2343.35,2348.55,107593967.0,13069500000.0
2013-02-22,2349.05,2382.55,2346.35,2374.4,117976475.0,12537600000.0
2013-02-25,2375.95,2385.6,2343.2,2349.7,105048931.0,11104700000.0
2013-02-26,2349.15,2368.55,2316.0,2324.1,123290580.0,15716000000.0
2013-02-27,2345.6,2386.65,2337.35,2371.9,137210703.0,16546199999.999998
2013-02-28,2395.4,2406.1,2286.2,2299.9,268864594.0,30015100000.000004
2013-03-01,2300.95,2337.35,2300.95,2317.2,136727654.0,14997200000.0
2013-03-04,2309.9,2309.9,2269.55,2281.85,351132346.0,14925700000.0
2013-03-05,2291.9,2324.55,2277.1,2320.95,240045299.0,14373300000.0
2013-03-06,2332.1,2358.05,2332.1,2349.15,173130865.0,12997200000.0
2013-03-07,2346.5,2375.5,2345.85,2371.6,101160428.0,10853000000.0
2013-03-08,2380.55,2416.2,2378.95,2407.45,118759123.0,12827400000.0
2013-03-11,2390.35,2423.0,2390.35,2417.15,105281790.0,14347400000.0
2013-03-12,2417.2,2419.9,2380.9,2386.25,95106400.0,12081800000.0
2013-03-13,2376.1,2389.9,2370.3,2375.15,90348405.0,10552100000.0
2013-03-14,2370.45,2404.45,2350.1,2399.2,103850688.0,13171600000.0
2013-03-15,2401.25,2414.1,2371.8,2379.15,102707928.0,12601800000.0
2013-03-18,2356.65,2375.95,2344.05,2368.1,77670543.0,9122800000.0
2013-03-19,2373.4,2379.2,2297.6,2304.5,129889022.0,16566500000.0
2013-03-20,2299.35,2311.6,2219.2,2234.15,173004515.0,19344400000.0
2013-03-21,2243.85,2272.0,2197.5,2202.15,148249679.0,15813500000.0
2013-03-22,2201.6,2217.85,2183.5,2201.1,150037941.0,13295200000.0
2013-03-25,2226.45,2236.8,2182.05,2189.7,135330716.0,12162500000.0
2013-03-26,2178.9,2196.6,2171.0,2178.75,127452373.0,11454000000.0
2013-03-28,2176.55,2214.7,2167.65,2209.8,181046397.0,15930700000.0
2013-04-01,2214.0,2250.8,2214.0,2244.55,100602438.0,9053700000.0
2013-04-02,2241.6,2276.55,2241.6,2271.95,113621663.0,10332600000.0
2013-04-03,2271.2,2287.4,2221.35,2233.85,191348406.0,17829300000.0
2013-04-04,2225.45,2233.3,2185.25,2189.85,139889777.0,13347900000.0
2013-04-05,2186.55,2199.8,2165.3,2175.2,111195867.0,11075600000.0
2013-04-08,2173.45,2191.45,2173.45,2184.85,102902823.0,10450800000.0
2013-04-09,2197.8,2215.1,2161.45,2166.4,119976200.0,11701800000.0
2013-04-10,2176.05,2212.2,2154.95,2207.1,150015785.0,14273000000.0
2013-04-11,2216.95,2219.05,2182.8,2207.85,136041532.0,13761700000.0
2013-04-12,2191.0,2217.35,2187.1,2211.85,110752570.0,9939900000.0
2013-04-15,2197.0,2236.35,2191.6,2224.1,101604994.0,10356600000.0
2013-04-16,2227.1,2287.3,2226.4,2283.7,136210602.0,13931500000.0
2013-04-17,2288.7,2300.85,2265.0,2276.1,114077411.0,11829500000.0
2013-04-18,2274.25,2338.7,2274.25,2333.05,137800804.0,15096300000.000002
2013-04-22,2337.25,2397.35,2336.95,2393.35,148754797.0,16316199999.999998
2013-04-23,2392.75,2395.4,2361.6,2377.2,155202696.0,17482000000.0
2013-04-25,2384.8,2410.85,2380.7,2403.2,167482861.0,19112400000.0
2013-04-26,2413.65,2431.75,2408.85,2417.3,121475143.0,15367100000.0
2013-04-29,2417.65,2439.95,2417.65,2433.9,119548629.0,13485600000.0
2013-04-30,2449.9,2449.9,2390.7,2429.4,136309898.0,15272800000.0
2013-05-02,2411.1,2477.6,2410.5,2469.1,160229281.0,20793200000.0
2013-05-03,2474.8,2503.4,2457.7,2476.0,173946968.0,21910400000.0
2013-05-06,2475.65,2484.75,2458.9,2475.0,122938566.0,14630900000.0
2013-05-07,2486.45,2510.05,2479.9,2504.4,119007632.0,14615900000.0
2013-05-08,2510.6,2512.15,2471.5,2484.85,97430475.0,11126199999.999998
2013-05-09,2481.45,2500.95,2464.9,2480.6,114253169.0,13115700000.0
2013-05-10,2477.05,2494.45,2470.05,2477.05,100398946.0,12295600000.0
2013-05-11,2470.95,2482.0,2468.5,2480.55,12112495.0,1241900000.0
2013-05-13,2469.0,2476.7,2416.7,2421.05,98656807.0,11674800000.0
2013-05-14,2427.3,2441.35,2410.3,2438.4,99927701.0,13052500000.0
2013-05-15,2444.85,2499.35,2444.85,2496.75,127836447.0,14670900000.0
2013-05-16,2493.6,2525.0,2490.55,2511.6,138466398.0,16432500000.0
2013-05-17,2517.4,2561.25,2504.3,2554.85,155243490.0,17451100000.0
2013-05-20,2564.0,2575.75,2525.75,2534.2,138488444.0,16739800000.0
2013-05-21,2526.25,2531.7,2491.2,2499.3,142294398.0,15818100000.0
2013-05-22,2510.75,2527.45,2438.05,2448.85,129208745.0,22679600000.0
2013-05-23,2428.25,2428.25,2323.15,2332.95,179496706.0,22764100000.0
2013-05-24,2362.75,2373.85,2328.7,2362.5,127370154.0,15398200000.0
2013-05-27,2369.15,2410.4,2363.0,2403.25,105499662.0,12266700000.0
2013-05-28,2407.9,2431.65,2400.65,2419.25,111048907.0,13351400000.000002
2013-05-29,2414.75,2417.9,2382.1,2400.75,100260425.0,10897000000.0
2013-05-30,2380.0,2396.95,2377.2,2393.75,135221212.0,14327300000.0
2013-05-31,2386.55,2388.7,2333.2,2341.3,113038474.0,13007000000.0
2013-06-03,2335.6,2342.65,2311.95,2328.8,90129990.0,10654600000.0
2013-06-04,2333.0,2371.45,2333.0,2349.0,83887320.0,11382400000.0
2013-06-05,2342.7,2363.25,2334.2,2357.55,94157820.0,12114300000.0
2013-06-06,2343.85,2362.2,2336.0,2346.7,100646345.0,13856700000.0
2013-06-07,2341.05,2352.3,2304.0,2308.55,111197444.0,13688400000.0
2013-06-10,2320.15,2328.15,2281.15,2287.1,106715737.0,12286700000.0
2013-06-11,2271.8,2286.7,2241.85,2254.7,141605499.0,16133000000.0
2013-06-12,2249.25,2265.65,2237.05,2247.8,119667844.0,14455400000.0
2013-06-13,2225.0,2254.85,2221.2,2236.55,97554554.0,10611500000.0
2013-06-14,2257.45,2294.15,2257.45,2289.35,72428430.0,8839900000.0
2013-06-17,2287.45,2318.95,2266.25,2313.2,93565165.0,10445400000.0
2013-06-18,2314.7,2333.5,2297.4,2303.0,119931432.0,14064300000.0
2013-06-19,2300.1,2315.0,2296.7,2311.0,113316729.0,14104100000.0
2013-06-20,2280.95,2280.95,2231.7,2235.8,127440849.0,15169700000.0
2013-06-21,2227.95,2262.75,2219.4,2233.75,133739196.0,15311000000.0
2013-06-24,2222.5,2223.55,2168.45,2174.65,139464046.0,12922400000.0
2013-06-25,2178.9,2213.45,2158.7,2185.05,171727306.0,15820000000.0
2013-06-26,2195.4,2199.6,2153.85,2162.7,130338713.0,14959500000.0
2013-06-27,2195.75,2195.75,2151.9,2168.75,177133240.0,18194200000.0
2013-06-28,2189.25,2260.85,2189.25,2255.2,138668261.0,15664400000.0
2013-07-01,2260.1,2328.0,2260.1,2324.05,135311018.0,15722000000.0
2013-07-02,2317.6,2326.35,2303.25,2310.6,127885418.0,14653599999.999998
2013-07-03,2293.15,2294.05,2245.55,2251.15,135984119.0,13604400000.0
2013-07-04,2269.8,2292.35,2249.5,2268.75,137571663.0,15565300000.0
2013-07-05,2295.4,2303.4,2256.8,2267.0,97591187.0,10331600000.0
2013-07-08,2254.65,2269.95,2235.85,2262.8,145481216.0,17843800000.0
2013-07-09,2282.85,2297.65,2276.4,2293.25,116746415.0,13039800000.0
2013-07-10,2303.85,2305.95,2267.75,2272.0,101909057.0,12265400000.0
2013-07-11,2312.55,2334.6,2308.9,2319.9,88422071.0,10261900000.0
2013-07-12,2330.6,2363.05,2307.95,2359.1,99166959.0,11419300000.0
2013-07-15,2354.2,2387.0,2351.35,2377.95,98742120.0,11458000000.0
2013-07-16,2341.65,2363.15,2328.0,2355.3,112670647.0,12351500000.0
2013-07-17,2378.45,2385.95,2327.05,2345.1,148923650.0,17278800000.0
2013-07-18,2347.15,2385.3,2343.5,2380.8,112543669.0,12035800000.0
2013-07-19,2384.05,2384.05,2339.8,2355.4,111495766.0,14619500000.0
2013-07-22,2346.0,2365.35,2294.45,2298.0,107844519.0,18796600000.0
2013-07-23,2307.9,2324.4,2291.2,2295.65,104635723.0,16319300000.0
2013-07-24,2283.65,2300.1,2250.5,2262.3,100817719.0,14542900000.0
2013-07-25,2254.6,2261.5,2229.15,2241.4,168538287.0,16133599999.999998
2013-07-26,2253.4,2264.65,2220.9,2230.25,123168531.0,11603000000.0
2013-07-29,2231.95,2239.5,2201.85,2208.15,130187622.0,12025900000.0
2013-07-30,2210.7,2212.6,2158.0,2160.1,137725620.0,12340300000.0
2013-07-31,2141.5,2184.55,2116.75,2178.95,188773619.0,19989100000.0
2013-08-01,2189.2,2219.45,2128.4,2157.1,207249462.0,19229700000.0
2013-08-02,2163.35,2166.35,2085.85,2095.9,225456913.0,19433600000.0
2013-08-05,2092.75,2092.75,2052.45,2065.05,182727093.0,15926900000.0
2013-08-06,2053.05,2053.75,1992.5,2010.55,205403708.0,18122900000.0
2013-08-07,2005.9,2048.0,1996.2,2029.45,168879092.0,14109200000.0
2013-08-08,2032.0,2063.2,2022.0,2060.3,130475682.0,11651000000.0
2013-08-12,2080.4,2105.75,2053.8,2089.1,119941756.0,11412500000.0
2013-08-13,2072.0,2127.65,2063.35,2124.35,128448686.0,12624200000.0
2013-08-14,2127.2,2139.55,2107.35,2127.35,150173336.0,12007200000.0
2013-08-16,2116.85,2121.25,2026.45,2031.45,162495556.0,17251700000.0
2013-08-19,2027.4,2027.4,1952.85,1986.25,164801862.0,14808000000.0
2013-08-20,1962.5,1992.05,1940.75,1982.3,173450932.0,14357600000.0
2013-08-21,2009.0,2024.25,1909.6,1920.15,176347741.0,15713200000.0
2013-08-22,1908.1,1970.75,1896.6,1965.3,167636203.0,14723500000.0
2013-08-23,1975.35,1978.95,1945.55,1975.95,161705325.0,16100100000.0
2013-08-26,1990.4,2016.6,1980.45,1996.55,150729841.0,12720200000.0
2013-08-27,1985.45,1991.4,1895.1,1902.05,178980197.0,15251400000.000002
2013-08-28,1883.9,1912.15,1829.8,1898.75,187770425.0,15688900000.000002
2013-08-29,1918.35,1960.95,1917.75,1955.85,235164107.0,19325300000.0
2013-08-30,1957.05,1964.1,1922.15,1957.35,144924554.0,12902500000.0
2013-09-02,1963.65,1978.7,1950.4,1975.4,147737342.0,12214600000.0
2013-09-03,1990.25,1991.5,1887.45,1896.15,161465978.0,14006900000.0
2013-09-04,1896.95,1947.75,1884.0,1941.3,139817658.0,13030500000.0
2013-09-05,1980.7,2001.45,1971.95,1976.65,176816638.0,17000900000.0
2013-09-06,1992.85,2047.1,1980.5,2037.15,157341443.0,16525900000.0
2013-09-10,2073.2,2146.95,2073.2,2137.2,177561284.0,19862100000.0
2013-09-11,2137.8,2160.85,2124.9,2149.65,187015617.0,17247400000.0
2013-09-12,2165.15,2171.1,2116.75,2129.15,189297667.0,15539900000.0
2013-09-13,2120.45,2173.35,2120.45,2169.6,160037787.0,14296800000.0
2013-09-16,2198.0,2219.2,2155.9,2169.75,138887402.0,12123699999.999998
2013-09-17,2168.65,2168.65,2141.95,2154.75,92464858.0,8248000000.0
2013-09-18,2160.1,2182.7,2146.3,2173.5,90444680.0,8309600000.0
2013-09-19,2228.25,2284.35,2228.25,2273.75,187348176.0,21203000000.0
2013-09-20,2273.5,2273.9,2197.95,2229.55,202968880.0,22799400000.0
2013-09-23,2201.85,2226.4,2162.2,2168.5,129494385.0,14033500000.0
2013-09-24,2157.5,2196.4,2157.05,2181.55,112579060.0,12968200000.0
2013-09-25,2186.2,2220.6,2179.1,2216.3,131994366.0,14447200000.0
2013-09-26,2215.7,2231.3,2208.95,2223.35,169105283.0,18251000000.0
2013-09-27,2235.4,2235.4,2179.0,2187.05,116735515.0,11865200000.0
2013-09-30,2168.3,2168.3,2123.75,2135.65,100330580.0,10949300000.0
2013-10-01,2141.55,2153.45,2113.2,2149.95,100563210.0,10758100000.0
2013-10-03,2166.2,2200.6,2153.7,2195.5,119102468.0,12490900000.0
2013-10-04,2179.2,2208.8,2174.9,2185.4,135619582.0,12838300000.0
2013-10-07,2179.3,2180.9,2158.25,2178.35,86524970.0,8783000000.0
2013-10-08,2200.15,2226.3,2193.25,2217.5,118120905.0,12015100000.0
2013-10-09,2207.15,2253.85,2200.65,2250.1,145379540.0,14074600000.0
2013-10-10,2247.4,2266.3,2241.0,2252.4,117860423.0,10696500000.0
2013-10-11,2272.65,2276.6,2256.0,2271.0,90236582.0,10349200000.0
2013-10-14,2273.25,2279.8,2264.05,2266.3,73667522.0,8246300000.0
2013-10-15,2278.95,2299.45,2249.35,2264.85,146727104.0,13111800000.0
2013-10-17,2262.5,2272.6,2240.5,2245.35,160713224.0,13510300000.0
2013-10-18,2249.5,2306.55,2243.6,2300.65,165351863.0,17908800000.0
2013-10-21,2305.55,2349.6,2305.55,2345.05,122665084.0,16045200000.0
2013-10-22,2337.6,2371.75,2337.6,2367.85,136324185.0,13622100000.0
2013-10-23,2373.05,2380.6,2322.1,2354.0,127488960.0,12805200000.0
2013-10-24,2352.05,2383.15,2347.2,2351.55,113812763.0,13135700000.0
2013-10-25,2343.9,2345.3,2313.35,2317.05,81589908.0,9554600000.0
2013-10-28,2318.2,2337.5,2303.35,2306.35,79476193.0,8872400000.0
2013-10-29,2307.7,2344.65,2278.05,2340.15,121747326.0,12134100000.0
2013-10-30,2340.75,2377.1,2340.75,2365.2,132271395.0,18995100000.0
2013-10-31,2357.8,2397.9,2357.4,2393.3,182935455.0,20135100000.0
2013-11-01,2384.5,2410.0,2384.5,2404.25,137899560.0,15282600000.0
2013-11-03,2412.1,2419.25,2399.85,2404.1,19366014.0,1898800000.0
2013-11-05,2381.75,2402.65,2360.75,2385.5,139253539.0,15260300000.0
2013-11-06,2385.45,2409.0,2380.25,2387.45,132348448.0,15283300000.0
2013-11-07,2386.9,2405.9,2345.05,2348.45,110047602.0,12596700000.0
2013-11-08,2338.2,2371.15,2330.15,2365.4,86558779.0,10697400000.0
2013-11-11,2348.8,2354.85,2317.7,2320.95,89984574.0,11011099999.999998
2013-11-12,2323.35,2337.05,2277.75,2282.3,93919811.0,11034500000.0
2013-11-13,2278.9,2300.15,2261.8,2268.0,107638604.0,13361000000.0
2013-11-14,2288.2,2338.7,2288.2,2320.4,94140838.0,11318100000.0
2013-11-18,2340.25,2381.5,2340.25,2378.1,96221335.0,11507000000.0
2013-11-19,2377.65,2403.0,2377.65,2400.55,102401841.0,13010300000.0
2013-11-20,2396.15,2410.3,2365.45,2373.15,100510985.0,10775700000.0
2013-11-21,2360.2,2368.85,2312.9,2317.85,80685533.0,9796500000.0
2013-11-22,2326.75,2343.95,2306.8,2326.1,75205023.0,8748900000.0
2013-11-25,2338.3,2379.65,2338.3,2376.85,88436988.0,12005600000.0
2013-11-26,2371.45,2395.0,2362.7,2367.25,103722409.0,15245200000.0
2013-11-27,2366.75,2375.2,2338.5,2352.75,94072366.0,11633800000.000002
2013-11-28,2366.45,2399.0,2365.9,2388.0,210908759.0,20426600000.0
2013-11-29,2392.6,2431.95,2391.85,2427.6,168419217.0,17690600000.0
2013-12-02,2426.7,2461.7,2426.7,2458.3,109279673.0,12425700000.0
2013-12-03,2449.85,2465.0,2438.75,2442.85,107044655.0,13084600000.0
2013-12-04,2433.25,2450.45,2426.8,2431.8,177741913.0,17170800000.0
2013-12-05,2480.85,2498.7,2480.85,2489.35,144720890.0,18721500000.0
2013-12-06,2486.25,2526.55,2486.25,2518.4,128384992.0,16228200000.0
2013-12-09,2581.6,2595.6,2565.2,2579.1,125210447.0,20951800000.0
2013-12-10,2561.95,2561.95,2480.6,2496.65,176421432.0,24029500000.0
2013-12-11,2490.1,2490.1,2452.55,2461.1,100509302.0,13128599999.999998
2013-12-12,2445.5,2468.85,2427.35,2448.2,115177227.0,13020500000.0
2013-12-13,2433.7,2439.95,2399.9,2405.85,110208703.0,11896099999.999998
2013-12-16,2407.05,2426.85,2396.65,2407.9,106284668.0,11678800000.000002
2013-12-17,2420.45,2438.0,2415.3,2419.45,98946225.0,10817900000.0
2013-12-18,2411.85,2469.75,2411.85,2466.1,169787058.0,20032400000.0
2013-12-19,2475.85,2480.65,2413.55,2432.7,371240728.0,38928600000.0
2013-12-20,2427.05,2456.8,2415.15,2453.8,123778862.0,14412300000.0
2013-12-23,2457.0,2482.5,2457.0,2466.1,107732432.0,11291800000.0
2013-12-24,2470.5,2488.45,2462.4,2465.6,96253934.0,9703700000.0
2013-12-26,2467.4,2489.9,2465.55,2473.8,156257926.0,17419200000.0
2013-12-27,2479.95,2492.1,2475.8,2479.4,83398294.0,8186500000.0
2013-12-30,2483.2,2489.85,2460.7,2465.45,69118228.0,7989600000.0
2013-12-31,2471.45,2483.0,2466.4,2477.35,84629130.0,8402000000.0
2014-01-01,2483.1,2494.7,2477.1,2492.95,75137956.0,7800400000.0
2014-01-02,2495.5,2506.6,2415.25,2423.7,132360592.0,14662900000.0
2014-01-03,2406.75,2422.4,2374.65,2389.8,102409054.0,12755900000.0
2014-01-06,2391.7,2399.9,2369.85,2383.35,83066693.0,9673200000.0
2014-01-07,2389.65,2399.65,2365.7,2376.75,96563336.0,11669200000.0
2014-01-08,2385.1,2388.0,2361.25,2362.8,86892235.0,11710000000.0
2014-01-09,2362.75,2371.2,2332.1,2336.0,97092531.0,11831099999.999998
2014-01-10,2337.35,2351.65,2303.0,2309.5,99857462.0,12039800000.0
2014-01-13,2305.45,2335.35,2305.45,2326.75,79965867.0,9263600000.0
2014-01-14,2319.55,2344.65,2315.2,2319.5,70122425.0,8505000000.0
2014-01-15,2327.65,2358.85,2327.65,2355.2,79897286.0,9220600000.0
2014-01-16,2363.3,2365.35,2324.6,2330.95,94394529.0,12670900000.0
2014-01-17,2324.85,2335.85,2303.55,2315.9,111566877.0,13554100000.0
2014-01-20,2315.7,2331.85,2311.6,2325.2,86552907.0,10359200000.0
2014-01-21,2334.7,2340.7,2317.55,2323.8,96448817.0,11457900000.0
2014-01-22,2326.25,2338.2,2321.0,2329.3,75100232.0,9902100000.0
2014-01-23,2328.5,2360.8,2328.5,2352.7,74663356.0,12443100000.0
2014-01-24,2343.05,2346.1,2307.6,2309.95,84662618.0,10686400000.000002
2014-01-27,2279.0,2279.0,2233.7,2236.1,110541515.0,11238500000.0
2014-01-28,2237.8,2253.45,2218.7,2232.45,126036909.0,12493500000.0
2014-01-29,2250.0,2264.5,2235.05,2238.55,100529282.0,11884600000.0
2014-01-30,2216.65,2233.75,2212.75,2229.7,169267470.0,16714200000.0
2014-01-31,2233.5,2261.05,2227.45,2256.65,112594837.0,10991700000.0
2014-02-03,2247.7,2251.15,2218.95,2222.45,92872535.0,8254700000.0
2014-02-04,2202.65,2258.95,2195.85,2254.7,121492252.0,12039500000.0
2014-02-05,2252.25,2262.55,2234.8,2259.05,107905279.0,12562600000.0
2014-02-06,2259.3,2269.35,2238.0,2259.5,114407466.0,13342400000.0
2014-02-07,2270.1,2276.05,2260.3,2271.65,133175442.0,14226300000.000002
2014-02-10,2271.55,2275.05,2252.5,2257.4,100003302.0,12721199999.999998
2014-02-11,2256.05,2265.15,2237.65,2245.8,105612354.0,11621000000.0
2014-02-12,2255.45,2268.15,2251.35,2262.8,89792292.0,10614200000.0
2014-02-13,2267.6,2271.6,2218.65,2221.6,78326103.0,8856200000.0
2014-02-14,2232.25,2247.25,2215.45,2234.55,89048842.0,11924900000.0
2014-02-17,2244.05,2250.4,2228.15,2244.0,72288293.0,7765300000.0
2014-02-18,2245.9,2277.65,2234.8,2274.3,83027067.0,10648300000.0
2014-02-19,2273.6,2286.0,2272.55,2281.2,63866959.0,7795700000.000001
2014-02-20,2268.45,2287.8,2254.55,2278.45,102397430.0,9674100000.0
2014-02-21,2286.25,2289.6,2272.95,2286.55,94644990.0,10566199999.999998
2014-02-24,2287.05,2293.55,2274.0,2284.9,130925779.0,15457500000.0
2014-02-25,2291.7,2296.75,2273.05,2283.55,96758575.0,11029600000.0
2014-02-26,2284.65,2297.7,2281.4,2293.2,137901256.0,15089400000.0
2014-02-28,2292.55,2312.85,2292.55,2309.8,133986991.0,13974100000.0
2014-03-03,2307.55,2307.9,2284.05,2290.2,146485140.0,11218400000.0
2014-03-04,2287.65,2330.75,2286.0,2326.35,124273317.0,12348500000.0
2014-03-05,2340.25,2341.2,2309.2,2325.9,125071887.0,13739400000.0
2014-03-06,2329.8,2377.65,2328.1,2374.55,164942784.0,18102600000.0
2014-03-07,2380.5,2470.8,2380.5,2462.95,227592580.0,28009800000.0
2014-03-10,2451.75,2515.65,2451.75,2508.25,171389856.0,20833600000.0
2014-03-11,2510.1,2526.45,2489.3,2502.7,165363444.0,19589600000.0
2014-03-12,2496.85,2500.15,2474.95,2485.2,110713757.0,12412500000.0
2014-03-13,2486.75,2511.05,2466.7,2473.85,103482676.0,11786500000.0
2014-03-14,2463.7,2505.7,2437.05,2499.75,114907528.0,14141300000.000002
2014-03-18,2505.45,2523.7,2495.45,2505.6,123735726.0,14604300000.0
2014-03-19,2510.75,2534.55,2505.15,2514.65,106704528.0,13188900000.000002
2014-03-20,2497.45,2516.2,2469.3,2472.35,92396586.0,11143900000.000002
2014-03-21,2488.35,2500.05,2470.55,2472.8,102719686.0,12371600000.0
2014-03-22,2476.7,2481.35,2472.4,2478.4,5954084.0,619800000.0
2014-03-24,2489.2,2509.05,2482.65,2495.0,94536736.0,12670600000.0
2014-03-25,2496.6,2531.6,2495.05,2529.35,118290625.0,15202900000.0
2014-03-26,2540.55,2559.95,2538.85,2549.45,111833126.0,15216000000.0
2014-03-27,2552.0,2602.35,2550.9,2580.85,193949180.0,24028600000.0
2014-03-28,2590.8,2645.85,2578.4,2636.3,170894987.0,17133900000.000002
2014-03-31,2648.5,2671.4,2602.75,2615.05,165185181.0,18241900000.0
2014-04-01,2623.8,2629.65,2589.35,2619.4,112390105.0,12501500000.0
2014-04-02,2638.9,2674.2,2632.1,2663.75,118085169.0,15445900000.0
2014-04-03,2668.85,2668.85,2619.6,2637.8,126634750.0,16221400000.000002
2014-04-04,2639.65,2639.65,2609.4,2612.9,114687297.0,13326099999.999998
2014-04-07,2615.45,2633.9,2592.0,2620.85,147938677.0,14458500000.0
2014-04-09,2632.95,2663.65,2623.8,2655.7,136413072.0,16499100000.0
2014-04-10,2658.55,2720.7,2658.55,2700.65,253795038.0,30024800000.0
2014-04-11,2686.9,2704.35,2675.65,2690.85,162284466.0,18348600000.0
2014-04-15,2687.15,2698.6,2666.0,2680.6,134682059.0,15834600000.0
2014-04-16,2675.8,2690.0,2618.75,2624.0,158133350.0,18499700000.0
2014-04-17,2629.6,2663.3,2618.55,2661.0,130468114.0,18056300000.0
2014-04-21,2665.55,2724.2,2665.55,2720.75,104390626.0,14128400000.0
2014-04-22,2728.95,2745.5,2723.05,2734.25,95716544.0,14574400000.0
2014-04-23,2748.95,2766.3,2743.4,2748.2,155899455.0,21620200000.0
2014-04-25,2748.95,2759.15,2712.7,2717.65,116007955.0,17000300000.0
2014-04-28,2717.65,2723.35,2693.4,2697.3,111179327.0,14303100000.0
2014-04-29,2713.4,2714.35,2667.9,2675.5,131218432.0,16784500000.0
2014-04-30,2690.75,2699.25,2582.65,2609.55,154874942.0,19161400000.0
2014-05-02,2623.7,2633.55,2578.35,2582.2,97417252.0,12795300000.0
2014-05-05,2581.25,2600.4,2564.45,2579.8,93701684.0,11106700000.0
2014-05-06,2590.95,2602.0,2572.4,2583.25,81128541.0,10659800000.0
2014-05-07,2582.25,2596.65,2569.85,2576.85,95089131.0,13458500000.0
2014-05-08,2589.1,2595.55,2564.3,2579.1,89062296.0,12306500000.0
2014-05-09,2578.9,2673.5,2574.55,2669.0,160063444.0,20288400000.0
2014-05-12,2677.45,2752.55,2677.45,2747.75,182134914.0,21148600000.0
2014-05-13,2779.05,2860.95,2779.05,2819.1,313658326.0,37874600000.0
2014-05-14,2836.15,2840.4,2800.1,2821.9,180573101.0,21106400000.0
2014-05-15,2829.55,2846.45,2808.55,2821.9,225790603.0,25377000000.0
2014-05-16,2920.7,3012.55,2880.5,2918.9,384453236.0,50713400000.0
2014-05-19,2951.05,3147.45,2951.05,3138.1,418282345.0,49622200000.0
2014-05-20,3174.15,3180.7,3109.2,3147.8,366588174.0,43290400000.0
2014-05-21,3156.3,3159.25,3084.45,3104.95,233271927.0,28284500000.0
2014-05-22,3130.85,3160.05,3105.95,3127.8,362244368.0,34993200000.0
2014-05-23,3150.95,3233.8,3149.75,3223.4,282368229.0,34727500000.0
2014-05-26,3266.8,3367.15,3098.55,3189.25,430176001.0,54706100000.0
2014-05-27,3186.6,3191.9,3104.05,3161.2,244831265.0,28085500000.0
2014-05-28,3168.7,3208.1,3167.7,3180.8,193868346.0,25314699999.999996
2014-05-29,3187.4,3200.45,3120.9,3134.5,195396369.0,27086000000.0
2014-05-30,3149.8,3193.7,3149.8,3162.25,283705659.0,38811500000.0
2014-06-02,3222.9,3295.35,3211.95,3289.75,194996648.0,30295400000.0
2014-06-03,3304.6,3335.55,3282.65,3324.45,199039486.0,29842600000.000004
2014-06-04,3331.6,3350.4,3316.0,3346.75,216343640.0,29142000000.0
2014-06-05,3360.15,3391.1,3331.45,3386.25,274822297.0,38333900000.0
2014-06-06,3419.75,3433.55,3374.65,3418.2,230258651.0,33383500000.0
2014-06-09,3444.05,3520.15,3443.0,3499.75,314681030.0,42917299999.99999
2014-06-10,3521.95,3524.05,3432.05,3480.35,282520803.0,34781100000.0
2014-06-11,3491.2,3491.2,3384.2,3401.95,284112340.0,35519600000.0
2014-06-12,3398.95,3403.3,3358.85,3390.95,183417080.0,22330800000.0
2014-06-13,3402.0,3423.8,3261.0,3289.1,213639380.0,26646500000.0
2014-06-16,3287.35,3287.35,3207.8,3273.8,205515356.0,24940300000.000004
2014-06-17,3265.25,3345.05,3259.35,3339.3,179223064.0,25159200000.0
2014-06-18,3341.0,3380.3,3265.4,3306.65,214337382.0,28437000000.0
2014-06-19,3320.2,3350.15,3260.8,3271.0,180579777.0,19594400000.0
2014-06-20,3272.15,3283.55,3246.7,3256.65,159039743.0,17861600000.0
2014-06-23,3258.3,3282.8,3236.45,3268.05,132461733.0,17664800000.0
2014-06-24,3281.55,3333.65,3281.55,3308.95,206424166.0,24793200000.0
2014-06-25,3312.85,3318.05,3287.95,3296.65,168359057.0,22104800000.0
2014-06-26,3309.35,3320.75,3289.25,3295.95,189404694.0,25049800000.0
2014-06-27,3306.15,3310.9,3262.6,3291.05,171984848.0,20696200000.0
2014-06-30,3306.6,3382.1,3306.6,3372.75,182901540.0,24247700000.0
2014-07-01,3388.85,3403.85,3376.9,3390.95,136872129.0,18481500000.0
2014-07-02,3421.3,3466.1,3419.25,3457.1,256259159.0,33731400000.0
2014-07-03,3474.25,3474.25,3427.3,3433.2,242854317.0,27448600000.0
2014-07-04,3448.25,3456.6,3399.05,3448.65,183269819.0,24338400000.0
2014-07-07,3468.65,3488.6,3461.2,3483.8,177278396.0,27492700000.0
2014-07-08,3491.2,3493.95,3284.85,3302.0,217402761.0,32423400000.0
2014-07-09,3315.9,3328.45,3221.95,3262.0,258001232.0,31898800000.0
2014-07-10,3281.05,3365.9,3167.45,3270.95,328321682.0,42646800000.0
2014-07-11,3275.1,3302.2,3115.35,3135.95,257569040.0,32509000000.0
2014-07-14,3133.15,3180.7,3108.9,3167.25,167209433.0,20556900000.0
2014-07-15,3198.6,3228.55,3162.15,3222.6,157975334.0,21016900000.0
2014-07-16,3240.7,3292.05,3205.45,3275.4,182892418.0,21773300000.0
2014-07-17,3271.6,3329.3,3271.6,3324.65,190528965.0,26925200000.0
2014-07-18,3307.05,3321.7,3268.85,3312.15,174210933.0,23108800000.0
2014-07-21,3319.5,3333.9,3286.25,3292.45,112138193.0,15654200000.0
2014-07-22,3306.3,3335.5,3273.85,3305.45,146567143.0,22098700000.0
2014-07-23,3319.95,3327.1,3282.25,3302.35,168036699.0,19226100000.0
2014-07-24,3304.35,3319.9,3281.2,3299.3,172415287.0,17224400000.0
2014-07-25,3303.5,3307.85,3217.1,3257.25,200461153.0,20048600000.0
2014-07-28,3269.55,3274.4,3237.95,3243.55,162866819.0,17839500000.0
2014-07-30,3211.0,3211.05,3165.2,3198.2,180347654.0,35089100000.0
2014-07-31,3198.05,3214.7,3159.2,3163.5,348743826.0,39553900000.0
2014-08-01,3134.65,3178.9,3111.65,3121.75,261486801.0,29592399999.999996
2014-08-04,3140.2,3181.35,3135.95,3172.1,159352491.0,23604500000.0
2014-08-05,3182.5,3182.7,3140.75,3168.25,155940845.0,21509000000.0
2014-08-06,3159.6,3191.9,3138.85,3144.8,146666341.0,21243300000.0
2014-08-07,3150.3,3168.25,3134.8,3141.55,124791022.0,17453500000.0
2014-08-08,3112.45,3112.45,3063.3,3075.0,127150390.0,18527300000.0
2014-08-11,3101.5,3109.85,3077.65,3090.9,117145591.0,17190400000.0
2014-08-12,3105.3,3121.45,3096.95,3116.5,120294261.0,16215700000.0
2014-08-13,3093.15,3109.3,3019.0,3051.75,225916100.0,25094400000.0
2014-08-14,3064.4,3097.55,3052.9,3092.9,158553105.0,18273700000.0
2014-08-18,3089.15,3164.55,3089.15,3158.5,132514775.0,20310800000.0
2014-08-19,3173.4,3199.65,3168.2,3191.8,136464639.0,19588600000.0
2014-08-20,3196.4,3205.7,3172.1,3186.75,142239054.0,18952800000.0
2014-08-21,3185.7,3209.75,3162.2,3180.2,120899917.0,16160000000.0
2014-08-22,3185.75,3194.4,3162.55,3168.0,129922763.0,15240600000.0
2014-08-25,3174.55,3182.75,3133.5,3142.1,133458443.0,15072100000.0
2014-08-26,3123.0,3124.3,3078.65,3110.5,172437703.0,18234900000.0
2014-08-27,3121.85,3132.8,3081.55,3096.55,130201024.0,16305000000.0
2014-08-28,3102.35,3126.9,3093.5,3113.45,258835400.0,28283900000.0
2014-09-01,3125.1,3197.65,3125.1,3194.65,151486683.0,20467600000.0
2014-09-02,3200.35,3243.4,3197.1,3220.75,155046012.0,20028200000.0
2014-09-03,3229.3,3261.15,3229.3,3246.0,183028183.0,27001600000.0
2014-09-04,3245.7,3245.7,3182.15,3213.75,346371178.0,28330500000.0
2014-09-05,3215.85,3240.9,3189.3,3222.1,358291613.0,25699200000.0
2014-09-08,3239.35,3254.55,3232.9,3243.55,208213465.0,20876300000.0
2014-09-09,3241.75,3255.9,3230.75,3245.0,147314246.0,15859900000.0
2014-09-10,3232.7,3247.7,3218.7,3228.7,141347846.0,17759800000.0
2014-09-11,3242.65,3256.05,3226.1,3241.6,136305820.0,15715300000.0
2014-09-12,3240.3,3257.0,3209.15,3219.3,129669314.0,15696099999.999998
2014-09-15,3197.7,3209.7,3177.2,3198.0,98568217.0,12846099999.999998
2014-09-16,3200.8,3210.0,3103.15,3111.4,174262468.0,17863700000.0
2014-09-17,3135.65,3139.9,3091.2,3127.85,157356428.0,19090000000.0
2014-09-18,3116.0,3212.55,3115.55,3207.35,150542093.0,17607200000.0
2014-09-19,3213.9,3232.05,3162.9,3167.7,259191038.0,27626100000.0
2014-09-22,3152.2,3173.75,3141.0,3164.05,133601870.0,13169500000.0
2014-09-23,3155.2,3165.0,3095.55,3100.4,133932086.0,15910900000.0
2014-09-24,3098.35,3110.05,3022.3,3058.25,210645101.0,20873400000.0
2014-09-25,3066.35,3072.5,2990.8,3005.85,422523256.0,28666500000.0
2014-09-26,2992.65,3053.85,2980.65,3046.55,215633472.0,18691200000.0
2014-09-29,3047.7,3062.65,3026.9,3042.15,162185171.0,14346700000.0
2014-09-30,3031.4,3069.95,3013.55,3020.9,189111170.0,17261700000.0
2014-10-01,3021.3,3034.9,3001.15,3004.25,129725578.0,12180400000.0
2014-10-07,2988.5,3017.15,2965.7,2975.65,164714871.0,16467100000.0
2014-10-08,2962.1,3011.45,2962.1,3004.1,125110981.0,15553100000.0
2014-10-09,3021.4,3084.9,3021.4,3078.75,168589250.0,17514100000.0
2014-10-10,3048.95,3052.05,2998.5,3017.6,154562231.0,16714200000.0
2014-10-13,2995.95,3017.45,2974.15,3012.25,129994897.0,13958800000.000002
2014-10-14,3027.9,3040.65,3004.65,3020.55,107655456.0,14113699999.999998
2014-10-16,3010.05,3019.05,2937.85,2946.8,170480314.0,17763200000.0
2014-10-17,2968.25,3015.8,2966.75,3000.55,122195974.0,16530300000.0
2014-10-20,3043.45,3065.55,3040.8,3061.85,114694241.0,13939000000.0
2014-10-21,3077.4,3119.75,3076.9,3117.0,117334560.0,15562700000.0
2014-10-22,3146.1,3162.0,3139.5,3154.1,107293505.0,14873300000.0
2014-10-23,3171.75,3171.75,3155.55,3159.8,16838167.0,1852300000.0
2014-10-27,3180.45,3184.15,3161.15,3165.4,117173420.0,15148000000.0
2014-10-28,3172.2,3179.4,3149.0,3174.45,90007808.0,13202700000.0
2014-10-29,3198.95,3198.95,3163.2,3179.4,89195328.0,12536300000.000002
2014-10-30,3173.75,3213.1,3170.4,3209.55,171850930.0,20617300000.0
2014-10-31,3228.2,3283.15,3213.1,3278.0,161007400.0,24577100000.0
2014-11-03,3288.95,3299.6,3269.0,3282.3,143198629.0,17226400000.0
2014-11-05,3291.9,3306.05,3248.0,3260.6,159915103.0,19065100000.0
2014-11-07,3265.6,3281.85,3234.95,3260.25,125727916.0,17304600000.0
2014-11-10,3240.7,3265.8,3219.5,3249.3,129811726.0,19314600000.0
2014-11-11,3262.3,3274.85,3231.05,3252.85,129232404.0,16066099999.999998
2014-11-12,3257.45,3262.85,3218.3,3222.35,102713328.0,14079300000.0
2014-11-13,3236.15,3256.4,3196.75,3213.6,131097118.0,14570700000.0
2014-11-14,3206.55,3236.55,3196.95,3227.1,143680940.0,17097300000.0
2014-11-17,3223.85,3257.05,3216.15,3253.25,147982473.0,14526600000.0
2014-11-18,3261.1,3314.1,3261.1,3311.25,182736327.0,23635000000.0
2014-11-19,3322.75,3339.3,3277.6,3291.8,145232316.0,20667300000.0
2014-11-20,3294.15,3297.8,3239.75,3269.2,112794092.0,12326500000.0
2014-11-21,3266.3,3309.8,3257.65,3292.8,112118765.0,14400700000.0
2014-11-24,3295.5,3308.3,3278.9,3297.15,104563905.0,14865100000.0
2014-11-25,3305.2,3305.2,3212.25,3243.9,350868506.0,31610800000.0
2014-11-26,3240.2,3264.65,3229.95,3243.35,127452801.0,16144600000.0
2014-11-27,3244.3,3250.45,3226.8,3239.7,248127414.0,35574900000.0
2014-11-28,3250.5,3274.8,3241.95,3249.65,135084658.0,18314300000.0
2014-12-01,3240.8,3253.9,3195.15,3201.15,107876986.0,12062900000.0
2014-12-02,3192.75,3236.6,3192.6,3226.9,112039956.0,12395800000.0
2014-12-03,3231.15,3253.55,3226.85,3238.15,127729582.0,14779300000.0
2014-12-04,3245.2,3257.3,3197.8,3203.25,104801640.0,14869300000.0
2014-12-05,3212.3,3230.55,3180.7,3189.6,126686819.0,16640500000.0
2014-12-08,3188.5,3201.3,3138.2,3141.05,98204505.0,12620500000.0
2014-12-09,3128.55,3140.2,3048.3,3053.7,108380471.0,15287400000.0
2014-12-10,3048.65,3079.5,3045.3,3051.4,100105922.0,14763200000.0
2014-12-11,3047.0,3061.6,3009.5,3023.2,103145689.0,16539300000.0
2014-12-12,3036.4,3048.85,2980.1,2985.8,113551731.0,16092600000.0
2014-12-15,2963.1,2995.2,2955.45,2974.05,108958838.0,13553599999.999998
2014-12-16,2951.3,2964.25,2916.8,2923.95,171689975.0,16260900000.0
2014-12-17,2912.2,2938.7,2858.1,2892.55,151356375.0,18977800000.0
2014-12-18,2930.8,2980.95,2929.85,2974.75,124175829.0,15385200000.0
2014-12-19,3006.3,3016.75,2988.1,3005.0,140542285.0,16979300000.0
2014-12-22,3014.3,3033.05,3004.1,3025.8,100139568.0,11623300000.0
2014-12-23,3029.65,3046.0,3001.3,3006.35,129543372.0,13891300000.000002
2014-12-24,3011.1,3012.05,2968.4,2975.0,278097327.0,25277399999.999996
2014-12-26,2992.45,3002.3,2975.55,2989.5,88637041.0,7715100000.0
2014-12-29,2996.1,3025.0,2993.6,2996.3,68442187.0,7950700000.000001
2014-12-30,3011.75,3026.7,3003.55,3019.05,85783506.0,11178000000.0
2014-12-31,3014.5,3046.55,3014.5,3039.85,77617637.0,10569700000.0
2015-01-01,3040.25,3067.55,3033.6,3064.7,75678418.0,7071100000.0
2015-01-02,3066.9,3115.1,3066.9,3107.1,101551497.0,11341800000.0
2015-01-05,3117.35,3140.1,3095.2,3102.3,84527684.0,11343000000.0
2015-01-06,3080.8,3080.8,3003.55,3013.25,119697182.0,15682600000.0
2015-01-07,3005.45,3022.85,2987.15,3006.35,108596689.0,13387600000.0
2015-01-08,3036.45,3056.25,3032.75,3052.6,104175671.0,13128800000.000002
2015-01-09,3072.15,3076.65,3001.2,3022.95,95165575.0,11573699999.999998
2015-01-12,3025.35,3040.85,3005.7,3038.85,77093167.0,9195000000.0
2015-01-13,3051.45,3058.9,3003.25,3010.45,94472217.0,10873599999.999998
2015-01-14,3016.35,3029.55,2997.3,3019.45,115513769.0,12807800000.0
2015-01-15,3056.0,3114.2,3049.25,3097.15,168215743.0,18621700000.0
2015-01-16,3094.9,3132.3,3074.8,3122.1,127843912.0,18042900000.0
2015-01-19,3132.9,3166.7,3131.85,3160.4,95592089.0,11466900000.0
2015-01-20,3173.55,3186.2,3154.75,3179.05,87179783.0,12152100000.0
2015-01-21,3185.75,3222.0,3181.7,3219.0,94478770.0,15115600000.0
2015-01-22,3227.35,3239.6,3210.65,3227.55,99142194.0,11922100000.0
2015-01-23,3250.0,3308.5,3250.0,3303.15,136854097.0,21202500000.0
2015-01-27,3315.85,3349.95,3313.6,3343.25,111497941.0,17676300000.0
2015-01-28,3337.75,3344.55,3257.1,3280.1,125549348.0,18583500000.0
2015-01-29,3274.7,3310.55,3252.45,3301.2,165381802.0,20991900000.0
2015-01-30,3316.0,3329.85,3266.65,3294.4,209674948.0,21686900000.0
2015-02-02,3285.8,3311.75,3285.15,3304.65,137646714.0,14470000000.0
2015-02-03,3318.55,3322.7,3273.1,3292.95,133419373.0,15652900000.0
2015-02-04,3306.9,3308.6,3244.1,3251.15,144494973.0,16108599999.999998
2015-02-05,3257.85,3261.4,3172.6,3190.55,134949424.0,16543200000.0
2015-02-06,3185.8,3200.95,3163.3,3174.1,125800392.0,15239100000.0
2015-02-09,3140.7,3144.0,3040.0,3057.0,117477220.0,17185600000.0
2015-02-10,3024.7,3106.25,3015.25,3073.15,134677857.0,24296600000.0
2015-02-11,3091.9,3129.6,3091.9,3122.45,122710264.0,14958300000.0
2015-02-12,3136.6,3187.1,3117.5,3178.15,118137653.0,16612800000.0
2015-02-13,3181.15,3196.95,3168.2,3192.55,93717524.0,13585400000.0
2015-02-16,3193.4,3215.4,3183.05,3192.8,102107031.0,12898100000.0
2015-02-18,3201.45,3219.1,3197.15,3210.85,162532563.0,17328500000.0
2015-02-19,3224.25,3255.2,3183.2,3245.4,125795765.0,13887300000.0
2015-02-20,3248.9,3264.0,3212.55,3220.45,112176022.0,17131400000.000002
2015-02-23,3232.3,3253.85,3210.4,3218.85,114656156.0,14190400000.0
2015-02-24,3222.65,3245.4,3213.6,3239.15,103931623.0,15989500000.0
2015-02-25,3256.35,3265.95,3219.8,3227.25,101932655.0,13493200000.0
2015-02-26,3230.2,3233.05,3191.0,3211.2,153243607.0,20700500000.0
2015-02-27,3234.85,3334.3,3233.45,3326.65,159367702.0,21450700000.0
2015-02-28,3360.4,3377.45,3252.0,3307.05,166843679.0,21923600000.0
2015-03-02,3323.95,3375.7,3323.95,3371.55,133669702.0,22738600000.0
2015-03-03,3378.25,3389.55,3355.95,3384.85,105791489.0,15418800000.000002
2015-03-04,3413.0,3432.1,3341.65,3359.8,208016314.0,21679800000.0
2015-03-05,3365.3,3369.05,3303.95,3347.75,142322692.0,16666900000.0
2015-03-09,3327.6,3327.9,3238.35,3245.5,108744635.0,12602500000.0
2015-03-10,3252.65,3303.4,3235.0,3259.9,119096646.0,16737100000.0
2015-03-11,3276.8,3299.75,3242.45,3289.35,116654022.0,19410200000.0
2015-03-12,3301.75,3358.25,3300.15,3355.3,158795734.0,25455300000.000004
2015-03-13,3378.95,3383.25,3289.6,3297.8,149664833.0,26314500000.0
2015-03-16,3304.3,3304.3,3253.5,3260.8,136720208.0,23780000000.0
2015-03-17,3285.0,3307.35,3259.5,3301.25,114583978.0,17968500000.0
2015-03-18,3308.5,3313.0,3256.65,3264.45,109763460.0,15210200000.0
2015-03-19,3290.6,3310.95,3231.5,3241.85,118448223.0,16765400000.0
2015-03-20,3221.5,3242.05,3190.25,3203.7,151447313.0,19047500000.0
2015-03-23,3220.65,3229.9,3197.15,3203.45,87061441.0,11235700000.0
2015-03-24,3199.8,3233.3,3199.8,3218.95,91521519.0,14225500000.0
2015-03-25,3221.05,3229.4,3178.6,3184.45,105849950.0,16744900000.0
2015-03-26,3165.55,3219.3,3165.55,3176.65,195381005.0,28959899999.999996
2015-03-27,3203.35,3214.5,3119.65,3171.15,114894618.0,18755500000.0
2015-03-30,3190.75,3257.95,3185.0,3250.9,93585509.0,14826300000.000002
2015-03-31,3264.9,3274.9,3233.6,3249.65,125253707.0,17793900000.0
2015-04-01,3249.45,3288.6,3248.0,3283.4,83300517.0,11982000000.0
2015-04-06,3289.25,3325.55,3275.15,3319.6,91591907.0,14364100000.0
2015-04-07,3332.2,3359.8,3308.3,3350.3,86178247.0,12668900000.000002
2015-04-08,3361.05,3384.0,3351.05,3373.2,112791174.0,15663699999.999998
2015-04-09,3383.35,3384.9,3330.9,3358.45,77392666.0,13475500000.0
2015-04-10,3359.7,3390.25,3349.7,3386.7,164210841.0,17307300000.0
2015-04-13,3396.7,3456.75,3392.8,3452.9,102255143.0,15241400000.000002
2015-04-15,3451.75,3456.65,3386.75,3404.0,105002271.0,16066300000.000002
2015-04-16,3406.0,3409.95,3354.75,3377.5,104128806.0,13332200000.0
2015-04-17,3381.9,3382.5,3337.1,3342.2,74891964.0,11567500000.0
2015-04-20,3345.8,3345.8,3245.45,3271.8,86584998.0,12166600000.0
2015-04-21,3266.75,3303.55,3231.75,3240.8,80482470.0,12375100000.0
2015-04-22,3249.3,3293.9,3212.35,3285.45,97209499.0,13895400000.0
2015-04-23,3308.1,3313.15,3254.25,3266.25,73320460.0,11633800000.000002
2015-04-24,3267.5,3268.4,3201.45,3216.9,95618423.0,13015300000.0
2015-04-27,3226.4,3231.35,3166.8,3176.55,114213037.0,18207900000.0
2015-04-28,3183.25,3222.1,3153.6,3211.2,121985997.0,16109500000.0
2015-04-29,3207.0,3220.35,3169.3,3177.8,99590097.0,15818800000.000002
2015-04-30,3172.8,3173.55,3126.35,3154.65,206249895.0,22585600000.0
2015-05-04,3167.15,3216.4,3155.15,3211.2,97543409.0,13503100000.0
2015-05-05,3209.75,3229.55,3184.6,3205.15,99383758.0,13048800000.000002
2015-05-06,3204.9,3214.6,3080.8,3089.55,128018960.0,21414600000.0
2015-05-07,3082.75,3107.2,3041.75,3070.85,121504214.0,16638100000.0
2015-05-08,3103.5,3134.95,3103.5,3117.8,82173637.0,13747300000.0
2015-05-11,3131.35,3166.1,3131.35,3153.9,73275309.0,12040200000.0
2015-05-12,3155.6,3155.6,3054.65,3059.9,92740560.0,13792900000.0
2015-05-13,3081.0,3103.45,3037.1,3090.55,112075466.0,14947700000.0
2015-05-14,3088.05,3109.25,3069.05,3097.3,102602006.0,13132000000.0
2015-05-15,3114.9,3130.2,3101.9,3110.45,67331490.0,11247800000.0
2015-05-18,3122.15,3158.3,3113.75,3153.25,80031231.0,11190600000.0
2015-05-19,3156.8,3183.0,3144.2,3160.05,101166940.0,12767200000.0
2015-05-20,3174.35,3185.25,3152.3,3158.65,92142564.0,11426400000.000002
2015-05-21,3166.2,3171.45,3138.8,3161.1,78748103.0,12586099999.999998
2015-05-22,3164.65,3180.65,3147.25,3169.9,90871874.0,15842200000.0
2015-05-25,3166.9,3182.25,3150.35,3157.2,78620096.0,11058900000.000002
2015-05-26,3162.95,3163.8,3137.85,3155.4,79925588.0,14847400000.0
2015-05-27,3148.15,3194.8,3145.25,3182.8,84388892.0,13741099999.999998
2015-05-28,3193.8,3194.8,3137.6,3169.75,144582898.0,19222500000.0
2015-05-29,3170.15,3228.85,3167.6,3220.85,245682733.0,55913800000.0
2015-06-01,3231.3,3258.45,3196.8,3244.95,91933956.0,17167600000.0
2015-06-02,3256.6,3256.6,3196.9,3203.4,97050623.0,15908400000.0
2015-06-03,3205.45,3205.45,3107.4,3158.95,292081527.0,23904000000.0
2015-06-04,3165.5,3181.35,3141.45,3166.3,136324530.0,13479100000.0
2015-06-05,3160.15,3218.4,3160.15,3189.95,97775678.0,12997900000.0
2015-06-08,3195.15,3201.7,3158.2,3166.65,81895999.0,10525800000.0
2015-06-09,3163.05,3173.95,3143.95,3162.35,71848118.0,9374400000.0
2015-06-10,3170.0,3227.35,3170.0,3214.25,93617323.0,12396500000.0
2015-06-11,3231.85,3232.45,3137.7,3142.95,98709825.0,13690300000.0
2015-06-12,3137.4,3155.65,3122.7,3147.85,110440059.0,10241600000.0
2015-06-15,3156.6,3180.1,3135.55,3153.3,110552137.0,9643000000.0
2015-06-16,3153.25,3172.6,3128.05,3165.1,87638934.0,11238900000.000002
2015-06-17,3175.45,3206.3,3157.3,3190.1,79577249.0,14037100000.0
2015-06-18,3191.25,3223.05,3186.0,3211.75,72535811.0,12677800000.0
2015-06-19,3223.75,3236.85,3205.3,3213.1,99460341.0,11230000000.0
2015-06-22,3226.8,3249.2,3208.85,3238.55,106110351.0,10957500000.0
2015-06-23,3249.35,3276.5,3240.5,3271.4,95488689.0,12858699999.999998
2015-06-24,3273.8,3277.35,3232.05,3244.55,105792768.0,12206500000.0
2015-06-25,3232.15,3303.55,3232.15,3295.25,184301162.0,19992900000.0
2015-06-26,3284.8,3286.0,3242.3,3260.25,137361572.0,12092300000.0
2015-06-29,3209.2,3250.15,3182.6,3245.65,92460977.0,11959000000.0
2015-06-30,3242.8,3262.8,3233.3,3254.4,92602409.0,13886900000.0
2015-07-01,3260.1,3316.45,3258.95,3305.4,87357034.0,11959000000.0
2015-07-02,3316.95,3325.25,3302.35,3313.85,94516110.0,13637600000.0
2015-07-03,3314.6,3343.95,3311.0,3321.0,77601495.0,11077500000.0
2015-07-06,3272.0,3333.95,3272.0,3329.15,73491761.0,9431200000.0
2015-07-07,3336.45,3343.8,3306.0,3325.1,107997604.0,14202700000.0
2015-07-08,3290.65,3315.55,3251.3,3301.9,135047968.0,15908900000.000002
2015-07-09,3313.8,3351.1,3312.0,3336.5,94134011.0,14999300000.0
2015-07-10,3349.15,3353.45,3318.85,3335.45,101188977.0,15466099999.999998
2015-07-13,3341.9,3354.2,3317.35,3348.15,68947304.0,11700500000.0
2015-07-14,3352.0,3367.6,3345.65,3351.05,115916903.0,9653800000.0
2015-07-15,3356.9,3377.85,3356.5,3365.6,78167723.0,9771600000.0
2015-07-16,3375.85,3391.25,3360.9,3384.2,66133023.0,10527700000.0
2015-07-17,3390.6,3419.55,3389.05,3407.55,81970263.0,13059100000.0
2015-07-20,3407.05,3414.45,3389.95,3403.1,59853821.0,10018100000.0
2015-07-21,3417.1,3430.2,3378.95,3382.75,68512846.0,10749800000.0
2015-07-22,3377.1,3403.6,3364.2,3398.55,77156337.0,10462400000.0
2015-07-23,3409.2,3410.15,3366.9,3374.45,70917157.0,10778599999.999998
2015-07-24,3376.5,3377.25,3335.85,3341.15,104593967.0,10697000000.0
2015-07-27,3327.45,3327.45,3235.85,3241.35,93323900.0,11595900000.0
2015-07-28,3248.2,3265.05,3234.9,3246.75,97053903.0,10291300000.000002
2015-07-29,3254.95,3279.8,3231.75,3274.45,102659756.0,11535300000.0
2015-07-30,3288.05,3310.25,3275.15,3284.25,185376794.0,16160200000.0
2015-07-31,3299.75,3313.9,3286.3,3297.6,91081020.0,13204200000.0
2015-08-03,3246.5,3308.5,3246.5,3298.65,122520077.0,13767500000.0
2015-08-04,3306.95,3314.0,3261.8,3286.2,100011959.0,13563800000.000002
2015-08-05,3307.1,3322.95,3302.5,3307.0,104562761.0,12807400000.0
2015-08-06,3313.55,3350.15,3301.95,3344.8,146536282.0,14754200000.0
2015-08-07,3345.2,3349.4,3308.75,3317.65,129649084.0,16771099999.999998
2015-08-10,3316.55,3339.05,3278.8,3294.1,103181924.0,14088000000.0
2015-08-11,3302.25,3302.25,3237.5,3255.35,92581545.0,10379000000.0
2015-08-12,3240.0,3242.05,3168.1,3184.95,94962624.0,12480400000.0
2015-08-13,3201.75,3238.45,3156.4,3165.5,146461989.0,18532600000.0
2015-08-14,3191.35,3251.55,3177.3,3246.2,102064584.0,15875500000.0
2015-08-17,3245.1,3248.8,3206.1,3222.9,72196411.0,9429200000.0
2015-08-18,3242.9,3254.2,3215.8,3222.4,74278386.0,9881800000.0
2015-08-19,3219.25,3237.95,3192.85,3229.4,111385866.0,10085800000.0
2015-08-20,3219.7,3234.6,3175.7,3182.1,99209152.0,13070100000.0
2015-08-21,3137.5,3137.5,3099.15,3123.35,108867712.0,14769200000.0
2015-08-24,3035.15,3035.15,2882.7,2902.35,195119444.0,22888700000.0
2015-08-25,2936.05,2956.8,2802.5,2915.05,206038329.0,22858900000.0
2015-08-26,2914.55,2950.4,2883.1,2911.05,151972159.0,16844400000.0
2015-08-27,2969.9,2971.9,2918.15,2961.45,210826157.0,28544300000.0
2015-08-28,3005.95,3028.65,2973.5,2991.95,126448141.0,16362200000.0
2015-08-31,2994.3,2997.3,2944.6,2952.6,125396246.0,23469699999.999996
2015-09-01,2913.1,2931.6,2852.1,2870.9,102896174.0,14625800000.0
2015-09-02,2901.4,2901.4,2814.85,2821.5,98007600.0,16336199999.999998
2015-09-03,2838.55,2876.9,2838.55,2869.5,81092064.0,11306199999.999998
2015-09-04,2855.8,2855.8,2797.1,2815.45,115062724.0,13020600000.0
2015-09-07,2823.3,2827.35,2758.1,2764.65,81595631.0,9203400000.0
2015-09-08,2776.8,2837.3,2749.55,2831.15,108092635.0,12019200000.0
2015-09-09,2875.0,2905.7,2841.9,2891.75,128968492.0,14806300000.000002
2015-09-10,2856.95,2917.05,2831.2,2904.95,104617873.0,12528699999.999998
2015-09-11,2920.35,2926.4,2877.9,2888.55,81531298.0,9954300000.0
2015-09-14,2900.0,2938.45,2885.45,2932.2,92375252.0,8626300000.0
2015-09-15,2932.6,2939.75,2888.25,2894.4,81367522.0,11004400000.0
2015-09-16,2914.35,2916.2,2880.55,2906.6,74830512.0,10594200000.0
2015-09-18,2928.5,2955.95,2906.9,2913.4,137596498.0,17970000000.0
2015-09-21,2890.5,2933.65,2889.15,2923.85,134357512.0,10761700000.0
2015-09-22,2940.4,2942.1,2810.65,2822.65,137691885.0,15293300000.0
2015-09-23,2791.9,2831.4,2775.45,2813.4,148984642.0,13331199999.999998
2015-09-24,2809.85,2809.85,2773.3,2776.3,225322672.0,20674000000.0
2015-09-28,2781.3,2795.35,2748.25,2752.6,90274753.0,11440600000.0
2015-09-29,2723.7,2787.05,2705.65,2756.5,131835848.0,15298100000.0
2015-09-30,2791.2,2828.65,2776.45,2825.2,120186734.0,15487500000.0
2015-10-01,2850.45,2854.3,2827.65,2840.85,116336282.0,14100600000.0
2015-10-05,2863.15,2930.9,2863.15,2928.15,105286073.0,14598900000.000002
2015-10-06,2950.2,2950.2,2922.95,2937.15,116819034.0,14542200000.0
2015-10-07,2934.65,2942.9,2924.1,2939.05,155269808.0,11309300000.0
2015-10-08,2941.85,2945.45,2903.45,2927.25,106898486.0,10458900000.000002
2015-10-09,2948.85,2964.2,2928.9,2939.85,85220689.0,9413600000.0
2015-10-12,2957.1,2974.2,2945.3,2959.0,132622959.0,8666700000.0
2015-10-13,2966.3,2976.55,2936.3,2953.4,118532126.0,9305600000.0
2015-10-14,2950.05,2962.35,2940.65,2943.3,84550819.0,7953300000.0
2015-10-15,2959.15,2982.1,2955.85,2978.45,92646339.0,9724500000.0
2015-10-16,2981.25,3012.65,2965.15,3009.55,105853772.0,12930100000.0
2015-10-19,3017.1,3017.1,2994.15,3008.2,70775643.0,9580200000.0
2015-10-20,3012.55,3035.0,2993.8,3003.3,144335977.0,12498699999.999998
2015-10-21,3009.4,3019.1,2987.35,3000.15,97364362.0,12177800000.0
2015-10-23,3020.35,3025.65,2950.2,2953.75,99873982.0,14283800000.000002
2015-10-26,2973.45,2973.45,2943.15,2951.1,86052063.0,11931400000.000002
2015-10-27,2942.65,2961.05,2926.15,2934.1,111370749.0,13126000000.0
2015-10-28,2921.8,2933.1,2902.15,2913.45,113816996.0,12023900000.000002
2015-10-29,2912.8,2917.45,2875.15,2881.15,159855539.0,15411500000.0
2015-10-30,2884.1,2925.75,2822.9,2833.7,129755050.0,22180100000.000004
2015-11-02,2822.6,2824.65,2792.35,2821.4,101780029.0,16546900000.0
2015-11-03,2839.0,2844.9,2806.8,2817.6,98961563.0,13564800000.0
2015-11-04,2840.4,2840.4,2805.2,2809.05,79723439.0,11808699999.999998
2015-11-05,2808.45,2814.85,2772.25,2777.8,81704761.0,11749100000.0
2015-11-06,2785.2,2791.8,2753.0,2775.85,104751236.0,12251000000.0
2015-11-09,2716.2,2750.8,2693.05,2740.6,104036975.0,13751199999.999998
2015-11-10,2733.65,2738.05,2686.4,2689.95,103496872.0,12191500000.0
2015-11-11,2720.75,2723.3,2709.9,2715.05,12090612.0,1373200000.0
2015-11-13,2694.05,2703.05,2678.15,2687.35,79282275.0,11646700000.0
2015-11-16,2683.7,2720.15,2680.45,2714.95,123893964.0,10947600000.0
2015-11-17,2730.9,2731.75,2697.15,2712.7,87244121.0,9252700000.0
2015-11-18,2716.2,2747.5,2697.95,2701.65,140618251.0,10966800000.0
2015-11-19,2720.95,2734.6,2706.75,2730.85,87300927.0,7743600000.0
2015-11-20,2730.5,2752.15,2716.95,2744.35,97116116.0,10566000000.0
2015-11-23,2751.65,2765.1,2743.75,2749.1,61536517.0,7973600000.0
2015-11-24,2742.95,2747.55,2724.55,2729.4,119868948.0,10762000000.0
2015-11-26,2738.6,2756.0,2735.45,2748.4,211066171.0,21300600000.0
2015-11-27,2754.45,2781.15,2747.15,2767.95,158051442.0,12583900000.000002
2015-11-30,2770.35,2786.7,2766.2,2771.4,145907934.0,16366199999.999998
2015-12-01,2779.2,2784.35,2748.7,2754.15,103789487.0,11183200000.0
2015-12-02,2763.6,2763.65,2733.05,2744.75,125826178.0,11019500000.0
2015-12-03,2736.0,2753.5,2724.7,2729.25,166561986.0,15113400000.0
2015-12-04,2712.85,2726.15,2694.05,2697.4,267196701.0,16364300000.0
2015-12-07,2709.0,2716.1,2692.8,2699.65,143359347.0,9724900000.0
2015-12-08,2692.65,2697.95,2653.0,2659.8,158307744.0,10999600000.0
2015-12-09,2655.25,2656.05,2617.7,2621.05,150781605.0,13533000000.0
2015-12-10,2634.9,2649.7,2619.05,2645.5,132911702.0,11068400000.0
2015-12-11,2652.2,2652.55,2587.45,2602.5,121766869.0,12281300000.000002
2015-12-14,2593.95,2622.15,2589.7,2610.65,121518594.0,12516400000.000002
2015-12-15,2611.5,2621.55,2593.05,2617.5,88554652.0,10076800000.0
2015-12-16,2633.35,2665.8,2629.2,2649.4,132462303.0,13019600000.0
2015-12-17,2663.2,2683.65,2652.7,2680.65,112409768.0,11775100000.0
2015-12-18,2674.3,2693.75,2670.7,2677.05,125224381.0,14735000000.0
2015-12-21,2676.8,2702.9,2675.95,2698.5,95306990.0,8390800000.0
2015-12-22,2702.9,2718.1,2688.95,2691.85,135066133.0,12149900000.0
2015-12-23,2707.25,2728.65,2707.25,2724.55,89681933.0,9700200000.0
2015-12-24,2735.25,2748.0,2721.1,2745.9,109407979.0,13574100000.0
2015-12-28,2751.0,2756.0,2740.6,2752.65,96968658.0,10648400000.0
2015-12-29,2761.8,2767.05,2744.6,2754.25,112364832.0,13942600000.0
2015-12-30,2763.0,2772.2,2749.25,2753.15,97546106.0,10808200000.0
2015-12-31,2758.2,2772.65,2745.85,2769.05,157976521.0,17627000000.0
2016-01-01,2771.6,2795.3,2763.85,2792.95,115935583.0,13132200000.0
2016-01-04,2782.25,2800.85,2720.7,2725.85,168689070.0,20156000000.0
2016-01-05,2738.9,2747.75,2715.15,2723.55,126898861.0,16314000000.0
2016-01-06,2726.3,2740.45,2694.4,2699.2,108868009.0,15159400000.0
2016-01-07,2674.65,2674.65,2616.75,2625.25,129893731.0,16819500000.0
2016-01-08,2644.2,2648.55,2616.0,2631.85,107254987.0,16047100000.0
2016-01-11,2599.95,2623.7,2576.5,2616.75,118434907.0,15592700000.0
2016-01-12,2632.85,2652.2,2596.25,2608.7,126464936.0,14808900000.000002
2016-01-13,2635.75,2635.95,2505.95,2563.25,174892330.0,20322600000.0
2016-01-14,2525.15,2564.95,2491.7,2530.25,140757471.0,14916300000.000002
2016-01-15,2543.3,2546.5,2435.7,2444.2,135935401.0,14938000000.0
2016-01-18,2439.6,2445.95,2394.8,2402.65,152467114.0,16650300000.0
2016-01-19,2415.35,2482.05,2405.35,2468.9,137550533.0,14878000000.0
2016-01-20,2435.4,2435.4,2380.9,2426.25,147976817.0,17372500000.0
2016-01-21,2453.05,2465.55,2389.65,2411.8,146635214.0,15894500000.0
2016-01-22,2441.3,2447.1,2419.35,2443.85,137330471.0,15373599999.999998
2016-01-25,2462.85,2463.3,2409.65,2414.7,107192889.0,10719300000.0
2016-01-27,2430.9,2441.35,2399.95,2427.1,112955404.0,13359300000.0
2016-01-28,2422.15,2428.75,2388.15,2393.8,202886368.0,24381800000.0
2016-01-29,2394.8,2429.4,2389.55,2424.4,157267764.0,18698800000.0
2016-02-01,2445.9,2480.95,2433.35,2447.9,109268781.0,16275400000.0
2016-02-02,2449.8,2475.0,2411.55,2421.6,125951365.0,14391800000.0
2016-02-03,2390.95,2391.5,2356.35,2370.05,127794959.0,13222600000.0
2016-02-04,2395.7,2416.4,2371.6,2394.35,115787381.0,14821400000.000002
2016-02-05,2401.35,2415.4,2389.4,2408.95,87112468.0,11893699999.999998
2016-02-08,2413.85,2441.95,2392.9,2399.4,93499502.0,9773700000.0
2016-02-09,2374.2,2404.05,2369.15,2387.65,73776121.0,8560100000.0
2016-02-10,2378.95,2386.7,2348.55,2376.6,114321695.0,14180300000.0
2016-02-11,2365.9,2377.75,2277.5,2287.2,147440736.0,15252300000.0
2016-02-12,2297.4,2297.4,2204.05,2275.55,198984862.0,20106000000.0
2016-02-15,2309.9,2378.4,2299.7,2366.3,136947738.0,16308699999.999998
2016-02-16,2391.8,2391.8,2314.2,2323.4,125844554.0,13756800000.0
2016-02-17,2326.45,2366.85,2287.15,2361.4,130530500.0,13249700000.0
2016-02-18,2385.4,2406.6,2350.25,2378.55,113402740.0,13559200000.0
2016-02-19,2368.3,2403.0,2351.0,2389.8,102348009.0,10985700000.0
2016-02-22,2396.8,2411.7,2379.15,2385.5,71625605.0,7638200000.000001
2016-02-23,2390.95,2390.95,2339.45,2343.15,113925449.0,10895600000.0
2016-02-24,2328.0,2345.25,2319.15,2321.55,148362267.0,11988900000.000002
2016-02-25,2329.8,2329.8,2279.1,2282.85,219528778.0,20491700000.0
2016-02-26,2302.3,2319.45,2281.7,2305.55,111521493.0,10912200000.0
2016-02-29,2311.4,2317.15,2236.3,2261.25,164970979.0,14398300000.0
2016-03-01,2275.6,2339.65,2265.05,2336.25,119787059.0,12186800000.0
2016-03-02,2364.85,2397.0,2363.65,2383.45,141377311.0,15194600000.0
2016-03-03,2403.1,2458.9,2383.85,2454.6,122086329.0,15169300000.0
2016-03-04,2465.8,2467.95,2436.15,2447.75,144278368.0,15460800000.0
2016-03-08,2454.6,2473.1,2431.4,2448.4,142849670.0,13583800000.000002
2016-03-09,2437.35,2480.75,2427.8,2476.65,103930159.0,13577000000.0
2016-03-10,2481.95,2484.35,2444.05,2454.1,92364430.0,10722600000.0
2016-03-11,2453.7,2476.05,2434.2,2451.05,80258805.0,10308100000.0
2016-03-14,2463.1,2470.55,2449.95,2457.2,82330352.0,9228500000.0
2016-03-15,2459.2,2466.5,2447.3,2451.85,77946824.0,8889600000.0
2016-03-16,2458.45,2462.1,2423.25,2446.05,105249018.0,11267600000.0
2016-03-17,2467.6,2486.9,2454.55,2465.05,105142978.0,15169400000.0
2016-03-18,2479.65,2491.7,2468.2,2488.6,120268076.0,12293200000.0
2016-03-21,2489.2,2526.9,2486.65,2524.95,71656314.0,10003700000.0
2016-03-22,2531.7,2541.1,2519.35,2538.2,106240345.0,14543400000.0
2016-03-23,2543.2,2561.05,2537.6,2549.5,86120181.0,11851300000.000002
2016-03-28,2555.7,2555.7,2493.05,2505.15,85053875.0,11348000000.0
2016-03-29,2505.55,2521.55,2492.15,2497.75,83057852.0,10352000000.0
2016-03-30,2518.75,2555.25,2513.15,2551.45,102218922.0,10621400000.000002
2016-03-31,2548.55,2563.5,2539.0,2548.15,224466417.0,20320300000.0
2016-04-01,2544.4,2563.8,2535.85,2551.95,99520071.0,13491600000.0
2016-04-04,2563.0,2579.1,2557.4,2574.9,86967387.0,11089600000.0
2016-04-05,2567.4,2567.4,2487.5,2492.1,88879931.0,13180200000.0
2016-04-06,2504.75,2515.65,2490.0,2511.05,86130021.0,11759300000.0
2016-04-07,2520.95,2520.95,2476.3,2480.9,209674573.0,19986900000.0
2016-04-08,2484.2,2510.4,2478.45,2506.45,86920605.0,10999400000.0
2016-04-11,2518.25,2572.2,2517.6,2569.9,105183420.0,15462100000.0
2016-04-12,2571.95,2596.05,2563.15,2586.7,79485340.0,12791400000.000002
2016-04-13,2606.55,2639.0,2606.55,2615.2,104989749.0,17024100000.0
2016-04-18,2626.85,2656.7,2613.0,2651.55,92512302.0,14347300000.0
2016-04-20,2661.5,2670.1,2649.65,2666.0,106306042.0,14638400000.0
2016-04-21,2676.8,2679.35,2630.8,2638.15,80428287.0,12416400000.000002
2016-04-22,2630.05,2657.3,2624.75,2649.15,93777410.0,12893000000.0
2016-04-25,2654.8,2663.5,2625.2,2637.75,74372823.0,11382800000.0
2016-04-26,2634.45,2669.25,2632.0,2663.8,101904778.0,13768000000.0
2016-04-27,2674.2,2694.7,2665.6,2685.5,150639283.0,16890500000.0
2016-04-28,2697.25,2697.25,2639.3,2644.5,161930405.0,20387700000.0
2016-04-29,2643.6,2653.55,2604.4,2638.35,163138879.0,14351099999.999998
2016-05-02,2628.15,2633.45,2609.0,2629.75,143849077.0,10165200000.0
2016-05-03,2639.2,2687.2,2638.0,2645.45,102464128.0,14198699999.999998
2016-05-04,2635.7,2636.9,2596.7,2600.5,115395886.0,14844100000.0
2016-05-05,2605.3,2613.85,2580.9,2599.7,99317850.0,15229900000.0
2016-05-06,2599.5,2607.45,2585.75,2603.4,95649359.0,13059700000.0
2016-05-09,2612.95,2653.3,2611.5,2650.45,97035750.0,13793599999.999998
2016-05-10,2654.55,2659.9,2637.25,2657.5,90416954.0,13111300000.000002
2016-05-11,2627.4,2665.25,2615.0,2642.3,136155553.0,17381300000.0
2016-05-12,2649.4,2666.45,2642.95,2649.85,69361996.0,10983200000.0
2016-05-13,2639.7,2643.8,2606.4,2612.85,93673619.0,14160800000.0
2016-05-16,2620.55,2625.95,2578.75,2608.6,82170304.0,12281000000.0
2016-05-17,2623.3,2629.5,2600.5,2606.7,73876581.0,12457600000.0
2016-05-18,2598.0,2614.2,2590.85,2611.95,71102402.0,13002400000.0
2016-05-19,2610.55,2610.55,2558.05,2563.1,89221448.0,14171199999.999998
2016-05-20,2571.1,2580.9,2553.65,2559.75,82474274.0,11984100000.0
2016-05-23,2577.35,2585.05,2562.8,2564.75,75420428.0,10685800000.0
2016-05-24,2569.05,2569.05,2548.45,2562.25,107894440.0,11825700000.0
2016-05-25,2585.0,2631.85,2584.65,2628.1,85457997.0,13066800000.0
2016-05-26,2694.15,2755.6,2683.95,2748.1,162914565.0,35512100000.0
2016-05-27,2751.1,2764.95,2740.8,2755.65,127756113.0,19737200000.0
2016-05-30,2755.05,2781.75,2753.6,2778.35,102266646.0,15048200000.0
2016-05-31,2781.7,2781.7,2749.55,2753.55,288864464.0,34445500000.0
2016-06-01,2758.25,2783.1,2753.9,2769.15,130518098.0,15279600000.0
2016-06-02,2763.25,2794.45,2749.65,2787.15,108295564.0,13532400000.0
2016-06-03,2786.7,2787.7,2754.75,2759.5,294000950.0,34546200000.0
2016-06-06,2759.8,2764.3,2741.8,2747.6,95047656.0,12370600000.0
2016-06-07,2758.55,2781.2,2745.4,2768.35,94266690.0,14214600000.0
2016-06-08,2784.65,2805.55,2778.55,2801.7,122757161.0,15804400000.0
2016-06-09,2810.7,2820.1,2787.2,2790.45,92446771.0,11941800000.0
2016-06-10,2784.3,2817.75,2779.05,2792.15,103540807.0,14148200000.0
2016-06-13,2769.2,2769.2,2742.05,2752.95,92054931.0,11794100000.0
2016-06-14,2758.4,2762.9,2743.45,2756.4,94192410.0,11556099999.999998
2016-06-15,2768.1,2813.7,2768.1,2812.65,92298915.0,13051800000.0
2016-06-16,2809.6,2809.6,2759.3,2783.7,115584985.0,14639100000.0
2016-06-17,2793.35,2798.85,2764.05,2784.8,118614917.0,14798599999.999998
2016-06-20,2761.65,2821.75,2757.75,2817.6,86835369.0,12691700000.0
2016-06-21,2818.85,2822.85,2794.8,2798.7,85138529.0,10742900000.0
2016-06-22,2802.45,2807.5,2781.9,2793.5,81018444.0,11445900000.0
2016-06-23,2783.5,2796.35,2761.7,2788.15,113053499.0,13731700000.0
2016-06-24,2714.45,2724.05,2664.6,2720.15,134550677.0,19574900000.0
2016-06-27,2706.35,2747.7,2706.35,2740.55,81506878.0,10900800000.0
2016-06-28,2751.7,2778.0,2751.7,2766.65,96977306.0,14807500000.0
2016-06-29,2782.45,2803.95,2782.45,2798.7,94502677.0,13987600000.0
2016-06-30,2812.85,2849.45,2812.85,2845.7,274209328.0,29996100000.0
2016-07-01,2851.3,2890.0,2851.25,2882.35,124030798.0,15026900000.0
2016-07-04,2895.8,2924.35,2895.2,2918.2,106970963.0,14427700000.0
2016-07-05,2920.3,2921.5,2899.5,2909.5,149080386.0,16549900000.0
2016-07-07,2911.0,2915.85,2885.3,2888.25,96448043.0,14063500000.0
2016-07-08,2885.3,2886.45,2845.65,2857.2,80297616.0,10839600000.0
2016-07-11,2900.4,2920.5,2897.4,2904.9,77507342.0,11916900000.0
2016-07-12,2918.05,2919.5,2902.7,2915.05,102111542.0,12641000000.0
2016-07-13,2923.1,2923.1,2889.4,2897.25,136297355.0,14235500000.0
2016-07-14,2899.65,2923.3,2890.9,2919.3,90085214.0,11368000000.0
2016-07-15,2896.65,2947.0,2896.65,2938.6,117736089.0,15761300000.000002
2016-07-18,2944.7,2953.45,2893.6,2897.8,87637882.0,11899900000.0
2016-07-19,2895.7,2917.5,2887.6,2910.0,81174359.0,11610400000.0
2016-07-20,2912.15,2929.5,2911.4,2926.45,91048675.0,12478000000.0
2016-07-21,2936.45,2936.45,2898.35,2900.9,91708129.0,12651099999.999998
2016-07-22,2906.55,2938.05,2900.3,2933.8,80265572.0,11617400000.0
2016-07-25,2930.1,2964.25,2930.1,2962.7,83412968.0,11645800000.0
2016-07-26,2966.95,2974.55,2955.15,2961.7,100779919.0,13134000000.0
2016-07-27,2972.5,2993.7,2963.05,2983.05,98592497.0,14015100000.0
2016-07-28,2997.65,2997.65,2966.35,2979.5,144191293.0,23154400000.0
2016-07-29,2990.8,2990.8,2960.15,2966.5,112062677.0,19602200000.0
2016-08-01,2975.05,2999.2,2918.75,2929.4,103460479.0,22650600000.0
2016-08-02,2934.65,2949.45,2910.75,2915.85,87398741.0,16042800000.0
2016-08-03,2920.65,2921.6,2873.2,2877.75,81842284.0,12729200000.0
2016-08-04,2899.55,2899.55,2867.05,2888.7,81460875.0,12746500000.0
2016-08-05,2904.35,2931.15,2904.35,2928.8,91659299.0,14057100000.0
2016-08-08,2940.3,2941.7,2910.05,2922.95,98469554.0,13463400000.0
2016-08-09,2922.5,2929.7,2898.4,2912.45,123044804.0,16895300000.0
2016-08-10,2917.9,2923.6,2881.9,2888.4,122205030.0,17285000000.0
2016-08-11,2887.25,2889.6,2859.75,2882.8,98700092.0,16038599999.999998
2016-08-12,2886.85,2911.15,2886.85,2904.35,91354198.0,14291800000.0
2016-08-16,2909.85,2927.1,2896.95,2918.5,126291277.0,20769000000.0
2016-08-17,2918.85,2933.1,2901.8,2914.5,95986831.0,15036099999.999998
2016-08-18,2919.7,2941.8,2917.45,2938.25,108264628.0,15952100000.0
2016-08-19,2947.55,2951.15,2928.8,2946.6,88224599.0,14657900000.0
2016-08-22,2953.15,2964.55,2924.4,2935.65,88665593.0,14069300000.0
2016-08-23,2933.85,2935.1,2894.6,2924.45,127503075.0,17098699999.999998
2016-08-24,2922.35,2937.2,2916.25,2930.95,105382118.0,15082800000.0
2016-08-25,2933.35,2937.75,2890.5,2897.4,181862391.0,24022399999.999996
2016-08-26,2901.9,2909.25,2865.9,2877.0,119791987.0,17012100000.0
2016-08-29,2880.5,2901.05,2859.45,2899.45,98356624.0,13055300000.0
2016-08-30,2910.55,2915.15,2891.65,2912.45,77421510.0,12589000000.0
2016-08-31,2910.65,2944.1,2910.15,2934.9,146847499.0,21039899999.999996
2016-09-01,2936.05,2941.75,2879.8,2885.65,241523844.0,31977000000.0
2016-09-02,2884.3,2916.4,2871.7,2907.9,159522042.0,22855100000.000004
2016-09-06,2919.05,2937.75,2914.85,2934.15,113261013.0,16207600000.0
2016-09-07,2932.35,2959.45,2915.7,2940.5,172036996.0,25745500000.0
2016-09-08,2940.65,2973.45,2937.35,2967.65,174758018.0,20974400000.0
2016-09-09,2968.15,2969.15,2929.55,2935.3,132090675.0,16880700000.0
2016-09-12,2891.5,2891.5,2838.1,2842.05,106967317.0,14604500000.0
2016-09-14,2840.05,2872.75,2839.9,2867.6,107939382.0,16393800000.000002
2016-09-15,2874.6,2877.0,2845.3,2857.15,120542557.0,14646400000.000002
2016-09-16,2872.1,2904.25,2858.3,2864.65,154930553.0,22705600000.0
2016-09-19,2868.3,2887.95,2857.1,2885.1,78135157.0,11535500000.0
2016-09-20,2887.35,2888.55,2864.75,2867.4,70743834.0,12088599999.999998
2016-09-21,2875.95,2890.95,2860.2,2870.3,75289895.0,13170300000.0
2016-09-22,2902.65,2916.05,2890.5,2912.75,84286010.0,14861400000.000002
2016-09-23,2916.45,2931.65,2897.5,2902.65,89381207.0,17288500000.0
2016-09-26,2893.05,2910.0,2849.0,2854.0,82688115.0,13727100000.0
2016-09-27,2863.65,2869.7,2819.0,2823.95,91053504.0,15070000000.0
2016-09-28,2827.85,2870.4,2827.35,2861.45,79196524.0,13000900000.0
2016-09-29,2872.5,2879.25,2766.9,2780.5,207859577.0,27437100000.0
2016-09-30,2779.25,2798.6,2756.75,2793.4,156248026.0,20707600000.000004
2016-10-03,2808.2,2859.45,2804.2,2855.35,87065806.0,15891500000.0
2016-10-04,2864.85,2867.15,2838.2,2858.1,72499046.0,13031400000.000002
2016-10-05,2869.35,2874.65,2853.85,2861.8,80087835.0,15804400000.0
2016-10-06,2876.35,2884.2,2839.05,2848.5,85501201.0,13101700000.0
2016-10-07,2851.6,2854.65,2831.0,2846.4,83474771.0,10777200000.0
2016-10-10,2854.55,2860.0,2833.95,2837.2,65974893.0,11684800000.0
2016-10-13,2823.1,2824.1,2777.55,2782.85,103935501.0,17443700000.0
2016-10-14,2792.7,2815.5,2778.9,2811.25,96275604.0,16567900000.0
2016-10-17,2813.15,2818.8,2771.45,2776.25,108228226.0,13935400000.0
2016-10-18,2788.35,2833.2,2784.8,2830.25,92862050.0,14168500000.0
2016-10-19,2837.6,2861.35,2825.05,2853.05,108020871.0,15680800000.0
2016-10-20,2864.75,2882.9,2855.75,2879.65,92845894.0,13514700000.0
2016-10-21,2883.8,2892.8,2865.4,2889.55,127262499.0,17191800000.0
2016-10-24,2890.7,2900.65,2873.25,2876.75,113728082.0,15256000000.0
2016-10-25,2873.55,2897.45,2857.5,2895.8,135569180.0,21190300000.000004
2016-10-26,2893.55,2900.85,2869.8,2879.25,113416419.0,15190200000.0
2016-10-27,2864.25,2870.5,2839.9,2864.65,280928367.0,21368200000.0
2016-10-28,2865.75,2883.5,2852.55,2869.75,136130979.0,13149600000.0
2016-10-30,2875.55,2882.95,2856.85,2862.8,11832428.0,1312200000.0
2016-11-01,2872.55,2890.7,2859.2,2867.3,77753425.0,10959300000.0
2016-11-02,2841.5,2851.15,2828.8,2834.75,93522032.0,12187300000.0
2016-11-03,2829.35,2849.8,2811.2,2814.0,84326666.0,13814300000.0
2016-11-04,2805.75,2811.05,2759.75,2774.4,119333829.0,29682900000.0
2016-11-07,2802.0,2804.6,2768.45,2774.4,87479382.0,12686500000.0
2016-11-08,2786.15,2788.0,2761.6,2779.3,93559799.0,14597100000.0
2016-11-09,2628.65,2765.4,2580.45,2745.6,187004519.0,23654400000.0
2016-11-10,2784.8,2826.65,2782.95,2816.85,96624615.0,14929600000.0
2016-11-11,2785.1,2790.05,2736.4,2741.75,87739390.0,14350900000.0
2016-11-15,2737.3,2744.2,2680.7,2700.45,95586411.0,14960900000.0
2016-11-16,2730.05,2731.25,2686.05,2711.25,81569625.0,13294400000.0
2016-11-17,2716.55,2728.05,2679.2,2702.75,78771912.0,13099900000.0
2016-11-18,2709.4,2729.95,2693.75,2718.2,94800318.0,14660200000.0
2016-11-21,2729.3,2729.95,2656.5,2661.3,102255048.0,14826500000.0
2016-11-22,2678.3,2681.05,2623.4,2653.3,112083952.0,16746900000.0
2016-11-23,2679.95,2695.0,2661.9,2680.3,106562020.0,20571500000.0
2016-11-24,2673.5,2687.45,2655.1,2671.3,121321058.0,18565500000.0
2016-11-25,2684.55,2711.15,2669.1,2707.05,82048418.0,12327100000.0
2016-11-28,2703.45,2756.8,2698.85,2748.0,103740543.0,12821000000.0
2016-11-29,2757.3,2774.45,2750.7,2759.25,117296253.0,14384300000.0
2016-11-30,2774.5,2795.45,2755.9,2791.95,123835470.0,17104400000.0
2016-12-01,2798.15,2798.15,2762.75,2767.4,121632597.0,16987000000.0
2016-12-02,2753.15,2757.35,2730.55,2737.8,91614340.0,11252200000.0
2016-12-05,2733.8,2756.55,2728.5,2748.45,101555621.0,11748000000.0
2016-12-06,2760.65,2778.2,2752.35,2759.25,110916171.0,13277100000.0
2016-12-07,2772.3,2777.3,2744.15,2752.4,126078757.0,13081700000.0
2016-12-08,2773.8,2789.65,2769.6,2782.9,118405207.0,13610100000.0
2016-12-09,2795.85,2797.6,2769.05,2780.0,77719689.0,10736400000.000002
2016-12-12,2775.9,2783.85,2763.3,2770.95,72742276.0,10051100000.0
2016-12-13,2774.95,2786.75,2766.65,2783.25,69523905.0,10257100000.0
2016-12-14,2787.7,2787.7,2754.95,2757.45,68216923.0,9917900000.0
2016-12-15,2742.4,2772.75,2737.75,2748.95,90722655.0,11856099999.999998
2016-12-16,2755.0,2756.45,2731.65,2736.05,82645448.0,14011800000.0
2016-12-19,2738.25,2739.0,2714.35,2717.75,66583117.0,10788300000.0
2016-12-20,2721.35,2723.95,2698.8,2706.35,69314644.0,10241500000.0
2016-12-21,2716.0,2719.45,2700.75,2704.75,106576433.0,11237600000.0
2016-12-22,2697.25,2703.1,2649.25,2654.0,87086444.0,10208900000.0
2016-12-23,2657.15,2679.3,2628.1,2669.5,80705582.0,10623100000.0
2016-12-26,2665.05,2666.6,2629.5,2637.55,73327897.0,10172600000.0
2016-12-27,2639.2,2677.45,2622.75,2673.45,73358882.0,9833900000.0
2016-12-28,2676.9,2704.25,2669.3,2675.75,83297129.0,12159100000.0
2016-12-29,2670.85,2692.65,2668.2,2688.5,136654193.0,17215300000.0
2016-12-30,2693.15,2714.9,2692.9,2712.25,92580286.0,11308699999.999998
2017-01-02,2718.35,2745.45,2709.6,2736.8,71982862.0,8557100000.0
2017-01-03,2744.25,2757.65,2734.4,2745.7,69641808.0,9397400000.0
2017-01-04,2749.2,2770.05,2746.8,2766.95,88079154.0,12164500000.0
2017-01-05,2771.15,2809.65,2767.25,2807.1,80342394.0,13040600000.0
2017-01-06,2810.35,2827.05,2792.45,2796.4,94800024.0,11957200000.0
2017-01-09,2801.5,2801.5,2779.0,2781.5,58567821.0,7817100000.0
2017-01-10,2788.2,2804.9,2785.65,2801.0,81722983.0,11443100000.0
2017-01-11,2815.25,2835.9,2810.7,2830.5,81793220.0,11754400000.0
2017-01-12,2838.35,2895.1,2837.6,2890.0,222834841.0,21295900000.0
2017-01-13,2906.55,2906.7,2858.15,2869.95,146031101.0,15638000000.0
2017-01-16,2866.2,2891.25,2862.1,2880.35,85030352.0,9742000000.0
2017-01-17,2883.8,2894.05,2868.7,2882.5,86073842.0,10560400000.0
2017-01-18,2886.65,2906.3,2870.65,2878.75,119093118.0,14991600000.0
2017-01-19,2880.2,2896.6,2873.85,2892.7,112747575.0,14666300000.000002
2017-01-20,2888.85,2893.35,2838.05,2841.1,158916368.0,15751800000.0
2017-01-23,2838.9,2848.8,2813.0,2828.8,117603731.0,13450200000.0
2017-01-24,2836.2,2873.3,2835.3,2870.05,109941763.0,15302600000.0
2017-01-25,2868.15,2895.55,2863.55,2892.6,201825933.0,24103200000.0
2017-01-27,2894.8,2941.9,2894.5,2930.2,135508024.0,16897600000.0
2017-01-30,2929.45,2994.0,2925.85,2957.7,320799242.0,36619700000.0
2017-01-31,2965.5,2969.15,2932.9,2939.6,446305024.0,54417700000.00001
2017-02-01,2944.0,2979.3,2921.85,2975.6,196938492.0,25727800000.000004
2017-02-02,2981.8,2993.1,2971.55,2978.55,183243604.0,25247800000.000004
2017-02-03,2982.4,2995.0,2972.7,2989.25,220421786.0,20487199999.999996
2017-02-06,3003.2,3021.7,2995.45,3012.25,174509623.0,19276500000.0
2017-02-07,3012.6,3025.9,3002.25,3011.65,160875918.0,23076000000.0
2017-02-08,3023.3,3036.1,2998.8,3028.95,164512783.0,23363800000.0
2017-02-09,3036.9,3046.95,3007.6,3029.05,149756867.0,20486700000.0
2017-02-10,3044.55,3050.95,3027.95,3038.85,146314130.0,17907500000.0
2017-02-13,3039.6,3046.65,3008.3,3036.1,134231389.0,16179900000.0
2017-02-14,3041.25,3046.0,3016.1,3039.65,122996156.0,18355800000.0
2017-02-15,3038.0,3047.0,2997.8,3002.0,119613721.0,16719400000.0
2017-02-16,2999.4,3013.9,2979.25,3006.2,92673450.0,13727700000.0
2017-02-17,3009.15,3017.55,2996.55,3011.0,120935210.0,15595500000.0
2017-02-20,3024.05,3048.15,3020.1,3042.2,165934543.0,16263100000.0
2017-02-21,3038.55,3046.05,3026.3,3031.65,135538996.0,15887000000.0
2017-02-22,3040.45,3044.1,3004.1,3010.15,159479551.0,21776900000.0
2017-02-23,3025.4,3050.45,3008.5,3013.35,303858766.0,43504799999.99999
2017-02-27,3022.35,3023.55,2970.8,2975.5,147405824.0,20059800000.0
2017-02-28,2978.9,3004.95,2978.35,2997.85,229187389.0,30431500000.0
2017-03-01,3008.75,3018.8,2990.35,2994.75,132158962.0,16898000000.0
2017-03-02,3009.85,3011.3,2946.5,2953.0,169275717.0,17941300000.0
2017-03-03,2950.35,2969.3,2947.15,2965.55,127409720.0,17455000000.0
2017-03-06,2974.5,3006.35,2974.15,3003.15,107910528.0,15777700000.0
2017-03-07,3010.9,3017.2,3000.9,3006.2,146828713.0,17026900000.0
2017-03-08,3006.55,3009.3,2979.9,2986.95,120046984.0,13245800000.0
2017-03-09,2980.0,2992.1,2967.6,2980.0,160908451.0,14076000000.0
2017-03-10,2989.35,3000.85,2978.4,2987.35,109931768.0,13623100000.0
2017-03-14,3045.05,3053.65,3033.15,3049.65,138513005.0,25028900000.0
2017-03-15,3051.1,3066.15,3040.95,3061.7,187042988.0,25456300000.0
2017-03-16,3078.6,3105.9,3077.05,3103.9,182312001.0,22396700000.0
2017-03-17,3113.9,3115.1,3055.85,3066.25,165025749.0,23094500000.0
2017-03-20,3067.9,3089.35,3039.4,3055.2,307929646.0,34652800000.0
2017-03-21,3066.05,3070.6,3040.95,3056.05,178036478.0,21262000000.0
2017-03-22,3032.0,3033.65,3009.05,3014.05,134569664.0,22034200000.0
2017-03-23,3027.85,3045.15,3017.3,3039.1,111051347.0,16919200000.0
2017-03-24,3051.0,3057.35,3039.75,3045.15,109653864.0,14993000000.0
2017-03-27,3043.6,3045.5,3023.85,3032.25,108307684.0,14038599999.999998
2017-03-28,3041.75,3057.2,3041.1,3049.7,106406822.0,15306800000.0
2017-03-29,3065.35,3077.05,3060.2,3073.05,133992548.0,23707100000.0
2017-03-30,3081.15,3092.5,3073.05,3082.6,235886943.0,31536900000.0
2017-03-31,3080.75,3112.3,3078.15,3096.65,114636559.0,18759000000.0
2017-04-03,3103.55,3151.9,3090.35,3147.5,105591247.0,22216300000.0
2017-04-05,3152.8,3199.6,3145.7,3195.5,162790875.0,26080100000.000004
2017-04-06,3187.05,3201.95,3171.65,3196.6,133460205.0,20876100000.0
2017-04-07,3187.75,3225.45,3183.45,3190.7,144792296.0,25257500000.0
2017-04-10,3202.05,3214.55,3177.65,3189.55,95169833.0,14806700000.0
2017-04-11,3188.5,3216.05,3179.15,3209.25,257171463.0,26511600000.0
2017-04-12,3203.65,3214.55,3163.25,3190.85,172257275.0,19791400000.0
2017-04-13,3184.4,3184.55,3154.8,3160.05,144376016.0,17488700000.0
2017-04-17,3165.2,3168.3,3144.55,3152.9,139159022.0,16193699999.999998
2017-04-18,3158.35,3197.65,3134.1,3142.35,216970276.0,31251300000.0
2017-04-19,3148.4,3187.9,3142.45,3183.25,133284682.0,22687700000.0
2017-04-20,3191.45,3195.35,3176.1,3187.65,109238264.0,17715600000.0
2017-04-21,3205.35,3213.2,3181.25,3196.95,151017776.0,17818800000.0
2017-04-24,3209.1,3240.15,3206.75,3237.7,166019313.0,19293100000.0
2017-04-25,3251.15,3273.15,3246.35,3267.45,168653076.0,24310700000.0
2017-04-26,3272.35,3277.15,3233.35,3255.2,158497840.0,18174600000.0
2017-04-27,3251.15,3280.3,3245.0,3265.05,182493094.0,20313400000.0
2017-04-28,3262.0,3265.2,3245.9,3255.2,98940460.0,14338100000.0
2017-05-02,3260.2,3268.8,3226.0,3231.2,118371585.0,17110800000.0
2017-05-03,3242.1,3258.45,3220.55,3223.2,103411105.0,13885300000.0
2017-05-04,3230.55,3251.5,3226.9,3241.55,96108209.0,13927900000.0
2017-05-05,3240.85,3241.85,3200.6,3217.35,117889757.0,17874500000.0
2017-05-08,3219.2,3234.2,3210.95,3227.5,124501318.0,16441000000.0
2017-05-09,3229.9,3268.15,3223.65,3257.9,142139583.0,17943700000.0
2017-05-10,3257.3,3308.1,3257.3,3296.4,157481533.0,26232199999.999996
2017-05-11,3304.4,3306.75,3270.05,3282.8,114838065.0,18561500000.0
2017-05-12,3282.05,3290.2,3263.1,3272.85,95016624.0,16991800000.0
2017-05-15,3287.15,3289.4,3266.9,3277.35,152428812.0,15511500000.0
2017-05-16,3283.2,3295.8,3280.05,3293.45,152337495.0,18916500000.0
2017-05-17,3294.3,3313.9,3282.05,3304.2,126176772.0,16519200000.0
2017-05-18,3279.55,3296.6,3238.85,3243.75,108531132.0,22011000000.0
2017-05-19,3263.5,3279.7,3227.0,3248.2,123078342.0,22406400000.0
2017-05-22,3264.8,3278.8,3242.7,3253.2,85048163.0,14773500000.0
2017-05-23,3253.3,3256.7,3194.2,3204.75,145223102.0,21563400000.0
2017-05-24,3208.8,3228.85,3136.0,3141.95,215717462.0,30801400000.0
2017-05-25,3153.8,3213.1,3133.55,3207.05,196840851.0,33841100000.0
2017-05-26,3209.85,3258.85,3202.05,3250.2,118153909.0,19653800000.0
2017-05-29,3251.9,3254.45,3203.3,3222.65,253417508.0,24243700000.0
2017-05-30,3238.55,3240.6,3187.8,3211.25,269752909.0,27033400000.0
2017-05-31,3220.7,3238.95,3209.15,3213.15,386774165.0,33406300000.0
2017-06-01,3213.45,3245.55,3209.45,3240.0,190651188.0,18230800000.0
2017-06-02,3255.2,3262.3,3245.35,3253.95,487321046.0,22386600000.0
2017-06-05,3267.35,3281.05,3257.2,3271.65,234464848.0,15285800000.0
2017-06-06,3273.5,3273.6,3224.7,3228.0,143608671.0,15144200000.0
2017-06-07,3235.6,3246.4,3230.4,3241.3,172200099.0,17056800000.0
2017-06-08,3244.55,3247.7,3222.9,3228.75,109763133.0,12612300000.0
2017-06-09,3230.85,3238.5,3217.8,3236.5,157434146.0,17304700000.0
2017-06-12,3230.45,3231.1,3182.4,3205.85,218951999.0,17548900000.0
2017-06-13,3213.4,3232.5,3211.7,3218.35,258342158.0,16465900000.0
2017-06-14,3222.25,3237.0,3207.0,3233.85,208220561.0,17162200000.0
2017-06-15,3227.25,3244.85,3206.35,3209.4,206553830.0,14515000000.0
2017-06-16,3211.55,3227.1,3197.4,3208.05,172895133.0,17314800000.0
2017-06-19,3217.9,3242.45,3217.85,3239.65,104963850.0,13661300000.000002
2017-06-20,3242.75,3254.7,3224.75,3240.35,139562806.0,14805500000.0
2017-06-21,3243.45,3252.75,3233.55,3237.5,243752858.0,20087600000.0
2017-06-22,3245.0,3253.5,3212.8,3219.7,219357841.0,20404200000.0
2017-06-23,3224.5,3226.05,3190.25,3198.95,202936022.0,17378600000.0
2017-06-27,3199.7,3212.8,3174.0,3184.35,201058924.0,16232200000.0
2017-06-28,3186.5,3206.45,3166.85,3200.55,169359764.0,13754800000.0
2017-06-29,3209.35,3233.45,3201.65,3208.7,275510107.0,23510700000.0
2017-06-30,3202.25,3211.3,3170.6,3201.35,167343246.0,15101300000.000002
2017-07-03,3206.5,3231.2,3190.25,3222.85,122106661.0,13605700000.0
2017-07-04,3240.7,3241.5,3210.35,3214.75,139130426.0,12616099999.999998
2017-07-05,3215.2,3229.2,3212.95,3226.4,129235499.0,10647900000.0
2017-07-06,3233.1,3244.75,3224.85,3236.05,128469811.0,12778400000.0
2017-07-07,3235.15,3250.4,3231.35,3240.55,123961517.0,13291300000.000002
2017-07-10,3262.2,3302.55,3187.35,3297.95,44829172.0,4574100000.0
2017-07-11,3305.2,3317.1,3285.05,3287.6,159329298.0,17800100000.0
2017-07-12,3296.95,3313.7,3296.45,3305.45,166033088.0,15219600000.0
2017-07-13,3327.25,3336.0,3318.5,3328.85,127541351.0,14551700000.0
2017-07-14,3343.55,3343.55,3316.2,3338.8,152374999.0,12947800000.0
2017-07-17,3351.1,3358.65,3336.7,3348.9,97845250.0,12179800000.0
2017-07-18,3339.6,3386.1,3337.7,3346.85,103789201.0,15141900000.0
2017-07-19,3359.2,3384.55,3344.7,3379.7,146102534.0,17437700000.0
2017-07-20,3382.65,3390.3,3367.95,3374.65,105182950.0,15355700000.0
2017-07-21,3379.05,3379.05,3327.25,3355.55,205447671.0,22620800000.0
2017-07-24,3348.05,3372.8,3344.7,3369.4,213707556.0,18741800000.0
2017-07-25,3380.8,3393.45,3369.15,3380.6,191982986.0,22005800000.0
2017-07-26,3382.85,3393.85,3372.85,3391.2,168224625.0,16251099999.999998
2017-07-27,3397.75,3404.6,3366.1,3376.15,252474088.0,32458800000.0
2017-07-28,3365.95,3372.7,3340.3,3358.55,215473521.0,23938700000.0
2017-07-31,3389.4,3405.1,3373.55,3401.35,132199563.0,21467700000.0
2017-08-01,3411.5,3413.7,3385.95,3407.85,103168028.0,17926400000.0
2017-08-02,3416.25,3416.9,3393.45,3401.05,117501739.0,19795500000.0
2017-08-03,3404.05,3418.55,3384.85,3402.45,133990518.0,16668300000.0
2017-08-04,3397.45,3414.85,3379.75,3408.35,119547898.0,14610400000.0
2017-08-07,3416.65,3426.65,3403.3,3413.45,92763177.0,11931300000.000002
2017-08-08,3410.1,3420.05,3357.55,3372.55,131732541.0,18233900000.0
2017-08-09,3365.1,3377.8,3329.25,3336.0,112277912.0,13488200000.0
2017-08-10,3324.35,3324.35,3263.6,3290.15,166152952.0,18361100000.0
2017-08-11,3238.4,3271.35,3234.2,3257.2,146529021.0,17868900000.0
2017-08-14,3279.7,3317.2,3266.1,3308.35,155142014.0,15717100000.0
2017-08-16,3316.7,3319.15,3285.5,3312.05,131638637.0,16864900000.0
2017-08-17,3324.7,3345.95,3302.5,3322.4,223734111.0,15070500000.0
2017-08-18,3306.85,3332.8,3303.95,3326.85,162148010.0,15335200000.0
2017-08-21,3336.8,3342.85,3281.9,3287.7,98708031.0,12392100000.0
2017-08-22,3307.85,3313.5,3264.0,3270.6,124608107.0,14662100000.0
2017-08-23,3283.05,3302.9,3277.6,3297.95,91633993.0,13415200000.0
2017-08-24,3309.05,3313.55,3295.95,3306.25,97822033.0,13368599999.999998
2017-08-28,3315.55,3348.4,3310.35,3334.05,139236220.0,17751500000.0
2017-08-29,3319.75,3319.75,3280.6,3288.35,147442495.0,22728700000.0
2017-08-30,3308.05,3327.8,3301.7,3315.7,126911915.0,16784700000.0
2017-08-31,3320.5,3331.7,3300.7,3323.8,243908313.0,36015500000.0
2017-09-01,3326.05,3337.05,3320.75,3327.8,133925368.0,14298800000.000002
2017-09-04,3316.6,3327.95,3272.2,3295.2,139639834.0,14508500000.0
2017-09-05,3297.15,3305.75,3268.25,3288.45,124629988.0,14274000000.0
2017-09-06,3271.8,3282.85,3266.1,3272.0,111622789.0,12007600000.0
2017-09-07,3280.2,3288.8,3274.15,3278.35,107612307.0,11328300000.0
2017-09-08,3291.3,3322.3,3285.45,3307.2,140601509.0,19470700000.0
2017-09-11,3321.15,3370.45,3298.55,3367.85,110210823.0,19081000000.0
2017-09-12,3377.8,3397.4,3366.85,3394.4,164119974.0,19723900000.0
2017-09-13,3397.0,3402.2,3376.1,3382.5,263012761.0,24301700000.0
2017-09-14,3389.4,3412.7,3378.9,3386.1,210755344.0,25928400000.0
2017-09-15,3384.15,3391.85,3359.85,3368.9,175448712.0,27063400000.0
2017-09-18,3387.4,3425.4,3387.4,3411.85,128593145.0,16197900000.0
2017-09-19,3415.8,3420.0,3386.4,3409.7,120875994.0,13219600000.0
2017-09-20,3389.65,3424.75,3389.65,3409.8,164832288.0,21248600000.0
2017-09-21,3404.1,3417.5,3361.65,3393.85,178898743.0,17026800000.0
2017-09-22,3382.35,3383.9,3302.7,3312.0,161082345.0,18052800000.0
2017-09-25,3317.8,3319.6,3247.65,3275.3,163525705.0,19000900000.0
2017-09-26,3270.05,3284.65,3258.3,3268.55,116596757.0,14704500000.0
2017-09-27,3287.7,3287.9,3198.1,3207.25,137647543.0,15877000000.0
2017-09-28,3209.4,3221.25,3190.45,3210.8,239729323.0,32246200000.0
2017-09-29,3226.35,3257.6,3213.55,3245.65,138590179.0,19317600000.0
2017-10-03,3274.8,3275.6,3230.9,3237.55,108053612.0,14630400000.0
2017-10-04,3240.4,3253.2,3236.55,3244.3,103931257.0,12902000000.0
2017-10-05,3246.0,3248.0,3224.85,3234.7,146426299.0,14045500000.0
2017-10-06,3244.35,3272.45,3244.35,3267.8,122734119.0,16589300000.0
2017-10-09,3265.6,3280.4,3248.6,3255.95,105711497.0,14009400000.0
2017-10-10,3272.25,3282.9,3262.35,3278.35,159993781.0,16739600000.0
2017-10-11,3292.8,3317.85,3259.25,3277.55,168123583.0,20233100000.0
2017-10-12,3291.9,3315.65,3279.45,3313.15,135475266.0,19949900000.0
2017-10-13,3352.0,3357.75,3333.05,3352.5,166513757.0,38819600000.0
2017-10-16,3366.05,3392.0,3365.6,3388.9,144209812.0,25561600000.0
2017-10-17,3388.4,3421.45,3385.7,3413.75,,
2017-10-18,3419.75,3422.85,3400.05,3412.5,130656846.0,20826200000.0
2017-10-19,3418.2,3422.65,3396.5,3405.65,,
2017-10-23,3416.45,3449.5,3409.7,3444.4,224355204.0,34700700000.0
2017-10-24,3447.1,3479.35,3432.15,3475.2,197343432.0,27805100000.000004
2017-10-25,3496.5,3569.0,3496.5,3562.0,250883127.0,32084000000.0
2017-10-26,3558.6,3592.4,3554.55,3579.7,273192045.0,37239600000.0
2017-10-27,3591.4,3597.55,3540.9,3546.75,174073001.0,25454699999.999996
2017-10-30,3564.4,3586.35,3563.85,3581.6,184371390.0,20663200000.0
2017-10-31,3582.65,3591.65,3561.6,3581.85,281324454.0,30261400000.0
2017-11-01,3616.55,3640.05,3607.65,3611.7,247784589.0,43173100000.00001
2017-11-02,3613.55,3624.15,3591.15,3617.55,190770526.0,25912399999.999996
2017-11-03,3627.25,3652.25,3617.5,3630.95,266421380.0,34202100000.0
2017-11-06,3623.25,3645.15,3599.55,3609.6,166351991.0,22184100000.0
2017-11-07,3623.1,3630.65,3540.2,3546.05,233466796.0,26876200000.0
2017-11-08,3533.85,3556.7,3519.7,3530.2,212527258.0,42306100000.0
2017-11-09,3551.95,3563.7,3525.8,3543.6,157523647.0,23804300000.0
2017-11-10,3544.05,3595.45,3531.65,3584.45,127272688.0,24927700000.0
2017-11-13,3561.8,3566.15,3521.85,3530.5,198540362.0,25702300000.0
2017-11-14,3523.75,3533.5,3483.4,3488.9,282506233.0,72022100000.0
2017-11-15,3484.7,3494.4,3432.5,3445.3,221824283.0,22690600000.0
2017-11-16,3455.65,3482.65,3447.65,3475.35,227303064.0,28347600000.000004
2017-11-17,3506.5,3520.9,3483.6,3493.55,154422451.0,24203000000.0
2017-11-20,3513.9,3531.75,3503.85,3521.2,157724406.0,24029100000.0
2017-11-21,3536.65,3549.1,3519.6,3530.5,158124479.0,24729100000.0
2017-11-22,3545.35,3549.15,3512.75,3526.95,145415827.0,21852000000.0
2017-11-23,3536.15,3542.6,3498.7,3513.7,142162090.0,19943900000.0
2017-11-24,3518.55,3531.35,3516.6,3525.1,173166815.0,16378900000.000002
2017-11-27,3518.35,3555.35,3512.8,3553.15,237672272.0,20100900000.0
2017-11-28,3553.95,3553.95,3513.55,3523.75,257460991.0,30951600000.0
2017-11-29,3530.35,3540.65,3523.95,3534.45,203303136.0,23250100000.000004
2017-11-30,3521.2,3535.9,3505.4,3517.25,276219456.0,38386600000.0
2017-12-01,3529.9,3535.35,3464.3,3470.8,141035204.0,17705200000.0
2017-12-04,3482.6,3486.45,3443.35,3466.95,108689326.0,14429800000.0
2017-12-05,3460.05,3461.55,3414.15,3456.55,115758325.0,17181700000.0
2017-12-06,3443.5,3461.0,3410.4,3415.45,138561289.0,18255400000.0
2017-12-07,3424.95,3513.7,3424.9,3507.3,164393767.0,25269800000.0
2017-12-08,3513.95,3536.7,3512.7,3524.4,153245803.0,25306500000.0
2017-12-11,3543.7,3545.5,3514.0,3533.1,116302967.0,21655200000.0
2017-12-12,3530.25,3531.7,3484.45,3490.45,110375741.0,18862800000.0
2017-12-13,3493.9,3503.2,3448.35,3456.1,119738238.0,19364200000.0
2017-12-14,3470.6,3477.7,3418.1,3461.5,147382990.0,22322199999.999996
2017-12-15,3499.2,3509.65,3473.6,3479.8,124841370.0,21162500000.0
2017-12-18,3448.55,3521.8,3388.2,3507.2,173875766.0,26088200000.0
2017-12-19,3516.1,3547.6,3502.7,3543.0,125407133.0,19710500000.0
2017-12-20,3544.05,3567.3,3529.25,3550.9,182789087.0,24137199999.999996
2017-12-21,3563.1,3596.3,3551.8,3592.5,307039628.0,30862700000.0
2017-12-22,3599.85,3624.0,3596.7,3615.15,260951439.0,33241600000.0
2017-12-26,3631.1,3649.6,3608.8,3641.85,222825502.0,25516300000.0
2017-12-27,3645.3,3659.0,3601.4,3617.75,229656478.0,25464800000.0
2017-12-28,3620.95,3632.7,3600.3,3604.5,386488238.0,38653500000.0
2017-12-29,3624.15,3646.4,3614.45,3637.5,415189503.0,30601000000.0
2018-01-01,3642.8,3675.8,3629.3,3636.65,511233547.0,39113600000.0
2018-01-02,3659.35,3661.45,3597.5,3622.35,463039199.0,35531400000.0
2018-01-03,3637.1,3665.85,3633.35,3656.0,279284200.0,29442399999.999996
2018-01-04,3674.2,3705.65,3656.8,3701.7,266973608.0,29390600000.0
2018-01-05,3721.25,3745.4,3710.15,3736.5,320193933.0,36809400000.0
2018-01-08,3732.0,3745.0,3721.95,3735.9,281905661.0,34035900000.0
2018-01-09,3741.45,3748.9,3703.45,3716.1,336805219.0,28685100000.000004
2018-01-10,3728.05,3733.05,3694.9,3706.45,289553541.0,29435300000.000004
2018-01-11,3702.9,3716.5,3690.5,3706.35,199762301.0,22118200000.0
2018-01-12,3711.85,3722.9,3659.35,3702.95,261505928.0,26319800000.0
2018-01-15,3717.3,3736.55,3680.6,3688.05,191615084.0,18810200000.0
2018-01-16,3700.35,3710.0,3634.75,3649.1,317770090.0,27693800000.0
2018-01-17,3642.55,3702.15,3614.1,3693.15,440168746.0,33297500000.0
2018-01-18,3709.05,3715.9,3616.65,3637.05,382962503.0,37341500000.0
2018-01-19,3632.3,3678.15,3620.8,3672.5,220850394.0,26919400000.0
2018-01-22,3602.35,3698.3,3601.8,3693.3,176397516.0,24652900000.0
2018-01-23,3705.95,3718.65,3694.45,3705.0,261774346.0,31628700000.0
2018-01-24,3693.8,3694.25,3649.45,3666.65,241295674.0,36168700000.0
2018-01-25,3666.25,3700.45,3642.15,3653.95,333738566.0,44898600000.0
2018-01-29,3649.4,3672.1,3638.95,3648.9,197679367.0,31066700000.0
2018-01-30,3641.55,3648.6,3613.15,3635.85,179804344.0,23677100000.0
2018-01-31,3637.9,3650.75,3605.25,3619.5,175151488.0,23874699999.999996
2018-02-01,3657.4,3658.7,3566.95,3648.05,263876693.0,33768600000.0
2018-02-02,3622.55,3622.65,3517.3,3528.15,336320894.0,32023900000.0
2018-02-05,3457.35,3529.05,3454.4,3509.15,257726636.0,28121200000.0
2018-02-06,3382.85,3503.7,3357.2,3469.8,251734282.0,26523400000.0
2018-02-07,3512.0,3514.1,3444.55,3454.45,200435256.0,25349000000.0
2018-02-08,3472.7,3502.05,3452.85,3476.45,184881339.0,23884899999.999996
2018-02-09,3421.1,3452.75,3412.75,3446.2,175761668.0,19023100000.0
2018-02-12,3469.25,3500.65,3461.8,3493.1,208080583.0,19673200000.0
2018-02-14,3507.75,3521.85,3485.6,3505.6,193456880.0,27126000000.0
2018-02-15,3525.1,3525.85,3470.3,3480.15,140892635.0,17471800000.0
2018-02-16,3499.55,3502.7,3425.65,3441.4,135320092.0,16762600000.0
2018-02-19,3447.6,3448.2,3370.65,3391.9,147277057.0,19744000000.0
2018-02-20,3396.85,3411.55,3384.45,3392.75,118247120.0,16845700000.0
2018-02-21,3410.25,3410.6,3375.7,3386.7,131246419.0,16201700000.0
2018-02-22,3374.85,3386.75,3362.9,3374.95,238303721.0,27977800000.000004
2018-02-23,3381.95,3425.2,3375.3,3422.95,182196310.0,19677900000.0
2018-02-26,3442.75,3481.4,3432.85,3477.35,142457641.0,21808500000.0
2018-02-27,3492.35,3497.55,3466.45,3481.15,150419093.0,21238800000.0
2018-02-28,3459.25,3463.35,3441.25,3452.35,250009859.0,42463400000.0
2018-03-01,3457.1,3476.15,3438.5,3443.35,128158656.0,17591000000.0
2018-03-05,3432.7,3432.7,3395.45,3408.65,122954082.0,16444100000.0
2018-03-06,3427.6,3434.25,3346.25,3363.7,142419674.0,21049699999.999996
2018-03-07,3353.2,3369.4,3297.05,3301.95,214849460.0,25509600000.0
2018-03-08,3326.25,3348.1,3284.5,3335.85,232977801.0,29828800000.0
2018-03-09,3346.15,3355.7,3321.25,3325.65,,
2018-03-12,3347.5,3396.5,3337.4,3392.25,151718157.0,20597900000.0
2018-03-13,3389.2,3417.9,3383.0,3403.95,151801612.0,19792200000.0
2018-03-14,3397.2,3402.65,3376.9,3395.4,138334644.0,16733800000.000002
2018-03-15,3396.1,3404.45,3381.5,3386.2,136725498.0,13051500000.0
2018-03-16,3378.3,3390.15,3316.45,3327.0,219330718.0,30283700000.0
2018-03-19,3341.25,3342.85,3292.7,3302.35,162037910.0,20971600000.0
2018-03-20,3289.85,3336.7,3288.1,3330.2,137277493.0,21495200000.0
2018-03-21,3343.8,3373.45,3341.55,3361.6,,
2018-03-22,3360.05,3377.65,3323.25,3334.0,112275192.0,15236500000.0
2018-03-23,3290.9,3311.75,3276.15,3306.35,162017499.0,19718500000.0
2018-03-26,3306.6,3357.3,3297.5,3353.6,162594652.0,16252300000.0
2018-03-27,3373.05,3375.5,3343.9,3366.0,149284987.0,16047500000.0
2018-03-28,3353.7,3355.7,3322.4,3328.7,301052761.0,29683700000.0
2018-04-02,3337.1,3384.35,3336.3,3380.25,,
2018-04-03,3371.7,3411.85,3366.55,3409.05,,
2018-04-04,3414.4,3416.6,3346.9,3352.45,227789711.0,21826900000.0
2018-04-05,3388.0,3410.2,3380.7,3404.3,151287672.0,21082399999.999996
2018-04-06,3387.4,3401.6,3371.95,3392.4,237766699.0,19097900000.0
2018-04-09,3391.55,3406.85,3389.5,3401.8,,
2018-04-10,3410.65,3436.2,3407.8,3431.75,178433426.0,21370700000.0
2018-04-11,3446.85,3447.45,3413.7,3431.4,174309571.0,20891700000.0
2018-04-12,3433.1,3433.75,3413.1,3426.35,179113582.0,18262000000.0
2018-04-13,3436.1,3443.75,3406.8,3426.25,146522766.0,17752100000.0
2018-04-16,3409.2,3451.35,3405.5,3448.6,129522651.0,16131400000.000002
2018-04-17,3463.5,3478.7,3442.5,3459.8,147564481.0,19905000000.0
2018-04-18,3469.5,3476.45,3456.0,3464.0,,
2018-04-19,3478.8,3503.8,3471.35,3499.15,131565055.0,17865300000.0
2018-04-20,3498.2,3498.2,3460.25,3470.85,136707176.0,15891000000.0
2018-04-23,3475.65,3480.95,3462.35,3467.2,108459643.0,15731500000.0
2018-04-24,3465.45,3486.9,3454.25,3481.6,157676085.0,17156300000.000002
2018-04-25,3493.0,3493.9,3461.8,3473.55,165856676.0,24076500000.0
2018-04-26,3476.0,3476.85,3420.75,3440.7,238787490.0,28652600000.000004
2018-04-27,3449.6,3478.3,3448.05,3471.25,133905540.0,19688000000.0
2018-04-30,3476.2,3509.75,3475.4,3503.35,115210938.0,18175200000.0
2018-05-02,3529.0,3529.9,3473.1,3479.9,145046309.0,26585800000.0
2018-05-03,3475.05,3479.25,3428.6,3444.9,146407295.0,35180600000.0
2018-05-04,3454.15,3463.85,3413.95,3424.6,143363949.0,24929100000.0
2018-05-07,3435.9,3456.0,3424.4,3449.65,112397351.0,17923100000.0
2018-05-08,3459.1,3462.1,3423.3,3438.95,148611272.0,19573900000.0
2018-05-09,3433.15,3455.9,3429.55,3438.55,109994573.0,16988500000.0
2018-05-10,3447.4,3450.9,3396.5,3403.3,146517355.0,17997600000.0
2018-05-11,3399.0,3405.05,3378.35,3395.4,208545059.0,26494899999.999996
2018-05-14,3389.15,3407.2,3372.45,3381.7,196522399.0,20712600000.000004
2018-05-15,3371.7,3429.0,3355.15,3371.95,231632455.0,27227000000.0
2018-05-16,3360.65,3366.15,3337.0,3353.75,142643859.0,17210000000.0
2018-05-17,3363.45,3371.75,3330.15,3337.8,166181390.0,20260000000.0
2018-05-18,3324.75,3328.9,3260.9,3268.35,188663135.0,30810200000.0
2018-05-21,3266.0,3292.7,3244.15,3248.65,128563750.0,16927000000.0
2018-05-22,3249.85,3281.95,3238.35,3257.75,137846107.0,16467100000.0
2018-05-23,3253.75,3293.4,3246.05,3259.3,133559746.0,16434800000.0
2018-05-24,3274.4,3286.2,3249.6,3280.05,162377223.0,19238200000.0
2018-05-25,3284.55,3318.75,3283.7,3314.4,191934019.0,22388300000.0
2018-05-28,3329.25,3366.0,3323.15,3354.7,160014263.0,19670300000.0
2018-05-29,3376.0,3400.25,3346.1,3351.55,224992998.0,30283100000.0
2018-05-30,3340.3,3350.45,3324.85,3333.85,184726190.0,22568800000.0
2018-05-31,3343.85,3355.9,3299.6,3336.05,496955354.0,84145000000.0
2018-06-01,3339.9,3341.95,3301.45,3314.3,352056961.0,23612100000.0
2018-06-04,3325.85,3329.5,3254.8,3258.4,181905136.0,16601300000.000002
2018-06-05,3261.35,3261.95,3191.2,3207.4,228466675.0,20622000000.0
2018-06-06,3200.25,3256.85,3199.9,3252.95,178404807.0,18135100000.0
2018-06-07,3266.6,3283.15,3264.3,3271.65,172676692.0,17000100000.0
2018-06-08,3261.95,3268.35,3240.95,3260.75,159481873.0,16366900000.0
2018-06-11,3266.3,3287.65,3261.65,3267.45,151697199.0,16011099999.999998
2018-06-12,3276.5,3291.45,3265.45,3287.35,122247158.0,14797900000.0
2018-06-13,3286.75,3289.7,3260.1,3264.5,141733737.0,17398500000.0
2018-06-14,3257.8,3264.55,3234.4,3238.9,109238275.0,12908900000.000002
2018-06-15,3236.35,3237.55,3192.1,3208.1,157614043.0,20180100000.0
2018-06-18,3212.15,3218.5,3191.9,3196.0,110266535.0,11288300000.0
2018-06-19,3187.8,3192.35,3162.4,3169.2,136909585.0,14042300000.0
2018-06-20,3175.95,3183.85,3158.25,3170.5,123199968.0,17309600000.0
2018-06-21,3183.15,3187.45,3133.1,3138.85,138878887.0,19866500000.0
2018-06-22,3139.8,3172.35,3122.35,3165.1,117756863.0,15372300000.0
2018-06-25,3163.25,3167.1,3109.15,3116.85,161102881.0,13890500000.0
2018-06-26,3113.2,3140.25,3099.75,3123.6,188016380.0,18573300000.0
2018-06-27,3130.0,3130.6,3051.2,3060.0,198628048.0,19475800000.0
2018-06-28,3049.3,3063.45,3016.2,3051.85,358979302.0,33048700000.0
2018-06-29,3057.65,3130.9,3054.55,3125.7,173925670.0,20674899999.999996
2018-07-02,3126.55,3127.2,3049.2,3063.65,186121003.0,21286900000.0
2018-07-03,3070.9,3070.9,3041.35,3063.85,158140150.0,16214900000.0
2018-07-04,3065.45,3071.35,3046.1,3060.6,137089161.0,14329700000.0
2018-07-05,3061.6,3061.95,3031.45,3044.65,127103463.0,13587600000.0
2018-07-06,3039.1,3078.9,3030.6,3059.6,142102566.0,15742000000.0
2018-07-09,3074.15,3101.55,3065.5,3097.85,120177167.0,13238500000.0
2018-07-10,3111.5,3121.1,3100.6,3117.5,135566162.0,12264300000.0
2018-07-11,3113.05,3117.2,3093.35,3098.7,257748410.0,15295600000.0
2018-07-12,3112.75,3127.55,3102.0,3112.65,266856296.0,18105400000.0
2018-07-13,3124.85,3126.7,3077.2,3087.4,218010768.0,16383699999.999998
2018-07-16,3084.85,3088.85,3039.05,3044.95,207704842.0,15190900000.0
2018-07-17,3044.75,3070.6,3030.25,3067.95,216207587.0,15150500000.0
2018-07-18,3082.05,3089.8,3027.55,3047.4,219381185.0,15121800000.0
2018-07-19,3047.3,3051.55,3006.6,3013.8,180288118.0,13235000000.0
2018-07-20,3009.7,3042.9,3001.3,3032.3,211343383.0,15047400000.0
2018-07-23,3033.5,3083.75,3032.9,3078.4,246124944.0,16171600000.0
2018-07-24,3090.4,3141.4,3082.5,3137.05,392290693.0,27206200000.0
2018-07-25,3142.25,3146.55,3102.75,3109.1,324533884.0,25570400000.0
2018-07-26,3119.3,3133.5,3092.75,3120.2,351176831.0,33069500000.0
2018-07-27,3135.85,3151.05,3123.5,3135.3,211775109.0,20418700000.0
2018-07-30,3139.65,3156.05,3120.7,3151.15,251319883.0,20598600000.0
2018-07-31,3147.45,3164.15,3128.5,3158.1,281689301.0,28701100000.0
2018-08-01,3166.85,3172.05,3140.7,3149.75,219328833.0,20732399999.999996
2018-08-02,3146.55,3150.85,3124.85,3135.45,226358764.0,20452100000.0
2018-08-03,3143.3,3161.05,3141.8,3153.4,220347721.0,17487800000.0
2018-08-06,3166.1,3174.5,3159.4,3166.5,183693030.0,16022700000.0
2018-08-07,3172.0,3173.65,3139.75,3150.75,226208754.0,18354300000.0
2018-08-08,3154.85,3165.3,3145.85,3160.4,201626756.0,18145700000.0
2018-08-09,3167.6,3169.5,3148.25,3155.35,242777475.0,19942500000.0
2018-08-10,3155.3,3169.65,3123.6,3131.4,188141784.0,19551400000.0
2018-08-13,3119.7,3134.6,3095.7,3113.65,145295236.0,13804600000.0
2018-08-14,3111.05,3114.55,3090.4,3093.6,116473381.0,13079700000.0
2018-08-16,3083.75,3103.95,3068.7,3076.65,162277515.0,14781099999.999998
2018-08-17,3088.35,3098.3,3084.4,3092.15,201745660.0,15278300000.0
2018-08-20,3148.2,3187.6,3136.9,3177.25,186163248.0,27250900000.0
2018-08-21,3186.65,3189.3,3167.2,3183.55,155788162.0,17654100000.0
2018-08-23,3197.6,3224.9,3175.4,3215.1,132901902.0,23442800000.000004
2018-08-24,3215.25,3234.85,3200.7,3208.6,147731703.0,19334200000.0
2018-08-27,3223.6,3259.7,3219.05,3254.3,154569031.0,18719100000.0
2018-08-28,3265.8,3284.65,3242.5,3251.75,215624412.0,21840000000.0
2018-08-29,3254.5,3257.95,3234.05,3238.4,233456043.0,22709600000.0
2018-08-30,3240.35,3256.65,3240.3,3252.1,278899938.0,34813200000.0
2018-08-31,3252.15,3294.5,3250.45,3289.25,287706773.0,29851700000.0
2018-09-03,3306.55,3316.8,3269.8,3275.0,234376284.0,23558200000.0
2018-09-04,3276.15,3284.85,3217.9,3223.95,223344433.0,20887000000.0
2018-09-05,3218.6,3229.3,3173.3,3204.1,244053693.0,26665100000.000004
2018-09-06,3205.45,3224.1,3193.35,3217.65,173089886.0,21310000000.0
2018-09-07,3227.1,3244.35,3195.0,3237.8,187318457.0,20016300000.0
2018-09-10,3228.65,3245.25,3202.7,3204.9,168275712.0,17225700000.0
2018-09-11,3210.55,3224.2,3156.95,3161.75,165510148.0,18070900000.0
2018-09-12,3173.1,3194.2,3142.65,3190.45,179586799.0,18165600000.0
2018-09-14,3203.45,3249.45,3202.95,3244.65,133414060.0,18260500000.0
2018-09-17,3227.7,3242.2,3210.35,3225.85,211083281.0,14895900000.0
2018-09-18,3228.2,3237.25,3164.4,3168.5,153762537.0,14023100000.0
2018-09-19,3183.1,3198.0,3151.15,3160.25,159438653.0,15061199999.999998
2018-09-21,3171.8,3193.4,3059.0,3139.6,357288527.0,27459400000.0
2018-09-24,3144.4,3147.0,3058.4,3082.55,226664443.0,18276400000.0
2018-09-25,3080.3,3085.6,3035.35,3074.9,244926171.0,20954100000.0
2018-09-26,3097.75,3098.6,3048.4,3084.55,198375983.0,16111600000.0
2018-09-27,3084.8,3089.05,3031.2,3045.45,210261223.0,23510600000.0
2018-09-28,3053.15,3057.6,2945.85,2967.3,259571061.0,24656900000.0
2018-10-01,2970.1,2971.25,2898.1,2965.25,227429290.0,23074600000.0
2018-10-03,2953.2,2967.25,2921.05,2933.45,238496745.0,23267199999.999996
2018-10-04,2920.2,2967.25,2902.0,2919.7,247455194.0,28354800000.0
2018-10-05,2912.55,2932.55,2828.1,2845.4,216716105.0,22537600000.000004
2018-10-08,2842.3,2857.8,2793.8,2828.75,213150479.0,20109500000.0
2018-10-09,2839.25,2846.25,2810.05,2826.55,171681099.0,19149600000.0
2018-10-10,2837.5,2908.0,2836.85,2895.45,230239716.0,21514400000.0
2018-10-11,2834.9,2872.85,2820.65,2838.45,219007258.0,21653700000.0
2018-10-12,2851.25,2902.95,2850.4,2894.65,292063123.0,22721600000.0
2018-10-15,2896.5,2902.25,2863.25,2887.65,187137527.0,15195700000.0
2018-10-16,2895.45,2915.3,2891.7,2911.2,161013214.0,15704100000.0
2018-10-17,2936.45,2939.05,2862.35,2867.1,212918902.0,15686600000.0
2018-10-19,2852.2,2875.95,2838.95,2852.0,192642768.0,16902700000.0
2018-10-22,2871.65,2876.0,2835.45,2849.15,174671891.0,15631099999.999998
2018-10-23,2830.65,2862.2,2816.2,2850.75,189189223.0,17304300000.0
2018-10-24,2874.4,2906.6,2850.7,2890.1,168196354.0,20341500000.0
2018-10-25,2859.6,2868.25,2838.7,2851.65,342629283.0,42350600000.00001
2018-10-26,2844.2,2861.95,2817.3,2834.75,198427272.0,18035200000.0
2018-10-29,2843.25,2934.7,2824.95,2930.4,281156270.0,23343600000.0
2018-10-30,2926.5,2949.65,2912.8,2936.4,199987438.0,17977800000.0
2018-10-31,2937.6,2974.5,2881.9,2969.9,208237015.0,23736300000.0
2018-11-01,3006.05,3047.55,2994.8,3001.6,230943733.0,31896700000.0
2018-11-02,3025.5,3080.35,3024.4,3059.85,255955820.0,23985800000.0
2018-11-05,3053.9,3053.9,3013.6,3033.5,,
2018-11-06,3038.8,3057.95,3033.65,3043.7,136630048.0,16532000000.0
2018-11-07,3065.95,3065.95,3050.15,3053.25,,
2018-11-09,3044.2,3073.9,3041.35,3070.5,145504046.0,18373500000.0
2018-11-12,3079.05,3085.75,3024.45,3028.05,150643010.0,16074300000.0
2018-11-13,3023.5,3072.8,3019.1,3068.65,177691003.0,17614100000.0
2018-11-14,3079.75,3092.15,3057.7,3071.3,193539430.0,20657199999.999996
2018-11-15,3073.8,3095.65,3066.65,3083.05,201953978.0,21900700000.0
2018-11-16,3085.9,3123.75,3082.7,3116.5,243381053.0,27153600000.0
2018-11-19,3115.7,3146.15,3101.75,3140.8,237931785.0,24117000000.0
2018-11-20,3129.8,3142.25,3113.65,3121.25,195790059.0,20861000000.0
2018-11-21,3120.4,3130.85,3102.8,3109.85,202294313.0,18217500000.0
2018-11-22,3113.1,3128.25,3090.25,3095.05,203903851.0,18619600000.0
2018-11-26,3101.7,3128.1,3091.45,3116.95,204562019.0,21325900000.0
2018-11-27,3110.45,3123.75,3097.1,3119.4,179580625.0,17630000000.0
2018-11-28,3126.9,3127.35,3067.85,3073.4,192403985.0,18887900000.0
2018-11-29,3093.95,3106.0,3080.75,3095.3,333630999.0,28651600000.0
2018-11-30,3099.4,3102.15,3059.35,3087.0,354781999.0,38423500000.0
2018-12-03,3099.8,3126.2,3089.65,3120.1,257218817.0,21150300000.000004
2018-12-04,3115.6,3120.6,3094.75,3108.8,166890742.0,15939400000.0
2018-12-05,3094.85,3105.65,3051.2,3058.75,179504576.0,18564500000.0
2018-12-06,3044.8,3048.6,3012.0,3018.0,205466505.0,21506500000.0
2018-12-07,3028.8,3041.05,3009.9,3036.95,160470265.0,17483700000.0
2018-12-10,2980.45,2991.2,2960.7,2969.2,159721987.0,18113400000.0
2018-12-11,2927.8,2988.25,2924.3,2976.35,200108635.0,21876200000.0
2018-12-12,2991.6,3056.4,2986.6,3051.45,163853182.0,18950900000.0
2018-12-13,3070.65,3081.6,3059.2,3070.25,157403507.0,19137000000.0
2018-12-14,3066.35,3091.65,3057.6,3086.65,194701897.0,25030000000.0
2018-12-17,3096.3,3126.05,3095.35,3099.8,139904602.0,20701900000.0
2018-12-18,3092.9,3139.8,3089.1,3135.6,136526468.0,18367800000.0
2018-12-19,3143.9,3179.9,3143.8,3177.7,217942135.0,24477500000.0
2018-12-20,3156.15,3185.05,3148.2,3182.2,170231202.0,21749600000.0
2018-12-21,3190.3,3198.95,3125.5,3131.5,233028349.0,27770300000.000004
2018-12-24,3139.8,3142.95,3097.8,3105.15,172574072.0,17801000000.0
2018-12-26,3095.35,3147.95,3062.0,3139.35,172727472.0,20297900000.0
2018-12-27,3156.35,3160.85,3128.4,3154.1,252271065.0,32917100000.0
2018-12-28,3158.45,3188.85,3157.45,3177.4,150506554.0,19149900000.0
2018-12-31,3185.25,3195.5,3170.0,3175.3,110538170.0,15058100000.0
2019-01-01,3185.55,3197.6,3161.75,3190.55,85253350.0,10923599999.999998
2019-01-02,3183.95,3186.05,3127.0,3143.95,127866906.0,16057700000.0
2019-01-03,3144.7,3151.85,3099.65,3104.05,135642746.0,17294000000.0
2019-01-04,3112.65,3135.4,3095.45,3130.65,186934053.0,22242100000.0
2019-01-07,3147.5,3171.7,3135.9,3146.4,139080001.0,16104300000.0
2019-01-08,3147.25,3163.5,3133.1,3145.7,142078213.0,15718100000.0
2019-01-09,3160.7,3161.5,3120.45,3145.8,148555935.0,14642700000.0
2019-01-10,3149.55,3159.45,3139.1,3154.35,126681612.0,14557700000.0
2019-01-11,3154.5,3156.0,3103.55,3119.5,113919973.0,16050100000.0
2019-01-14,3115.3,3115.8,3067.55,3075.25,97603174.0,15322200000.0
2019-01-15,3092.6,3101.4,3071.9,3096.8,116657459.0,17490400000.0
2019-01-16,3100.8,3125.7,3096.5,3101.7,115811068.0,19008600000.0
2019-01-17,3107.95,3116.5,3089.55,3105.0,123838320.0,16290400000.0
2019-01-18,3111.15,3112.5,3050.75,3055.5,152107087.0,19616100000.0
2019-01-21,3029.05,3065.75,3022.45,3035.15,150751376.0,25258100000.0
2019-01-22,3035.75,3036.05,3003.25,3019.4,134706201.0,18862100000.0
2019-01-23,3021.65,3026.75,2994.55,2999.4,109734218.0,15661800000.0
2019-01-24,3007.65,3012.5,2976.85,2984.25,141591119.0,27872000000.0
2019-01-25,2995.1,3016.0,2961.3,2968.9,149956814.0,21294000000.0
2019-01-28,2981.35,2994.6,2932.45,2941.55,220847817.0,30501700000.0
2019-01-29,2937.9,2961.45,2927.8,2947.15,181669243.0,23344899999.999996
2019-01-30,2956.55,2967.95,2941.35,2949.2,148327697.0,18638700000.0
2019-01-31,2966.0,2982.35,2949.4,2976.85,272967550.0,32046400000.0
2019-02-01,2985.95,3013.3,2979.75,2997.95,167038819.0,17747300000.0
2019-02-04,2995.65,2996.05,2931.9,2944.2,242984287.0,18889700000.0
2019-02-05,2932.85,2949.75,2908.25,2925.65,659620178.0,26967700000.0
2019-02-06,2924.6,2935.25,2890.85,2932.1,541254644.0,35874600000.0
2019-02-07,2930.1,2948.5,2916.4,2922.5,595722185.0,35480700000.0
2019-02-08,2913.9,2932.45,2878.95,2884.5,392161012.0,27340900000.0
2019-02-11,2882.2,2882.7,2823.25,2861.2,254555475.0,19589900000.0
2019-02-12,2858.6,2888.55,2848.55,2854.65,276258013.0,19598100000.0
2019-02-13,2858.7,2866.25,2802.9,2808.4,402515547.0,28858200000.0
2019-02-14,2804.5,2824.05,2777.9,2818.0,488668300.0,39036200000.0
2019-02-15,2835.75,2864.4,2823.25,2856.2,309456885.0,28172600000.000004
2019-02-18,2858.95,2873.0,2845.5,2851.65,311394583.0,23557800000.000004
2019-02-19,2848.8,2880.0,2843.25,2851.65,261671366.0,19928500000.0
2019-02-20,2866.55,2907.75,2866.3,2900.8,263763629.0,22515000000.0
2019-02-21,2903.8,2913.35,2875.55,2906.75,314572778.0,20218400000.0
2019-02-22,2902.5,2920.65,2888.6,2917.45,461650585.0,22910700000.0
2019-02-25,2905.1,2914.2,2876.8,2897.6,444598145.0,34039699999.999996
2019-02-26,2870.15,2901.35,2847.65,2889.65,362740409.0,27719400000.0
2019-02-27,2899.55,2942.75,2890.5,2900.05,361578185.0,25967399999.999996
2019-02-28,2920.65,2931.1,2892.15,2917.7,454203282.0,47681300000.0
2019-03-01,2930.75,2949.7,2920.0,2942.65,464047331.0,31750000000.0
2019-03-05,2942.2,2985.5,2918.35,2979.55,592280376.0,31930600000.0
2019-03-06,2995.6,3021.8,2994.1,3009.05,602573710.0,31869300000.0
2019-03-07,3025.35,3046.85,3007.5,3032.8,495968462.0,28079500000.0
2019-03-08,3035.3,3057.95,3023.5,3038.55,463943120.0,27484800000.0
2019-03-11,3050.0,3120.9,3047.35,3111.85,436994763.0,35231700000.0
2019-03-12,3122.75,3186.95,3121.8,3168.75,424640028.0,44548800000.0
2019-03-13,3177.55,3179.15,3136.5,3142.65,341571656.0,29784699999.999996
2019-03-14,3139.25,3152.15,3125.85,3142.65,329187373.0,21266600000.0
2019-03-15,3152.25,3180.15,3143.8,3173.25,383846480.0,33869800000.0
2019-03-18,3178.65,3206.9,3154.65,3164.1,384757255.0,24523000000.0
2019-03-19,3167.45,3177.3,3146.4,3171.95,388045792.0,31963100000.0
2019-03-20,3181.1,3185.95,3151.7,3162.5,442760087.0,35106700000.0
2019-03-22,3176.3,3211.6,3173.05,3185.9,380525008.0,37272400000.0
2019-03-25,3169.5,3174.95,3150.9,3158.85,345930833.0,28014000000.0
2019-03-26,3166.15,3195.4,3166.0,3190.1,475966395.0,27898000000.0
2019-03-27,3205.1,3210.65,3160.05,3165.4,439452478.0,27618900000.0
2019-03-28,3174.65,3205.0,3162.95,3197.6,509150240.0,38248400000.0
2019-03-29,3215.3,3236.65,3198.8,3207.9,687078610.0,36241700000.0
2019-04-01,3222.1,3257.2,3221.1,3238.65,323728588.0,27215500000.0
2019-04-02,3249.9,3269.5,3237.55,3249.1,491431642.0,31743300000.0
2019-04-03,3253.35,3265.7,3203.2,3208.0,368634988.0,25681100000.0
2019-04-04,3219.3,3226.85,3190.45,3202.15,371484591.0,25339200000.0
2019-04-05,3210.3,3232.1,3200.3,3208.3,328088880.0,19474800000.0
2019-04-08,3223.1,3238.3,3188.05,3207.65,290810575.0,18667400000.0
2019-04-09,3214.35,3216.05,3177.55,3204.0,252794567.0,19269100000.0
2019-04-10,3198.2,3221.4,3177.95,3182.95,225978563.0,17484700000.0
2019-04-11,3186.9,3202.25,3182.4,3195.7,275390376.0,25095500000.0
2019-04-12,3201.9,3203.65,3183.05,3194.25,330519975.0,24020200000.0
2019-04-15,3203.6,3211.3,3185.85,3203.0,327663583.0,21741800000.0
2019-04-16,3213.05,3248.4,3212.0,3240.7,305638987.0,33007600000.000004
2019-04-18,3249.65,3251.2,3191.65,3195.6,362787403.0,35870600000.0
2019-04-22,3187.45,3191.25,3166.05,3173.65,266207370.0,24619100000.0
2019-04-23,3180.3,3182.65,3138.0,3145.15,317513516.0,22824300000.0
2019-04-24,3152.0,3173.25,3142.15,3170.0,332999627.0,20150200000.0
2019-04-25,3165.2,3192.45,3137.4,3143.4,420358058.0,37061800000.0
2019-04-26,3151.0,3170.2,3134.9,3142.45,290315476.0,19238800000.0
2019-04-30,3146.1,3153.0,3091.7,3107.5,363755404.0,22707500000.0
2019-05-02,3109.55,3153.6,3103.7,3132.15,415490397.0,21980700000.0
2019-05-03,3135.9,3168.3,3135.45,3150.35,350411603.0,23005600000.0
2019-05-06,3138.95,3144.7,3117.5,3126.4,297747175.0,18515100000.0
2019-05-07,3139.65,3141.25,3101.85,3108.3,312278243.0,23677500000.0
2019-05-08,3102.8,3104.9,3069.75,3075.5,484816501.0,21109400000.0
2019-05-09,3066.95,3074.25,3025.6,3043.75,424316423.0,20408300000.0
2019-05-10,3053.4,3063.45,3028.3,3052.75,439200333.0,20004100000.0
2019-05-13,3038.25,3046.75,2972.55,2984.95,410399146.0,20693600000.0
2019-05-14,2972.15,3059.05,2945.75,3044.1,500125129.0,26109400000.0
2019-05-15,3055.25,3058.7,2986.9,2996.05,339791274.0,19614900000.0
2019-05-16,3002.35,3020.95,2976.65,3010.4,352640952.0,26228300000.0
2019-05-17,3003.8,3037.55,2996.5,3032.15,367066889.0,29693200000.0
2019-05-20,3115.15,3200.4,3113.8,3188.1,484963945.0,35482000000.0
2019-05-21,3201.7,3202.15,3143.7,3151.9,356958148.0,25618000000.0
2019-05-22,3156.8,3181.95,3142.75,3169.4,424807388.0,24524500000.0
2019-05-23,3213.45,3321.2,3198.0,3211.35,601900698.0,50460600000.00001
2019-05-24,3233.5,3314.25,3231.4,3305.9,365859290.0,34083300000.0
2019-05-27,3313.55,3384.15,3294.6,3380.05,395800373.0,37662400000.0
2019-05-28,3394.75,3404.6,3341.05,3356.9,595257238.0,48969500000.0
2019-05-29,3353.25,3371.35,3307.35,3316.25,260252414.0,20895100000.000004
2019-05-30,3322.65,3360.4,3318.5,3353.7,635996312.0,37771900000.0
2019-05-31,3367.9,3375.95,3305.6,3338.85,519435048.0,39194200000.0
2019-06-03,3355.3,3362.2,3337.6,3357.9,307702941.0,26405300000.000004
2019-06-04,3353.35,3386.15,3349.65,3369.9,277772356.0,26589100000.0
2019-06-06,3376.25,3378.05,3305.25,3321.0,348548281.0,27625300000.000004
2019-06-07,3324.4,3345.3,3302.0,3316.7,309439433.0,22106900000.0
2019-06-10,3327.2,3356.75,3325.8,3338.8,504875182.0,21513100000.0
2019-06-11,3349.15,3349.15,3326.6,3339.5,363392416.0,19505700000.0
2019-06-12,3335.2,3335.6,3301.45,3306.75,255192026.0,16040500000.0
2019-06-13,3302.85,3327.8,3294.95,3322.05,251053211.0,18326300000.0
2019-06-14,3323.95,3339.45,3301.2,3308.5,248238452.0,20029600000.0
2019-06-17,3317.45,3318.5,3256.9,3263.1,254764693.0,18253500000.0
2019-06-18,3270.1,3286.75,3258.6,3272.1,330841698.0,19206100000.0
2019-06-19,3284.75,3301.2,3240.05,3261.5,492178607.0,28456300000.0
2019-06-20,3255.1,3334.2,3254.05,3325.7,441660155.0,27277300000.0
2019-06-21,3326.05,3338.85,3295.8,3306.35,407468938.0,27041600000.0
2019-06-24,3313.65,3332.45,3306.55,3315.25,361198462.0,18118200000.0
2019-06-25,3317.2,3339.35,3308.8,3332.55,401536440.0,22226800000.0
2019-06-26,3335.45,3384.75,3331.2,3376.5,,
2019-06-27,3388.05,3404.05,3361.7,3376.4,654364264.0,40290600000.0
2019-06-28,3382.15,3391.15,3362.2,3369.2,175686426.0,21546300000.0
2019-07-01,3384.8,3395.7,3365.4,3388.95,261615664.0,24921600000.0
2019-07-02,3397.3,3408.85,3384.6,3406.7,314021498.0,26573000000.0
2019-07-03,3412.35,3430.15,3404.5,3425.85,186124455.0,22748200000.0
2019-07-04,3433.7,3447.6,3427.1,3437.55,253310602.0,21075400000.0
2019-07-05,3444.8,3453.3,3365.05,3373.45,225979268.0,26894500000.0
2019-07-08,3359.55,3360.05,3243.85,3268.0,185566326.0,22232900000.0
2019-07-09,3259.4,3318.8,3252.05,3314.1,187458161.0,24245100000.000004
2019-07-10,3303.85,3317.1,3250.25,3267.35,182586590.0,35618000000.0
2019-07-11,3281.8,3290.5,3266.35,3281.4,176599454.0,33190400000.0
2019-07-12,3286.85,3286.9,3240.55,3249.7,179173495.0,29256000000.0
2019-07-15,3250.55,3254.6,3206.75,3215.05,126095729.0,21728800000.0
2019-07-16,3219.95,3260.45,3207.3,3256.25,124590099.0,21801200000.0
2019-07-17,3258.3,3270.75,3236.1,3241.15,155784899.0,22624200000.0
2019-07-18,3240.9,3244.6,3190.75,3194.2,166680160.0,19629900000.0
2019-07-19,3211.4,3219.85,3159.45,3171.1,227878387.0,23716300000.0
2019-07-22,3170.75,3190.1,3133.85,3177.8,160373543.0,26660400000.0
2019-07-23,3189.45,3197.6,3163.9,3192.95,177398721.0,21269800000.0
2019-07-24,3194.05,3202.7,3129.05,3149.0,261052439.0,33072100000.0
2019-07-25,3155.8,3179.35,3120.3,3128.4,273941946.0,32343100000.0
2019-07-26,3127.3,3149.35,3114.3,3137.15,206792348.0,19165600000.0
2019-07-29,3132.55,3137.25,3075.0,3079.1,797295295.0,20811000000.0
2019-07-30,3086.4,3115.5,3070.55,3076.55,539439085.0,23235300000.000004
2019-07-31,3063.95,3096.85,3055.15,3086.65,328483528.0,23179400000.0
2019-08-01,3074.6,3092.7,3023.45,3048.15,283560060.0,22633700000.0
2019-08-02,3044.75,3087.4,3022.05,3060.15,321977546.0,30376800000.0
2019-08-05,3032.3,3033.65,2980.8,3019.8,,
2019-08-06,3003.25,3097.6,3001.75,3070.8,288457272.0,29995300000.000004
2019-08-07,3073.9,3087.25,3034.05,3044.6,271248957.0,20989300000.0
2019-08-08,3055.4,3084.7,3041.3,3072.0,315964251.0,25727399999.999996
2019-08-09,3085.55,3108.0,3066.3,3070.3,309533705.0,20226700000.0
2019-08-13,3054.65,3059.5,2953.8,2958.6,350765332.0,24406100000.0
2019-08-14,2969.0,3011.1,2954.25,3005.75,291597885.0,23338500000.0
2019-08-16,2998.75,3027.3,2975.15,3021.05,374850086.0,20580000000.0
2019-08-19,3027.85,3055.85,3027.45,3033.1,257306561.0,17726400000.0
2019-08-20,3032.05,3041.8,3003.25,3012.65,275661117.0,16549800000.0
2019-08-21,3011.65,3012.55,2957.8,2963.15,234827804.0,16455300000.0
2019-08-22,2954.15,2970.05,2919.1,2928.1,307554856.0,19220300000.0
2019-08-23,2925.35,2958.05,2901.8,2949.6,320361375.0,21826400000.0
2019-08-26,2989.3,3019.65,2923.15,3015.35,322230199.0,20789699999.999996
2019-08-27,3030.05,3064.15,3028.95,3038.0,390627813.0,37638000000.0
2019-08-28,3048.5,3055.95,2993.75,3006.45,279675256.0,17423400000.0
2019-08-29,2992.7,3021.9,2982.3,3013.25,330948830.0,19785000000.0
2019-08-30,3019.95,3033.7,2948.2,3001.15,276123909.0,20401100000.0
2019-09-03,2994.1,2995.35,2916.7,2924.45,176661876.0,18277500000.0
2019-09-04,2928.15,2963.75,2919.95,2955.75,164913530.0,16294200000.0
2019-09-05,2965.55,3019.75,2964.8,2991.3,213803849.0,18044700000.0
2019-09-06,3006.6,3029.65,3001.9,3025.1,180114596.0,14938000000.0
2019-09-09,3029.7,3075.2,3017.0,3068.05,164838195.0,15725400000.0
2019-09-11,3080.05,3096.85,3064.65,3074.55,247161489.0,17263800000.0
2019-09-12,3085.95,3087.9,3050.45,3059.0,311709242.0,22966100000.0
2019-09-13,3062.35,3074.85,3032.5,3071.2,219841660.0,16308599999.999998
2019-09-16,3051.2,3057.35,3032.05,3045.55,188407374.0,14723599999.999998
2019-09-17,3050.9,3050.9,2984.15,2995.0,250575614.0,18956600000.0
2019-09-18,3007.6,3019.4,2986.4,3004.25,214589563.0,15473599999.999998
2019-09-19,3012.45,3013.25,2973.35,2983.5,455355281.0,17964300000.0
2019-09-20,2988.8,3136.45,2962.15,3121.05,511565244.0,50283400000.0
2019-09-23,3176.9,3243.85,3172.1,3212.8,339427065.0,46114100000.0
2019-09-24,3209.6,3209.6,3167.1,3175.25,262214788.0,25044699999.999996
2019-09-25,3177.1,3184.85,3148.15,3155.75,297581908.0,28780600000.0
2019-09-26,3164.85,3208.3,3164.25,3204.35,269621725.0,31655100000.000004
2019-09-27,3196.6,3202.2,3175.65,3186.05,145526229.0,50970100000.0
2019-09-30,3188.05,3220.75,3165.15,3208.4,186703319.0,64441700000.0
2019-10-01,3230.9,3243.35,3133.7,3164.2,230018176.0,77473400000.0
2019-10-03,3147.6,3187.65,3123.95,3171.2,181692371.0,58765800000.0
2019-10-04,3191.9,3196.25,3126.65,3131.4,224761576.0,66643800000.0
2019-10-07,3123.65,3127.35,3090.4,3094.2,165929714.0,51368000000.0
2019-10-09,3096.5,3156.1,3084.45,3151.45,193859951.0,57054000000.0
2019-10-10,3149.55,3177.25,3147.65,3172.0,204748321.0,74018900000.0
2019-10-11,3175.5,3192.75,3156.8,3176.3,145658664.0,47245500000.0
2019-10-14,3191.0,3216.05,3184.55,3200.55,169359354.0,51568800000.0
2019-10-15,3207.85,3229.45,3202.3,3222.35,131123929.0,44060000000.0
2019-10-16,3236.0,3243.35,3224.4,3235.7,180512857.0,63796000000.0
2019-10-17,3238.6,3260.95,3225.2,3257.9,153019271.0,56556899999.99999
2019-10-18,3261.5,3311.0,3253.95,3300.8,201458274.0,71473500000.0
2019-10-22,3313.0,3337.8,3290.7,3297.3,185434447.0,73938400000.0
2019-10-23,3296.75,3298.2,3249.3,3262.5,127346690.0,50166000000.0
2019-10-24,3276.35,3281.75,3224.2,3271.35,229192113.0,92887600000.0
2019-10-25,3279.4,3279.65,3235.95,3253.1,,
2019-10-27,3270.65,3274.8,3254.1,3259.5,15721879.0,7476600000.0
2019-10-29,3263.35,3290.8,3252.75,3283.3,226303542.0,84001400000.0
2019-10-30,3315.05,3318.45,3296.8,3313.4,204660086.0,77099600000.0
2019-10-31,3325.15,3329.45,3313.1,3322.55,224803360.0,74449200000.0
2019-11-01,3309.05,3319.85,3301.0,3302.45,163999958.0,61090700000.0
2019-11-04,3318.85,3333.85,3305.15,3309.5,145631034.0,52430600000.00001
2019-11-05,3314.1,3317.5,3276.45,3290.45,116750841.0,48627100000.0
2019-11-06,3290.85,3303.8,3273.75,3286.9,136923612.0,48232400000.0
2019-11-07,3299.95,3301.9,3274.0,3286.85,141525428.0,49902700000.00001
2019-11-08,3281.45,3287.35,3249.85,3254.6,219983829.0,66060800000.0
2019-11-11,3250.15,3264.0,3237.1,3254.2,218350713.0,51744500000.0
2019-11-13,3255.95,3268.7,3231.2,3236.5,197637977.0,64133000000.0
2019-11-14,3228.55,3238.0,3205.0,3219.1,187291653.0,60848600000.0
2019-11-15,3225.25,3255.25,3224.15,3237.95,224018269.0,77044600000.0
2019-11-18,3250.2,3267.55,3245.6,3248.4,191862456.0,71931500000.0
2019-11-19,3266.8,3307.2,3264.15,3298.1,203870774.0,85567300000.0
2019-11-20,3334.5,3347.5,3318.25,3325.35,254182269.0,113941700000.0
2019-11-21,3344.3,3344.65,3295.7,3301.25,192774237.0,76481500000.0
2019-11-22,3301.15,3312.1,3288.3,3301.3,167899746.0,69237600000.0
2019-11-25,3306.9,3348.15,3305.7,3344.0,177250672.0,71115400000.0
2019-11-26,3345.55,3349.2,3297.8,3304.3,307447326.0,121048000000.0
2019-11-27,3308.55,3318.85,3288.25,3311.0,147999253.0,59598500000.0
2019-11-28,3320.0,3346.8,3306.95,3340.8,179926255.0,65180600000.00001
2019-11-29,3342.5,3351.45,3314.2,3323.3,231990869.0,82358400000.0
2019-12-02,3367.05,3369.5,3325.45,3333.5,220124480.0,93741800000.0
2019-12-03,3342.1,3342.1,3278.6,3291.95,156197222.0,60617200000.0
2019-12-04,3285.8,3294.2,3256.85,3275.25,160192324.0,71653700000.0
2019-12-05,3288.25,3289.1,3252.55,3256.2,131913810.0,60734300000.0
2019-12-06,3268.0,3271.0,3226.4,3238.25,143989363.0,52484799999.99999
2019-12-09,3244.6,3262.1,3226.1,3247.85,114062026.0,42403500000.0
2019-12-10,3247.1,3248.2,3209.35,3214.45,137542322.0,43363900000.0
2019-12-11,3215.15,3226.9,3200.1,3222.2,162238326.0,52098700000.0
2019-12-12,3236.5,3248.15,3229.3,3240.25,143503020.0,47298600000.0
2019-12-13,3257.25,3271.1,3249.05,3267.15,140261532.0,54369700000.0
2019-12-16,3279.05,3281.9,3240.55,3243.85,115050123.0,44354000000.0
2019-12-17,3248.6,3273.5,3239.15,3268.55,135979564.0,59806500000.0
2019-12-18,3275.3,3277.4,3252.8,3263.45,123987578.0,51759600000.0
2019-12-19,3258.75,3289.15,3250.55,3283.25,113084389.0,50188800000.0
2019-12-20,3285.7,3302.9,3277.2,3285.0,160231998.0,69700800000.0
2019-12-23,3259.85,3284.25,3255.75,3270.7,145183663.0,59353000000.0
2019-12-24,3273.85,3279.45,3248.5,3253.2,97813285.0,40352500000.0
2019-12-26,3249.6,3254.65,3216.1,3219.45,134910131.0,57236100000.0
2019-12-27,3232.75,3265.1,3232.05,3261.8,101197677.0,43760200000.00001
2019-12-30,3270.7,3275.25,3257.8,3271.2,99568945.0,44249799999.99999
2019-12-31,3267.7,3277.5,3249.7,3255.3,114823815.0,47877299999.99999
2020-01-01,3264.7,3273.65,3256.75,3263.25,82889610.0,35440100000.0
2020-01-02,3268.3,3315.35,3267.85,3311.95,119130646.0,56837500000.0
2020-01-03,3311.05,3311.8,3283.05,3294.25,158844214.0,59019600000.0
2020-01-06,3276.55,3279.55,3231.85,3237.15,140980966.0,57427600000.0
2020-01-07,3257.1,3284.55,3240.65,3256.7,132901836.0,53631800000.0
2020-01-08,3223.65,3248.6,3216.5,3242.5,124866090.0,61933700000.0
2020-01-09,3288.35,3300.55,3279.65,3298.5,141269605.0,57957299999.99999
2020-01-10,3309.75,3328.35,3299.0,3310.8,160861231.0,64221400000.0
2020-01-13,3316.65,3334.95,3316.6,3332.65,123612796.0,51087000000.0
2020-01-14,3331.55,3342.8,3320.8,3330.9,122935781.0,45013800000.0
2020-01-15,3331.75,3335.0,3314.35,3332.7,122390104.0,49217100000.0
2020-01-16,3342.9,3350.5,3331.7,3335.9,137113219.0,57479200000.0
2020-01-17,3329.5,3367.2,3329.5,3359.85,204112236.0,95079300000.0
2020-01-20,3378.1,3380.85,3335.0,3339.25,247088918.0,87858799999.99998
2020-01-21,3335.65,3349.25,3330.75,3335.5,232075962.0,82644900000.0
2020-01-22,3348.4,3349.4,3315.85,3321.65,245943945.0,64488700000.0
2020-01-23,3328.8,3372.7,3326.9,3366.9,488267464.0,113330000000.0
2020-01-24,3364.95,3392.05,3359.45,3385.95,159128751.0,71612200000.0
2020-01-27,3369.35,3391.7,3352.15,3357.45,116422761.0,52137299999.99999
2020-01-28,3363.15,3365.25,3308.35,3317.65,169994645.0,76300000000.0
2020-01-29,3332.7,3351.4,3323.15,3330.4,167589974.0,71633000000.0
2020-01-30,3332.5,3333.4,3289.05,3298.65,185248944.0,62842900000.0
2020-01-31,3314.05,3314.75,3245.75,3252.0,339943578.0,91259000000.0
2020-02-01,3246.9,3275.35,3143.3,3155.3,210849423.0,69158000000.0
2020-02-03,3145.9,3194.85,3138.7,3183.0,214443333.0,75534200000.0
2020-02-04,3205.95,3257.55,3205.8,3253.75,182861065.0,65834000000.0
2020-02-05,3263.3,3297.8,3255.95,3291.15,199408351.0,76107400000.0
2020-02-06,3302.5,3321.3,3298.2,3317.1,162953057.0,65995800000.0
2020-02-07,3315.9,3317.2,3286.85,3292.8,167171865.0,54492200000.0
2020-02-10,3292.55,3293.2,3247.7,3262.2,194692828.0,60812900000.0
2020-02-11,3283.1,3301.4,3276.7,3281.1,174007797.0,53296800000.0
2020-02-12,3289.1,3301.95,3280.3,3290.15,130450887.0,46693200000.0
2020-02-13,3293.6,3294.65,3270.85,3281.85,180459175.0,47980800000.0
2020-02-14,3290.05,3299.8,3263.65,3279.9,241529527.0,88802099999.99998
2020-02-17,3286.25,3290.3,3243.45,3247.55,192131527.0,58012900000.0
2020-02-18,3242.2,3242.2,3194.1,3229.7,235368998.0,69346300000.0
2020-02-19,3258.3,3274.8,3248.4,3271.45,174137238.0,61100200000.00001
2020-02-20,3264.3,3280.6,3256.6,3259.1,205059908.0,60298100000.00001
2020-02-24,3242.95,3242.95,3181.9,3187.85,178114867.0,60706400000.0
2020-02-25,3202.6,3204.35,3153.6,3159.0,194844143.0,69803800000.0
2020-02-26,3147.0,3149.45,3109.5,3116.5,218185669.0,76329300000.0
2020-02-27,3112.45,3113.5,3079.0,3102.5,229355750.0,69797000000.0
2020-02-28,3041.55,3042.5,2998.5,3011.25,293146128.0,96238300000.0
2020-03-02,3059.55,3084.45,2947.9,2972.35,222868937.0,71028800000.0
2020-03-03,2998.9,3056.85,2992.6,3044.8,199268526.0,69072400000.0
2020-03-04,3055.35,3060.4,2980.15,3024.65,214228334.0,77298100000.0
2020-03-05,3042.85,3049.7,3009.5,3014.7,187528130.0,65409500000.0
2020-03-06,2930.15,2958.3,2899.05,2949.55,190589395.0,65081400000.0
2020-03-09,2889.9,2891.85,2755.1,2791.65,433922003.0,136345000000.0
2020-03-11,2773.35,2832.95,2772.9,2787.7,347132656.0,103494100000.0
2020-03-12,2663.55,2667.15,2547.5,2561.9,444179807.0,112674300000.0
2020-03-13,2421.05,2708.25,2266.5,2674.9,461103200.0,125831700000.0
2020-03-16,2570.45,2611.85,2487.45,2499.85,298336988.0,83482400000.0
2020-03-17,2517.0,2580.95,2458.3,2469.7,261996752.0,74242600000.0
2020-03-18,2503.0,2516.8,2308.35,2335.45,546060948.0,110501600000.0
2020-03-19,2236.25,2321.75,2168.9,2241.5,428004757.0,96891700000.0
2020-03-20,2262.6,2416.65,2246.2,2396.65,584436987.0,113601100000.0
2020-03-23,2182.8,2236.4,2100.95,2107.95,291379193.0,63703700000.0
2020-03-24,2167.6,2213.8,2072.6,2125.15,295012666.0,69548900000.0
2020-03-25,2113.45,2290.8,2111.5,2261.7,299080832.0,90986000000.0
2020-03-26,2281.45,2351.3,2239.8,2335.2,393615042.0,89340500000.0
2020-03-27,2392.4,2408.85,2281.65,2315.0,329937051.0,72164900000.0
2020-03-30,2257.7,2299.05,2229.35,2250.7,214235838.0,54226200000.0
2020-03-31,2307.95,2373.55,2269.7,2360.5,297287647.0,77350300000.0
2020-04-01,2359.35,2360.5,2259.9,2283.6,199896960.0,55441899999.99999
2020-04-03,2332.15,2332.2,2258.15,2280.45,261367207.0,68370700000.0
2020-04-07,2348.5,2448.0,2333.15,2444.05,306256360.0,82615800000.0
2020-04-08,2428.85,2513.65,2405.35,2439.4,334813933.0,86165400000.00002
2020-04-09,2487.55,2526.15,2471.3,2520.15,212224350.0,68367299999.99999
2020-04-13,2516.75,2549.85,2475.65,2543.1,241062996.0,73223400000.0
2020-04-15,2583.5,2634.55,2533.25,2538.3,281991062.0,91525100000.0
2020-04-16,2519.95,2589.1,2514.2,2573.85,235929433.0,75986700000.0
2020-04-17,2651.0,2651.4,2592.9,2624.9,214579084.0,76028800000.0
2020-04-20,2643.15,2643.15,2595.95,2618.55,239348596.0,69998800000.0
2020-04-21,2569.4,2573.05,2521.65,2565.25,221096212.0,77478200000.0
2020-04-22,2610.0,2638.45,2563.25,2627.35,315816745.0,146221300000.0
2020-04-23,2637.25,2653.45,2614.2,2619.1,227473990.0,88889599999.99998
2020-04-24,2598.35,2664.25,2585.9,2614.95,268814535.0,135105600000.0
2020-04-27,2643.75,2676.45,2630.15,2635.2,185834712.0,76291700000.0
2020-04-28,2660.4,2663.85,2616.7,2632.55,251993317.0,98363200000.0
2020-04-29,2652.2,2675.85,2641.15,2664.35,215814661.0,63903100000.00001
2020-04-30,2706.25,2762.9,2688.55,2753.15,342952340.0,115091000000.0
2020-05-04,2684.25,2697.65,2656.9,2666.6,247913716.0,90988300000.0
2020-05-05,2700.9,2730.75,2665.95,2670.3,299321905.0,92935200000.0
2020-05-06,2670.05,2701.9,2651.8,2689.85,305856711.0,91028100000.0
2020-05-07,2680.0,2686.65,2663.4,2677.4,201811172.0,74715600000.0
2020-05-08,2721.1,2724.6,2694.3,2697.85,250355500.0,103140900000.0
2020-05-11,2722.05,2757.1,2719.65,2726.55,250489818.0,94433200000.0
2020-05-12,2712.35,2721.8,2669.15,2700.8,262931271.0,120537900000.00002
2020-05-13,2802.6,2802.6,2728.6,2762.3,331336986.0,115298500000.0
2020-05-14,2730.9,2746.15,2691.5,2706.85,294121105.0,86709700000.0
2020-05-15,2722.85,2736.15,2695.3,2729.0,259833225.0,95897400000.0
2020-05-18,2738.65,2738.65,2618.6,2624.9,283859035.0,102836600000.0
2020-05-19,2669.55,2709.0,2651.5,2671.2,328896993.0,117619200000.0
2020-05-20,2674.25,2731.85,2667.55,2721.55,327608068.0,103788799999.99998
2020-05-21,2724.05,2739.25,2708.55,2725.45,262618012.0,90922600000.0
2020-05-22,2721.05,2733.55,2699.9,2720.15,223706774.0,74251300000.0
2020-05-26,2722.45,2742.05,2717.2,2724.45,292004597.0,112286800000.0
2020-05-27,2735.15,2763.95,2713.85,2759.75,230180238.0,79561500000.0
2020-05-28,2771.55,2818.45,2768.2,2815.1,256459811.0,92993200000.0
2020-05-29,2800.9,2852.25,2792.05,2845.15,692023114.0,166958800000.0
2020-06-01,2873.85,2924.5,2867.7,2885.9,398141470.0,113733200000.0
2020-06-02,2903.85,2917.45,2885.7,2912.45,337475401.0,88581299999.99998
2020-06-03,2944.75,2950.85,2916.85,2922.95,332505167.0,97105600000.0
2020-06-04,2919.85,2955.6,2911.45,2948.8,355179141.0,104299000000.0
2020-06-05,2973.05,3014.05,2968.05,3002.45,389613323.0,115971100000.0
2020-06-08,3053.3,3054.4,2994.5,3002.6,443160591.0,108858300000.0
2020-06-09,3008.85,3020.3,2950.95,2959.55,295381312.0,81893700000.0
2020-06-10,2969.45,2984.25,2948.9,2970.2,233042022.0,70807300000.0
2020-06-11,2967.35,2974.05,2903.65,2908.75,307283232.0,82214800000.0
2020-06-12,2814.2,2961.45,2813.1,2954.2,314135950.0,96719500000.0
2020-06-15,2934.8,2954.8,2895.05,2925.95,272719111.0,97720600000.0
2020-06-16,2977.25,2980.05,2885.0,2918.7,247088425.0,93928700000.00002
2020-06-17,2909.85,2944.55,2894.6,2919.25,239004715.0,83835800000.0
2020-06-18,2912.25,2965.25,2904.4,2957.6,232415930.0,85064100000.0
2020-06-19,2974.75,3052.45,2968.9,3038.65,364528863.0,163333300000.0
2020-06-22,3060.4,3081.4,3041.4,3062.3,273203425.0,108544100000.0
2020-06-23,3074.45,3110.35,3061.9,3105.5,293945388.0,93481900000.0
2020-06-24,3126.35,3129.0,3051.05,3059.25,361618409.0,113338300000.0
2020-06-25,3047.85,3075.85,3031.6,3038.4,490037778.0,111633900000.0
2020-06-26,3062.2,3085.6,3047.75,3078.5,337492718.0,89244100000.0
2020-06-29,3064.55,3068.15,3019.9,3042.65,259151386.0,70487400000.0
2020-06-30,3068.5,3080.4,3022.15,3032.35,266226292.0,78176700000.0
2020-07-01,3047.65,3047.65,3012.55,3031.4,253678072.0,73358700000.0
2020-07-02,3050.2,3068.25,3037.6,3059.5,330985653.0,78318300000.0
2020-07-03,3081.0,3109.6,3072.9,3106.1,253988706.0,79708100000.0
2020-07-06,3133.6,3151.65,3123.3,3141.15,245875796.0,94019900000.0
2020-07-07,3148.75,3150.1,3085.75,3092.65,240397116.0,81753300000.0
2020-07-08,3101.2,3108.2,3054.0,3060.35,268290210.0,78153100000.0
2020-07-09,3076.8,3087.4,3066.05,3081.9,231463170.0,79821100000.0
2020-07-10,3079.25,3094.15,3056.3,3084.0,256395855.0,88033900000.0
2020-07-13,3104.55,3123.85,3093.25,3111.95,212063027.0,106093900000.0
2020-07-14,3107.2,3111.6,3061.0,3071.5,254229796.0,123570400000.00002
2020-07-15,3089.5,3098.55,2994.1,3013.75,251945548.0,173475700000.0
2020-07-16,3022.2,3022.25,2971.8,3015.85,220925145.0,101922300000.0
2020-07-17,3023.35,3099.8,3023.35,3091.85,345688645.0,117424800000.0
2020-07-20,3108.05,3113.9,3089.6,3104.25,219986271.0,83736600000.0
2020-07-21,3128.65,3166.7,3125.0,3156.75,391392905.0,136094200000.0
2020-07-22,3165.85,3183.5,3136.6,3155.75,289726322.0,117047400000.0
2020-07-23,3153.15,3188.05,3146.65,3179.8,254279779.0,125112900000.00002
2020-07-24,3167.45,3193.9,3155.65,3175.9,253687575.0,173022300000.0
2020-07-27,3193.9,3194.45,3156.05,3172.85,261045123.0,137778100000.0
2020-07-28,3177.8,3223.15,3171.85,3219.0,245403833.0,123291800000.0
2020-07-29,3221.95,3240.8,3183.2,3200.25,219667933.0,132599599999.99998
2020-07-30,3209.7,3213.35,3150.5,3162.2,306845145.0,154502200000.0
2020-07-31,3170.1,3176.1,3141.95,3153.4,231718028.0,122685900000.0
2020-08-03,3147.85,3148.3,3110.1,3113.2,217997831.0,92786100000.0
2020-08-04,3123.5,3174.35,3120.75,3167.65,275451302.0,147454300000.0
2020-08-05,3182.5,3200.95,3158.15,3178.6,215185848.0,125028600000.0
2020-08-06,3199.1,3203.35,3165.05,3176.9,230138364.0,96078799999.99998
2020-08-07,3180.35,3193.35,3175.05,3188.25,210855162.0,80266200000.0
2020-08-10,3207.7,3217.45,3188.6,3199.15,218613662.0,86515400000.00002
2020-08-11,3214.55,3221.5,3187.45,3196.8,215198630.0,100533400000.0
2020-08-12,3187.75,3206.4,3178.7,3196.75,255435996.0,98084100000.0
2020-08-13,3196.6,3222.85,3187.3,3216.8,552135877.0,129992099999.99998
2020-08-14,3236.1,3241.65,3161.5,3183.2,413495168.0,136295100000.0
2020-08-17,3201.2,3209.35,3162.55,3203.3,364968407.0,110468600000.0
2020-08-18,3209.85,3247.0,3207.55,3241.1,392266409.0,120423000000.0
2020-08-19,3265.3,3274.6,3250.6,3256.55,397742467.0,108915100000.0
2020-08-20,3232.5,3270.2,3220.85,3253.4,551527093.0,111577400000.0
2020-08-21,3288.35,3288.35,3256.7,3260.75,396003576.0,100527300000.0
2020-08-24,3273.7,3285.75,3249.0,3260.2,291855205.0,115839000000.0
2020-08-25,3278.05,3285.45,3240.75,3246.2,297777200.0,86651900000.0
2020-08-26,3260.55,3260.55,3226.5,3249.1,301238932.0,121089900000.0
2020-08-27,3263.25,3264.75,3233.45,3238.0,302795585.0,93575800000.0
2020-08-28,3254.9,3272.5,3248.5,3254.45,278456666.0,97182200000.0
2020-08-31,3285.65,3286.0,3151.45,3163.5,688700554.0,253745500000.0
2020-09-01,3190.95,3218.35,3158.95,3202.9,423655328.0,141021400000.0
2020-09-02,3212.55,3242.6,3201.35,3235.9,266392716.0,95015700000.0
2020-09-03,3243.75,3252.95,3221.3,3234.15,257857840.0,86506200000.00002
2020-09-04,3190.85,3208.1,3162.05,3171.05,334513752.0,102771400000.0
2020-09-07,3185.65,3191.05,3134.1,3155.75,279971463.0,84380700000.0
2020-09-08,3165.0,3165.65,3112.65,3121.6,262882408.0,95453500000.0
2020-09-09,3097.9,3142.85,3088.4,3132.9,316440231.0,119993000000.0
2020-09-10,3156.7,3211.45,3150.35,3204.25,346290139.0,211644900000.00003
2020-09-11,3206.1,3216.5,3186.4,3201.75,267524674.0,123637099999.99998
2020-09-14,3217.85,3230.3,3168.35,3182.1,332412784.0,125069500000.0
2020-09-15,3192.85,3216.65,3188.55,3212.95,262554616.0,95250800000.0
2020-09-16,3220.7,3232.1,3212.7,3218.25,244482765.0,89703900000.0
2020-09-17,3207.55,3216.55,3186.0,3193.3,221115004.0,78605000000.0
2020-09-18,3212.35,3223.45,3196.25,3218.5,387089402.0,129775500000.0
2020-09-21,3218.3,3219.4,3108.9,3123.55,274624302.0,96441800000.0
2020-09-22,3133.4,3134.9,3049.45,3073.75,333948643.0,97540000000.0
2020-09-23,3097.9,3099.05,3005.4,3037.75,359050423.0,130611400000.0
2020-09-24,3003.2,3009.5,2952.65,2960.3,359180140.0,114053600000.0
2020-09-25,2988.0,3055.55,2976.9,3049.8,355746841.0,100891500000.0
2020-09-28,3079.2,3123.05,3073.5,3111.3,276178233.0,75107600000.0
2020-09-29,3129.95,3129.95,3074.25,3099.75,251236199.0,83030000000.0
2020-09-30,3111.2,3114.45,3069.35,3080.95,267093433.0,94666100000.0
2020-10-01,3106.6,3112.25,3092.2,3101.15,221714507.0,69753900000.0
2020-10-05,3111.95,3116.2,3081.65,3085.25,204304252.0,67952400000.0
2020-10-06,3102.25,3105.9,3083.7,3096.6,191816205.0,65483800000.0
2020-10-07,3105.1,3130.1,3092.2,3108.55,281485872.0,114751299999.99998
2020-10-08,3119.05,3120.95,3093.3,3108.45,213785666.0,74759500000.0
2020-10-09,3113.65,3126.65,3108.75,3119.1,227984689.0,81983300000.0
2020-10-12,3129.25,3142.9,3093.75,3100.4,183187089.0,63844300000.0
2020-10-13,3109.35,3131.5,3099.05,3108.5,206567687.0,90862900000.00002
2020-10-14,3104.95,3116.0,3075.45,3109.75,256258033.0,83595200000.0
2020-10-15,3113.2,3127.0,3035.95,3044.15,281457474.0,83115900000.0
2020-10-16,3060.25,3082.6,3048.15,3075.65,259421198.0,76129900000.0
2020-10-19,3092.05,3098.7,3074.65,3090.75,239769304.0,83778000000.0
2020-10-20,3098.75,3114.55,3090.1,3093.15,234262501.0,89035800000.0
2020-10-21,3112.2,3136.3,3077.9,3122.05,296459935.0,108431299999.99998
2020-10-22,3118.2,3149.3,3110.05,3145.1,319669604.0,103095700000.0
2020-10-23,3157.45,3166.75,3146.5,3152.4,318071761.0,88593100000.0
2020-10-26,3157.65,3163.3,3102.0,3113.2,250714093.0,91302600000.0
2020-10-27,3124.7,3163.0,3104.15,3157.75,340103945.0,116234500000.0
2020-10-28,3176.4,3202.4,3134.05,3141.6,362462366.0,135606900000.0
2020-10-29,3107.3,3135.65,3101.65,3124.4,272563586.0,95599400000.0
2020-10-30,3135.5,3162.15,3104.05,3129.65,345950504.0,112582000000.0
2020-11-02,3129.15,3130.35,3092.2,3098.7,279361058,144995400000.0
2020-11-03,3121.3,3128.15,3095.65,3110.25,354943905,143900500000.0
2020-11-04,3103.6,3126.95,3086.0,3120.15,250093101,119703799999.99998
2020-11-05,3159.55,3185.55,3145.35,3183.05,316379958,103204100000.0
2020-11-06,3194.4,3206.45,3183.6,3189.85,266712243,120263900000.0
2020-11-09,3223.25,3248.15,3213.3,3243.65,267497251,100324599999.99998
2020-11-10,3267.55,3308.7,3252.15,3305.75,368945951,124482500000.0
2020-11-11,3314.45,3345.2,3289.5,3338.85,368405363,143173000000.0
2020-11-12,3334.15,3349.45,3320.6,3344.1,261755405,109312500000.0
2020-11-13,3331.6,3358.5,3324.4,3355.3,225332792,126782300000.0
2020-11-14,3383.3,3385.15,3365.25,3375.55,61371706,21281900000.0
2020-11-17,3415.3,3415.4,3384.3,3390.45,326236474,131908700000.00002
2020-11-18,3389.35,3425.85,3384.55,3421.5,332896064,117218900000.0
2020-11-19,3396.55,3454.1,3379.9,3390.05,368684376,121895400000.00002
2020-11-20,3406.3,3422.8,3372.2,3405.3,382626247,142445400000.0
2020-11-23,3438.15,3446.55,3421.85,3436.5,339287564,114896600000.0
2020-11-24,3452.4,3466.65,3439.7,3446.0,293333526,105060800000.0
2020-11-25,3465.85,3474.55,3399.95,3407.35,404987443,112163400000.0
2020-11-26,3426.3,3441.5,3393.7,3431.6,288831863,115076900000.0
2020-11-27,3443.65,3457.5,3396.1,3424.75,690997767,246987900000.0
2020-12-01,3458.15,3480.45,3435.05,3476.85,410162370,111193100000.0
2020-12-02,3487.1,3504.55,3464.1,3501.8,547867801,137951200000.0
2020-12-03,3532.55,3536.5,3507.7,3528.55,448744442,124129900000.0
2020-12-04,3553.15,3578.8,3535.9,3565.9,420888741,131233799999.99998
2020-12-07,3578.0,3608.15,3571.2,3604.3,319006168,99523799999.99998
2020-12-08,3621.5,3636.15,3579.15,3607.2,306612532,121509200000.0
2020-12-09,3628.75,3634.35,3616.2,3623.45,297354380,102999800000.0
2020-12-10,3618.6,3622.05,3572.7,3600.1,242150941,82509500000.0
2020-12-11,3613.4,3644.35,3581.45,3618.15,499088864,124409599999.99998
2020-12-14,3635.45,3659.1,3632.0,3652.0,341447808,101808400000.0
2020-12-15,3660.5,3660.5,3615.65,3652.45,296785549,101235600000.0
2020-12-16,3677.6,3686.5,3660.9,3682.7,385256249,106754300000.0
2020-12-17,3694.05,3698.85,3667.2,3676.35,274107922,91700000000.0
2020-12-18,3676.35,3683.75,3643.05,3666.9,298380035,94308700000.00002
2020-12-21,3663.7,3681.65,3402.65,3511.5,425879323,148731600000.0
2020-12-22,3513.55,3575.0,3452.2,3562.45,409394497,120920900000.0
2020-12-23,3563.05,3590.75,3540.95,3584.85,246715636,79954200000.0
2020-12-24,3620.05,3636.0,3591.75,3620.95,273542231,87905300000.0
2020-12-28,3643.7,3659.9,3641.0,3656.35,209038894,72341300000.0
2020-12-29,3669.15,3674.45,3619.45,3645.45,207794276,74422200000.0
2020-12-30,3656.75,3675.2,3626.9,3669.25,199960920,80298700000.0
2020-12-31,3668.0,3677.9,3644.1,3650.95,252766612,84532700000.0
2021-01-01,3656.25,3678.45,3651.7,3674.2,154089006,51063500000.0
2021-01-04,3695.65,3718.8,3674.7,3716.1,317943503,101231200000.00002
2021-01-05,3696.5,3710.85,3680.95,3706.7,290631072,94631900000.0
2021-01-06,3720.65,3739.35,3686.8,3728.9,393202647,138873300000.0
2021-01-07,3757.65,3791.4,3754.5,3767.1,340610158,125800900000.0
2021-01-08,3792.6,3837.9,3788.9,3833.45,339380545,116308900000.0
2021-01-11,3844.5,3848.7,3805.5,3819.35,276150547,103305700000.0
2021-01-12,3822.75,3883.65,3812.5,3878.25,464755348,157835900000.0
2021-01-13,3910.95,3943.5,3848.5,3894.7,510141795,173488600000.0
2021-01-14,3911.75,3928.4,3888.0,3922.6,276152471,96695200000.0
2021-01-15,3946.05,3955.8,3857.75,3890.45,346071091,124805200000.0
2021-01-18,3889.9,3892.15,3802.55,3840.2,319821074,114796700000.0
2021-01-19,3859.05,3919.95,3858.25,3912.85,278573543,109086500000.0
2021-01-20,3918.75,3946.3,3901.6,3941.9,235524699,103137300000.0
2021-01-21,3971.85,3975.25,3879.2,3905.5,274631522,123335400000.00002
2021-01-22,3913.35,3928.5,3850.6,3863.95,339920467,120115500000.0
2021-01-25,3893.7,3896.3,3794.35,3801.75,315893035,157646800000.0
2021-01-27,3797.25,3803.85,3741.9,3748.5,341437420,139042700000.0
2021-01-28,3715.9,3761.3,3712.7,3743.2,284975607,102380600000.0
2021-01-29,3777.4,3791.75,3660.0,3671.85,370576863,133437000000.0
2021-02-01,3704.3,3864.8,3672.35,3853.4,382367179,136659300000.0
2021-02-02,3900.15,4002.2,3897.55,3989.0,397035447,168625600000.0
2021-02-03,4011.75,4047.75,3978.7,4017.25,415379075,143849600000.0
2021-02-04,4019.8,4063.7,4004.2,4048.4,485805872,152343700000.0
2021-02-05,4069.1,4072.55,4011.2,4020.7,404454861,123307099999.99998
2021-02-08,4043.05,4114.05,4040.6,4100.65,395189854,125532200000.0
2021-02-09,4118.55,4145.6,4101.1,4113.65,351864190,125511800000.0
2021-02-10,4124.55,4130.6,4059.55,4103.85,336455212,131283600000.0
2021-02-11,4092.15,4138.55,4085.95,4134.2,253240027,136979100000.0
2021-02-12,4143.2,4146.0,4081.75,4108.1,322575140,141907300000.0
2021-02-15,4132.9,4150.05,4113.85,4133.85,243745155,102265700000.0
2021-02-16,4146.7,4200.6,4144.3,4177.6,376399510,133844700000.0
2021-02-17,4174.95,4209.65,4167.75,4195.35,350477886,131658600000.0
2021-02-18,4214.05,4233.1,4192.05,4204.25,592930109,159686100000.0
2021-02-19,4201.75,4231.5,4133.3,4159.85,516403387,154233800000.0
2021-02-22,4167.1,4173.7,4063.2,4077.15,311916125,117531900000.0
2021-02-23,4112.9,4149.9,4089.8,4123.05,416683237,132095600000.0
2021-02-24,4143.0,4187.6,4132.55,4182.3,194937346,65821100000.0
2021-02-25,4214.3,4275.55,4212.15,4262.05,490055085,152807500000.0
2021-02-26,4209.4,4247.05,4089.7,4110.35,690005001,283791500000.0
2021-03-01,4156.3,4183.0,4125.95,4175.1,355925922,120574599999.99998
2021-03-02,4210.3,4230.95,4179.3,4220.3,385746846,121401100000.0
2021-03-03,4260.4,4290.9,4238.05,4282.35,338802219,128991100000.0
2021-03-04,4238.1,4298.35,4231.35,4279.9,420179563,148161800000.0
2021-03-05,4263.05,4306.4,4221.45,4244.4,396119573,143340600000.0
2021-03-08,4263.7,4315.55,4258.4,4269.9,380038660,116153400000.0
2021-03-09,4292.95,4305.7,4198.15,4247.5,469991571,182201600000.0
2021-03-10,4278.65,4281.3,4234.4,4256.3,225822717,75713400000.0
2021-03-12,4287.5,4304.9,4209.0,4232.35,391704650,119253600000.0
2021-03-15,4249.9,4251.55,4147.2,4202.35,312408778,96468799999.99998
2021-03-16,4216.35,4238.6,4188.85,4198.05,244317886,88966000000.0
2021-03-17,4200.95,4204.75,4092.55,4100.75,289410746,97043100000.0
2021-03-18,4140.4,4156.4,4042.4,4067.65,347749384,104719100000.0
2021-03-19,4040.7,4141.4,3987.95,4131.5,573273555,188266400000.0
2021-03-22,4136.75,4140.1,4101.2,4133.75,305001367,111368700000.00002
2021-03-23,4139.6,4175.1,4133.25,4161.7,264768600,114580400000.00002
2021-03-24,4141.05,4157.15,4076.6,4082.95,248766452,95471400000.0
2021-03-25,4084.2,4086.85,3983.5,3994.0,341912795,110353600000.0
2021-03-26,4038.9,4057.35,4016.45,4043.05,282145219,91755500000.0
2021-03-30,4077.45,4114.05,4067.85,4104.85,345722771,107378799999.99998
2021-03-31,4100.4,4125.45,4082.75,4087.8,230231502,78715200000.0
2021-04-01,4117.5,4155.95,4093.4,4149.25,199042829,68454700000.0
2021-04-05,4138.05,4138.25,4027.8,4092.9,230392117,83742300000.0
2021-04-06,4110.1,4132.05,4073.25,4109.15,261919330,116458500000.0
2021-04-07,4129.95,4174.6,4119.95,4138.35,312359999,161741500000.0
2021-04-08,4158.45,4200.35,4154.8,4177.25,267285864,104575700000.0
2021-04-09,4179.05,4190.8,4139.0,4147.9,221528944,92294700000.0
2021-04-12,4088.25,4089.45,3937.55,3955.4,371004887,113675700000.0
2021-04-13,3975.05,4029.15,3967.15,4022.45,312413972,112182300000.0
2021-04-15,4028.05,4070.0,3969.45,4025.0,237395554,92490800000.0
2021-04-16,4018.1,4073.85,4016.0,4042.85,252742051,103097700000.0
2021-04-19,3955.85,3966.35,3926.3,3939.65,242904601,96117800000.0
2021-04-20,3983.55,4002.0,3911.3,3937.1,249274740,111085300000.0
2021-04-22,3909.15,3955.05,3890.3,3946.95,216557361,94210500000.0
2021-04-23,3941.3,3968.3,3909.85,3932.55,267291464,90696600000.0
2021-04-26,3957.15,3985.95,3954.3,3976.2,167396027,66182200000.0
2021-04-27,3983.45,4046.3,3979.95,4040.0,189318855,80194900000.0
2021-04-28,4060.5,4077.95,4047.65,4065.65,173924099,71106000000.0
2021-04-29,4101.75,4115.1,4056.25,4067.35,193408316,73133600000.0
2021-04-30,4040.9,4117.2,4031.6,4053.1,338981245,107754400000.0
2021-05-03,4013.5,4079.9,3997.75,4071.9,227939039,89904200000.0
2021-05-04,4093.45,4099.6,4034.5,4045.2,273513263,100768200000.0
2021-05-05,4071.45,4080.0,4045.95,4064.45,243347547,85531900000.0
2021-05-06,4079.2,4086.7,4056.7,4083.4,207698465,70429600000.0
2021-05-07,4101.95,4119.75,4095.5,4107.3,221608923,82965800000.0
2021-05-10,4134.05,4156.2,4125.4,4152.65,274411778,82722300000.0
2021-05-11,4121.6,4194.0,4111.9,4185.95,389143939,108023000000.0
2021-05-12,4191.25,4206.15,4127.3,4145.05,361560562,103738900000.0
2021-05-14,4168.7,4169.05,4083.8,4124.9,243895938,76664000000.0
2021-05-17,4146.1,4154.05,4106.0,4148.75,210659208,87825400000.00002
2021-05-18,4184.6,4204.7,4175.05,4198.05,311865750,101390100000.0
2021-05-19,4196.1,4218.35,4182.55,4191.05,300099388,99159100000.0
2021-05-20,4202.05,4207.75,4159.1,4166.85,228086495,71485800000.0
2021-05-21,4189.05,4204.05,4185.65,4194.65,244273830,77228500000.0
2021-05-24,4202.8,4226.05,4187.95,4213.15,302354966,95379900000.0
2021-05-25,4244.5,4244.5,4212.9,4216.25,279528161,95141000000.0
2021-05-26,4235.9,4237.15,4214.65,4217.5,203108876,70325300000.0
2021-05-27,4228.1,4243.05,4209.35,4230.05,342330071,151604800000.0
2021-05-28,4254.3,4296.85,4245.75,4280.65,219843426,118880600000.0
2021-05-31,4288.95,4336.55,4271.15,4327.9,245705996,130958900000.0
2021-06-01,4339.9,4363.3,4312.8,4332.55,212768890,89936000000.0
2021-06-02,4324.25,4370.45,4324.15,4364.05,214807173,102874500000.0
2021-06-03,4387.45,4419.95,4385.55,4414.45,257517360,101742700000.0
2021-06-04,4425.65,4446.7,4409.55,4432.65,247328947,87594800000.0
2021-06-07,4456.0,4517.75,4447.3,4505.15,336222763,129003600000.0
2021-06-08,4519.45,4520.4,4480.25,4506.3,299719248,94523600000.0
2021-06-09,4521.6,4530.0,4429.65,4455.7,662167333,158918200000.0
2021-06-10,4485.75,4497.35,4467.15,4473.05,324658969,92932900000.00002
2021-06-11,4491.65,4513.3,4455.9,4471.9,260605211,83958000000.0
2021-06-14,4457.55,4478.6,4374.3,4472.35,326668683,138964700000.0
2021-06-15,4496.9,4499.1,4469.35,4475.9,226755380,95671800000.0
2021-06-16,4473.4,4477.5,4410.1,4422.4,282224132,88852099999.99998
2021-06-17,4396.4,4435.2,4369.05,4391.05,294300271,119462500000.0
2021-06-18,4404.1,4406.5,4292.2,4376.65,470265562,167168600000.0
2021-06-21,4337.05,4412.4,4331.35,4407.1,247093527,94626400000.0
2021-06-22,4434.7,4461.55,4419.75,4425.8,222558623,94060000000.0
2021-06-23,4450.95,4451.15,4388.7,4392.65,175262163,79497400000.0
2021-06-24,4403.05,4405.75,4357.9,4367.1,207103957,152703400000.0
2021-06-25,4385.2,4385.25,4349.8,4371.5,271396828,122293700000.00002
2021-06-28,4395.65,4395.95,4356.75,4362.1,169285019,72329800000.0
2021-06-29,4363.45,4384.55,4340.45,4350.05,226235451,90625800000.0
2021-06-30,4363.0,4370.95,4334.9,4339.25,169132292,70221600000.0
2021-07-01,4348.75,4352.75,4321.3,4327.35,149405644,58035100000.0
